case_id,case_name,weight_label,weights_dl,weights_ml,weights_url,threshold,accuracy,precision,recall,specificity,f1,youden_j,fpr,fnr,cost_index,tp,tn,fp,fn,total_samples
Case 1,Text Only (No URL),100% DL (Pure DL),1.0,0.0,0.0,0.1,0.9418,0.8759,0.9809,0.9191,0.9254,0.9,0.0809,0.0191,0.0862,1440,2317,204,28,3989
Case 1,Text Only (No URL),100% DL (Pure DL),1.0,0.0,0.0,0.15,0.9514,0.8981,0.9789,0.9353,0.9368,0.9142,0.0647,0.0211,0.0797,1437,2358,163,31,3989
Case 1,Text Only (No URL),100% DL (Pure DL),1.0,0.0,0.0,0.2,0.9559,0.9109,0.9755,0.9445,0.9421,0.9199,0.0555,0.0245,0.0802,1432,2381,140,36,3989
Case 1,Text Only (No URL),100% DL (Pure DL),1.0,0.0,0.0,0.25,0.9584,0.9189,0.9728,0.95,0.9451,0.9228,0.05,0.0272,0.0817,1428,2395,126,40,3989
Case 1,Text Only (No URL),100% DL (Pure DL),1.0,0.0,0.0,0.3,0.9599,0.9236,0.9714,0.9532,0.9469,0.9246,0.0468,0.0286,0.0822,1426,2403,118,42,3989
Case 1,Text Only (No URL),100% DL (Pure DL),1.0,0.0,0.0,0.35,0.9596,0.9252,0.9687,0.9544,0.9464,0.923,0.0456,0.0313,0.0865,1422,2406,115,46,3989
Case 1,Text Only (No URL),100% DL (Pure DL),1.0,0.0,0.0,0.4,0.9596,0.928,0.9653,0.9564,0.9462,0.9216,0.0436,0.0347,0.0915,1417,2411,110,51,3989
Case 1,Text Only (No URL),100% DL (Pure DL),1.0,0.0,0.0,0.45,0.9611,0.9322,0.9646,0.9591,0.9481,0.9237,0.0409,0.0354,0.091,1416,2418,103,52,3989
Case 1,Text Only (No URL),100% DL (Pure DL),1.0,0.0,0.0,0.5,0.9621,0.9387,0.9598,0.9635,0.9491,0.9233,0.0365,0.0402,0.097,1409,2429,92,59,3989
Case 1,Text Only (No URL),100% DL (Pure DL),1.0,0.0,0.0,0.55,0.9619,0.9404,0.9571,0.9647,0.9487,0.9218,0.0353,0.0429,0.1013,1405,2432,89,63,3989
Case 1,Text Only (No URL),100% DL (Pure DL),1.0,0.0,0.0,0.6,0.9626,0.9429,0.9564,0.9663,0.9496,0.9227,0.0337,0.0436,0.1015,1404,2436,85,64,3989
Case 1,Text Only (No URL),100% DL (Pure DL),1.0,0.0,0.0,0.65,0.9629,0.9453,0.9544,0.9679,0.9498,0.9222,0.0321,0.0456,0.1043,1401,2440,81,67,3989
Case 1,Text Only (No URL),100% DL (Pure DL),1.0,0.0,0.0,0.7,0.9624,0.9483,0.9496,0.9699,0.9489,0.9194,0.0301,0.0504,0.1118,1394,2445,76,74,3989
Case 1,Text Only (No URL),100% DL (Pure DL),1.0,0.0,0.0,0.75,0.9634,0.9565,0.9435,0.975,0.9499,0.9185,0.025,0.0565,0.1198,1385,2458,63,83,3989
Case 1,Text Only (No URL),100% DL (Pure DL),1.0,0.0,0.0,0.8,0.9649,0.965,0.9387,0.9802,0.9517,0.9189,0.0198,0.0613,0.1253,1378,2471,50,90,3989
Case 1,Text Only (No URL),100% DL (Pure DL),1.0,0.0,0.0,0.85,0.9664,0.9744,0.9332,0.9857,0.9534,0.919,0.0143,0.0668,0.1319,1370,2485,36,98,3989
Case 1,Text Only (No URL),100% DL (Pure DL),1.0,0.0,0.0,0.9,0.9644,0.9777,0.9244,0.9877,0.9503,0.9121,0.0123,0.0756,0.1469,1357,2490,31,111,3989
Case 1,Text Only (No URL),90% DL / 10% ML,0.9,0.1,0.0,0.1,0.9446,0.8745,0.9918,0.9171,0.9295,0.9089,0.0829,0.0082,0.0674,1456,2312,209,12,3989
Case 1,Text Only (No URL),90% DL / 10% ML,0.9,0.1,0.0,0.15,0.9516,0.8967,0.9816,0.9342,0.9372,0.9158,0.0658,0.0184,0.0755,1441,2355,166,27,3989
Case 1,Text Only (No URL),90% DL / 10% ML,0.9,0.1,0.0,0.2,0.9574,0.9108,0.9802,0.9441,0.9442,0.9243,0.0559,0.0198,0.0717,1439,2380,141,29,3989
Case 1,Text Only (No URL),90% DL / 10% ML,0.9,0.1,0.0,0.25,0.9581,0.9183,0.9728,0.9496,0.9448,0.9224,0.0504,0.0272,0.082,1428,2394,127,40,3989
Case 1,Text Only (No URL),90% DL / 10% ML,0.9,0.1,0.0,0.3,0.9604,0.9237,0.9728,0.9532,0.9476,0.9259,0.0468,0.0272,0.0797,1428,2403,118,40,3989
Case 1,Text Only (No URL),90% DL / 10% ML,0.9,0.1,0.0,0.35,0.9606,0.9254,0.9714,0.9544,0.9478,0.9258,0.0456,0.0286,0.0815,1426,2406,115,42,3989
Case 1,Text Only (No URL),90% DL / 10% ML,0.9,0.1,0.0,0.4,0.9611,0.9282,0.9693,0.9564,0.9484,0.9257,0.0436,0.0307,0.084,1423,2411,110,45,3989
Case 1,Text Only (No URL),90% DL / 10% ML,0.9,0.1,0.0,0.45,0.9629,0.9365,0.9646,0.9619,0.9503,0.9265,0.0381,0.0354,0.0892,1416,2425,96,52,3989
Case 1,Text Only (No URL),90% DL / 10% ML,0.9,0.1,0.0,0.5,0.9642,0.9402,0.9639,0.9643,0.9519,0.9282,0.0357,0.0361,0.089,1415,2431,90,53,3989
Case 1,Text Only (No URL),90% DL / 10% ML,0.9,0.1,0.0,0.55,0.9629,0.9424,0.9578,0.9659,0.95,0.9237,0.0341,0.0422,0.0993,1406,2435,86,62,3989
Case 1,Text Only (No URL),90% DL / 10% ML,0.9,0.1,0.0,0.6,0.9634,0.9448,0.9564,0.9675,0.9506,0.9239,0.0325,0.0436,0.1008,1404,2439,82,64,3989
Case 1,Text Only (No URL),90% DL / 10% ML,0.9,0.1,0.0,0.65,0.9659,0.9537,0.9537,0.973,0.9537,0.9267,0.027,0.0463,0.1023,1400,2453,68,68,3989
Case 1,Text Only (No URL),90% DL / 10% ML,0.9,0.1,0.0,0.7,0.9672,0.9595,0.951,0.9766,0.9552,0.9276,0.0234,0.049,0.105,1396,2462,59,72,3989
Case 1,Text Only (No URL),90% DL / 10% ML,0.9,0.1,0.0,0.75,0.9669,0.9658,0.9435,0.9806,0.9545,0.924,0.0194,0.0565,0.1163,1385,2472,49,83,3989
Case 1,Text Only (No URL),90% DL / 10% ML,0.9,0.1,0.0,0.8,0.9687,0.9752,0.9387,0.9861,0.9566,0.9248,0.0139,0.0613,0.1216,1378,2486,35,90,3989
Case 1,Text Only (No URL),90% DL / 10% ML,0.9,0.1,0.0,0.85,0.9677,0.9786,0.9326,0.9881,0.955,0.9207,0.0119,0.0674,0.1316,1369,2491,30,99,3989
Case 1,Text Only (No URL),90% DL / 10% ML,0.9,0.1,0.0,0.9,0.9644,0.9854,0.9169,0.9921,0.9499,0.909,0.0079,0.0831,0.1579,1346,2501,20,122,3989
Case 1,Text Only (No URL),80% DL / 20% ML,0.8,0.2,0.0,0.1,0.9378,0.858,0.9959,0.904,0.9218,0.8999,0.096,0.0041,0.0682,1462,2279,242,6,3989
Case 1,Text Only (No URL),80% DL / 20% ML,0.8,0.2,0.0,0.15,0.9536,0.8928,0.9932,0.9306,0.9403,0.9238,0.0694,0.0068,0.0564,1458,2346,175,10,3989
Case 1,Text Only (No URL),80% DL / 20% ML,0.8,0.2,0.0,0.2,0.9604,0.9089,0.9918,0.9421,0.9485,0.9339,0.0579,0.0082,0.0516,1456,2375,146,12,3989
Case 1,Text Only (No URL),80% DL / 20% ML,0.8,0.2,0.0,0.25,0.9594,0.9181,0.9768,0.9492,0.9465,0.9261,0.0508,0.0232,0.0747,1434,2393,128,34,3989
Case 1,Text Only (No URL),80% DL / 20% ML,0.8,0.2,0.0,0.3,0.9609,0.9238,0.9741,0.9532,0.9483,0.9273,0.0468,0.0259,0.0772,1430,2403,118,38,3989
Case 1,Text Only (No URL),80% DL / 20% ML,0.8,0.2,0.0,0.35,0.9624,0.9285,0.9728,0.9564,0.9501,0.9291,0.0436,0.0272,0.0777,1428,2411,110,40,3989
Case 1,Text Only (No URL),80% DL / 20% ML,0.8,0.2,0.0,0.4,0.9634,0.9326,0.9707,0.9591,0.9513,0.9299,0.0409,0.0293,0.0797,1425,2418,103,43,3989
Case 1,Text Only (No URL),80% DL / 20% ML,0.8,0.2,0.0,0.45,0.9647,0.9391,0.9666,0.9635,0.9527,0.9301,0.0365,0.0334,0.0845,1419,2429,92,49,3989
Case 1,Text Only (No URL),80% DL / 20% ML,0.8,0.2,0.0,0.5,0.9644,0.9414,0.9632,0.9651,0.9522,0.9283,0.0349,0.0368,0.0897,1414,2433,88,54,3989
Case 1,Text Only (No URL),80% DL / 20% ML,0.8,0.2,0.0,0.55,0.9649,0.9444,0.9612,0.9671,0.9527,0.9282,0.0329,0.0388,0.0923,1411,2438,83,57,3989
Case 1,Text Only (No URL),80% DL / 20% ML,0.8,0.2,0.0,0.6,0.9674,0.9551,0.9564,0.9738,0.9558,0.9302,0.0262,0.0436,0.0968,1404,2455,66,64,3989
Case 1,Text Only (No URL),80% DL / 20% ML,0.8,0.2,0.0,0.65,0.9687,0.9602,0.9544,0.977,0.9573,0.9314,0.023,0.0456,0.0985,1401,2463,58,67,3989
Case 1,Text Only (No URL),80% DL / 20% ML,0.8,0.2,0.0,0.7,0.9719,0.9721,0.951,0.9841,0.9614,0.9351,0.0159,0.049,0.1003,1396,2481,40,72,3989
Case 1,Text Only (No URL),80% DL / 20% ML,0.8,0.2,0.0,0.75,0.9707,0.976,0.9435,0.9865,0.9595,0.93,0.0135,0.0565,0.1126,1385,2487,34,83,3989
Case 1,Text Only (No URL),80% DL / 20% ML,0.8,0.2,0.0,0.8,0.9707,0.9808,0.9387,0.9893,0.9593,0.928,0.0107,0.0613,0.1196,1378,2494,27,90,3989
Case 1,Text Only (No URL),80% DL / 20% ML,0.8,0.2,0.0,0.85,0.9662,0.9869,0.9203,0.9929,0.9524,0.9132,0.0071,0.0797,0.1512,1351,2503,18,117,3989
Case 1,Text Only (No URL),80% DL / 20% ML,0.8,0.2,0.0,0.9,0.9589,0.9917,0.8958,0.9956,0.9413,0.8914,0.0044,0.1042,0.1945,1315,2510,11,153,3989
Case 1,Text Only (No URL),75% DL / 25% ML,0.75,0.25,0.0,0.1,0.9323,0.8466,0.9966,0.8949,0.9155,0.8915,0.1051,0.0034,0.0727,1463,2256,265,5,3989
Case 1,Text Only (No URL),75% DL / 25% ML,0.75,0.25,0.0,0.15,0.9521,0.8881,0.9952,0.927,0.9386,0.9222,0.073,0.0048,0.0549,1461,2337,184,7,3989
Case 1,Text Only (No URL),75% DL / 25% ML,0.75,0.25,0.0,0.2,0.9604,0.9084,0.9925,0.9417,0.9486,0.9342,0.0583,0.0075,0.0506,1457,2374,147,11,3989
Case 1,Text Only (No URL),75% DL / 25% ML,0.75,0.25,0.0,0.25,0.9591,0.9159,0.9789,0.9476,0.9463,0.9265,0.0524,0.0211,0.0719,1437,2389,132,31,3989
Case 1,Text Only (No URL),75% DL / 25% ML,0.75,0.25,0.0,0.3,0.9611,0.9238,0.9748,0.9532,0.9486,0.928,0.0468,0.0252,0.076,1431,2403,118,37,3989
Case 1,Text Only (No URL),75% DL / 25% ML,0.75,0.25,0.0,0.35,0.9626,0.9291,0.9728,0.9568,0.9504,0.9295,0.0432,0.0272,0.0775,1428,2412,109,40,3989
Case 1,Text Only (No URL),75% DL / 25% ML,0.75,0.25,0.0,0.4,0.9649,0.9346,0.9728,0.9603,0.9533,0.9331,0.0397,0.0272,0.0752,1428,2421,100,40,3989
Case 1,Text Only (No URL),75% DL / 25% ML,0.75,0.25,0.0,0.45,0.9657,0.9404,0.968,0.9643,0.954,0.9323,0.0357,0.032,0.0815,1421,2431,90,47,3989
Case 1,Text Only (No URL),75% DL / 25% ML,0.75,0.25,0.0,0.5,0.9647,0.942,0.9632,0.9655,0.9525,0.9287,0.0345,0.0368,0.0895,1414,2434,87,54,3989
Case 1,Text Only (No URL),75% DL / 25% ML,0.75,0.25,0.0,0.55,0.9667,0.9483,0.9619,0.9695,0.955,0.9313,0.0305,0.0381,0.0895,1412,2444,77,56,3989
Case 1,Text Only (No URL),75% DL / 25% ML,0.75,0.25,0.0,0.6,0.9689,0.959,0.9564,0.9762,0.9577,0.9326,0.0238,0.0436,0.0953,1404,2461,60,64,3989
Case 1,Text Only (No URL),75% DL / 25% ML,0.75,0.25,0.0,0.65,0.9727,0.9702,0.955,0.9829,0.9626,0.938,0.0171,0.045,0.0935,1402,2478,43,66,3989
Case 1,Text Only (No URL),75% DL / 25% ML,0.75,0.25,0.0,0.7,0.9727,0.9748,0.9503,0.9857,0.9624,0.936,0.0143,0.0497,0.1005,1395,2485,36,73,3989
Case 1,Text Only (No URL),75% DL / 25% ML,0.75,0.25,0.0,0.75,0.9714,0.9788,0.9428,0.9881,0.9604,0.9309,0.0119,0.0572,0.1128,1384,2491,30,84,3989
Case 1,Text Only (No URL),75% DL / 25% ML,0.75,0.25,0.0,0.8,0.9692,0.9849,0.9305,0.9917,0.9569,0.9222,0.0083,0.0695,0.1331,1366,2500,21,102,3989
Case 1,Text Only (No URL),75% DL / 25% ML,0.75,0.25,0.0,0.85,0.9647,0.9897,0.9135,0.9944,0.9501,0.9079,0.0056,0.0865,0.1627,1341,2507,14,127,3989
Case 1,Text Only (No URL),75% DL / 25% ML,0.75,0.25,0.0,0.9,0.9531,0.9923,0.8794,0.996,0.9325,0.8755,0.004,0.1206,0.2244,1291,2511,10,177,3989
Case 1,Text Only (No URL),66.7% DL / 33.3% ML (Current Backend Baseline),0.6667,0.3333,0.0,0.1,0.9213,0.8249,0.998,0.8766,0.9032,0.8746,0.1234,0.002,0.0817,1465,2210,311,3,3989
Case 1,Text Only (No URL),66.7% DL / 33.3% ML (Current Backend Baseline),0.6667,0.3333,0.0,0.15,0.9476,0.8781,0.9959,0.9195,0.9333,0.9154,0.0805,0.0041,0.0584,1462,2318,203,6,3989
Case 1,Text Only (No URL),66.7% DL / 33.3% ML (Current Backend Baseline),0.6667,0.3333,0.0,0.2,0.9591,0.9035,0.9952,0.9381,0.9472,0.9334,0.0619,0.0048,0.0479,1461,2365,156,7,3989
Case 1,Text Only (No URL),66.7% DL / 33.3% ML (Current Backend Baseline),0.6667,0.3333,0.0,0.25,0.9619,0.9138,0.9898,0.9457,0.9503,0.9354,0.0543,0.0102,0.0531,1453,2384,137,15,3989
Case 1,Text Only (No URL),66.7% DL / 33.3% ML (Current Backend Baseline),0.6667,0.3333,0.0,0.3,0.9667,0.926,0.9884,0.954,0.9562,0.9424,0.046,0.0116,0.0504,1451,2405,116,17,3989
Case 1,Text Only (No URL),66.7% DL / 33.3% ML (Current Backend Baseline),0.6667,0.3333,0.0,0.35,0.9637,0.9293,0.9755,0.9568,0.9518,0.9322,0.0432,0.0245,0.0724,1432,2412,109,36,3989
Case 1,Text Only (No URL),66.7% DL / 33.3% ML (Current Backend Baseline),0.6667,0.3333,0.0,0.4,0.9664,0.9382,0.9728,0.9627,0.9552,0.9355,0.0373,0.0272,0.0737,1428,2427,94,40,3989
Case 1,Text Only (No URL),66.7% DL / 33.3% ML (Current Backend Baseline),0.6667,0.3333,0.0,0.45,0.9672,0.9424,0.97,0.9655,0.956,0.9355,0.0345,0.03,0.077,1424,2434,87,44,3989
Case 1,Text Only (No URL),66.7% DL / 33.3% ML (Current Backend Baseline),0.6667,0.3333,0.0,0.5,0.9677,0.9484,0.9646,0.9695,0.9564,0.934,0.0305,0.0354,0.0845,1416,2444,77,52,3989
Case 1,Text Only (No URL),66.7% DL / 33.3% ML (Current Backend Baseline),0.6667,0.3333,0.0,0.55,0.9712,0.9593,0.9625,0.9762,0.9609,0.9387,0.0238,0.0375,0.084,1413,2461,60,55,3989
Case 1,Text Only (No URL),66.7% DL / 33.3% ML (Current Backend Baseline),0.6667,0.3333,0.0,0.6,0.9744,0.971,0.9591,0.9833,0.965,0.9425,0.0167,0.0409,0.0857,1408,2479,42,60,3989
Case 1,Text Only (No URL),66.7% DL / 33.3% ML (Current Backend Baseline),0.6667,0.3333,0.0,0.65,0.9739,0.9736,0.955,0.9849,0.9642,0.94,0.0151,0.045,0.0923,1402,2483,38,66,3989
Case 1,Text Only (No URL),66.7% DL / 33.3% ML (Current Backend Baseline),0.6667,0.3333,0.0,0.7,0.9739,0.9803,0.9482,0.9889,0.964,0.9371,0.0111,0.0518,0.1023,1392,2493,28,76,3989
Case 1,Text Only (No URL),66.7% DL / 33.3% ML (Current Backend Baseline),0.6667,0.3333,0.0,0.75,0.9707,0.9856,0.9339,0.9921,0.9591,0.926,0.0079,0.0661,0.1266,1371,2501,20,97,3989
Case 1,Text Only (No URL),66.7% DL / 33.3% ML (Current Backend Baseline),0.6667,0.3333,0.0,0.8,0.9664,0.9876,0.9203,0.9933,0.9528,0.9136,0.0067,0.0797,0.1509,1351,2504,17,117,3989
Case 1,Text Only (No URL),66.7% DL / 33.3% ML (Current Backend Baseline),0.6667,0.3333,0.0,0.85,0.9614,0.9918,0.9026,0.9956,0.9451,0.8982,0.0044,0.0974,0.182,1325,2510,11,143,3989
Case 1,Text Only (No URL),66.7% DL / 33.3% ML (Current Backend Baseline),0.6667,0.3333,0.0,0.9,0.9479,0.993,0.8644,0.9964,0.9243,0.8609,0.0036,0.1356,0.2517,1269,2512,9,199,3989
Case 1,Text Only (No URL),60% DL / 40% ML,0.6,0.4,0.0,0.1,0.9138,0.8108,0.9986,0.8643,0.895,0.863,0.1357,0.0014,0.0882,1466,2179,342,2,3989
Case 1,Text Only (No URL),60% DL / 40% ML,0.6,0.4,0.0,0.15,0.9423,0.8667,0.9966,0.9107,0.9271,0.9073,0.0893,0.0034,0.0627,1463,2296,225,5,3989
Case 1,Text Only (No URL),60% DL / 40% ML,0.6,0.4,0.0,0.2,0.9561,0.8969,0.9952,0.9334,0.9435,0.9286,0.0666,0.0048,0.0509,1461,2353,168,7,3989
Case 1,Text Only (No URL),60% DL / 40% ML,0.6,0.4,0.0,0.25,0.9614,0.9122,0.9905,0.9445,0.9497,0.9349,0.0555,0.0095,0.0526,1454,2381,140,14,3989
Case 1,Text Only (No URL),60% DL / 40% ML,0.6,0.4,0.0,0.3,0.9667,0.9254,0.9891,0.9536,0.9562,0.9427,0.0464,0.0109,0.0494,1452,2404,117,16,3989
Case 1,Text Only (No URL),60% DL / 40% ML,0.6,0.4,0.0,0.35,0.9692,0.9336,0.9864,0.9591,0.9593,0.9455,0.0409,0.0136,0.0509,1448,2418,103,20,3989
Case 1,Text Only (No URL),60% DL / 40% ML,0.6,0.4,0.0,0.4,0.9677,0.939,0.9755,0.9631,0.9569,0.9386,0.0369,0.0245,0.0684,1432,2428,93,36,3989
Case 1,Text Only (No URL),60% DL / 40% ML,0.6,0.4,0.0,0.45,0.9672,0.943,0.9693,0.9659,0.956,0.9352,0.0341,0.0307,0.078,1423,2435,86,45,3989
Case 1,Text Only (No URL),60% DL / 40% ML,0.6,0.4,0.0,0.5,0.9712,0.9556,0.9666,0.9738,0.9611,0.9404,0.0262,0.0334,0.078,1419,2455,66,49,3989
Case 1,Text Only (No URL),60% DL / 40% ML,0.6,0.4,0.0,0.55,0.9757,0.9698,0.9639,0.9825,0.9669,0.9464,0.0175,0.0361,0.0775,1415,2477,44,53,3989
Case 1,Text Only (No URL),60% DL / 40% ML,0.6,0.4,0.0,0.6,0.9757,0.9737,0.9598,0.9849,0.9667,0.9447,0.0151,0.0402,0.0835,1409,2483,38,59,3989
Case 1,Text Only (No URL),60% DL / 40% ML,0.6,0.4,0.0,0.65,0.9744,0.9776,0.9523,0.9873,0.9648,0.9396,0.0127,0.0477,0.0958,1398,2489,32,70,3989
Case 1,Text Only (No URL),60% DL / 40% ML,0.6,0.4,0.0,0.7,0.9732,0.985,0.9414,0.9917,0.9627,0.9331,0.0083,0.0586,0.1131,1382,2500,21,86,3989
Case 1,Text Only (No URL),60% DL / 40% ML,0.6,0.4,0.0,0.75,0.9692,0.9863,0.9292,0.9925,0.9569,0.9216,0.0075,0.0708,0.1351,1364,2502,19,104,3989
Case 1,Text Only (No URL),60% DL / 40% ML,0.6,0.4,0.0,0.8,0.9654,0.9897,0.9155,0.9944,0.9512,0.91,0.0056,0.0845,0.1589,1344,2507,14,124,3989
Case 1,Text Only (No URL),60% DL / 40% ML,0.6,0.4,0.0,0.85,0.9566,0.9924,0.889,0.996,0.9378,0.885,0.004,0.111,0.2068,1305,2511,10,163,3989
Case 1,Text Only (No URL),60% DL / 40% ML,0.6,0.4,0.0,0.9,0.9428,0.9936,0.8501,0.9968,0.9163,0.847,0.0032,0.1499,0.2778,1248,2513,8,220,3989
Case 1,Text Only (No URL),50% DL / 50% ML (Equal Weight),0.5,0.5,0.0,0.1,0.895,0.7785,0.9986,0.8346,0.875,0.8332,0.1654,0.0014,0.107,1466,2104,417,2,3989
Case 1,Text Only (No URL),50% DL / 50% ML (Equal Weight),0.5,0.5,0.0,0.15,0.9348,0.8508,0.998,0.8981,0.9185,0.896,0.1019,0.002,0.0682,1465,2264,257,3,3989
Case 1,Text Only (No URL),50% DL / 50% ML (Equal Weight),0.5,0.5,0.0,0.2,0.9524,0.8882,0.9959,0.927,0.939,0.9229,0.073,0.0041,0.0536,1462,2337,184,6,3989
Case 1,Text Only (No URL),50% DL / 50% ML (Equal Weight),0.5,0.5,0.0,0.25,0.9586,0.9039,0.9932,0.9385,0.9464,0.9317,0.0615,0.0068,0.0514,1458,2366,155,10,3989
Case 1,Text Only (No URL),50% DL / 50% ML (Equal Weight),0.5,0.5,0.0,0.3,0.9659,0.9215,0.9918,0.9508,0.9554,0.9426,0.0492,0.0082,0.0461,1456,2397,124,12,3989
Case 1,Text Only (No URL),50% DL / 50% ML (Equal Weight),0.5,0.5,0.0,0.35,0.9709,0.935,0.9898,0.9599,0.9616,0.9497,0.0401,0.0102,0.0441,1453,2420,101,15,3989
Case 1,Text Only (No URL),50% DL / 50% ML (Equal Weight),0.5,0.5,0.0,0.4,0.9742,0.9458,0.9864,0.9671,0.9657,0.9535,0.0329,0.0136,0.0459,1448,2438,83,20,3989
Case 1,Text Only (No URL),50% DL / 50% ML (Equal Weight),0.5,0.5,0.0,0.45,0.9809,0.9659,0.983,0.9798,0.9743,0.9627,0.0202,0.017,0.0441,1443,2470,51,25,3989
Case 1,Text Only (No URL),50% DL / 50% ML (Equal Weight),0.5,0.5,0.0,0.5,0.9782,0.9707,0.97,0.9829,0.9704,0.953,0.0171,0.03,0.0659,1424,2478,43,44,3989
Case 1,Text Only (No URL),50% DL / 50% ML (Equal Weight),0.5,0.5,0.0,0.55,0.9769,0.9732,0.9639,0.9845,0.9685,0.9484,0.0155,0.0361,0.0762,1415,2482,39,53,3989
Case 1,Text Only (No URL),50% DL / 50% ML (Equal Weight),0.5,0.5,0.0,0.6,0.9757,0.977,0.9564,0.9869,0.9666,0.9433,0.0131,0.0436,0.0885,1404,2488,33,64,3989
Case 1,Text Only (No URL),50% DL / 50% ML (Equal Weight),0.5,0.5,0.0,0.65,0.9744,0.9837,0.9462,0.9909,0.9646,0.9371,0.0091,0.0538,0.1048,1389,2498,23,79,3989
Case 1,Text Only (No URL),50% DL / 50% ML (Equal Weight),0.5,0.5,0.0,0.7,0.9714,0.9864,0.9353,0.9925,0.9601,0.9277,0.0075,0.0647,0.1238,1373,2502,19,95,3989
Case 1,Text Only (No URL),50% DL / 50% ML (Equal Weight),0.5,0.5,0.0,0.75,0.9667,0.9883,0.9203,0.9937,0.9531,0.914,0.0063,0.0797,0.1507,1351,2505,16,117,3989
Case 1,Text Only (No URL),50% DL / 50% ML (Equal Weight),0.5,0.5,0.0,0.8,0.9619,0.991,0.9046,0.9952,0.9459,0.8999,0.0048,0.0954,0.1785,1328,2509,12,140,3989
Case 1,Text Only (No URL),50% DL / 50% ML (Equal Weight),0.5,0.5,0.0,0.85,0.9514,0.993,0.874,0.9964,0.9297,0.8704,0.0036,0.126,0.2341,1283,2512,9,185,3989
Case 1,Text Only (No URL),50% DL / 50% ML (Equal Weight),0.5,0.5,0.0,0.9,0.9356,0.9935,0.8304,0.9968,0.9046,0.8272,0.0032,0.1696,0.3141,1219,2513,8,249,3989
Case 1,Text Only (No URL),40% DL / 60% ML,0.4,0.6,0.0,0.1,0.8812,0.7564,0.9986,0.8128,0.8608,0.8114,0.1872,0.0014,0.1208,1466,2049,472,2,3989
Case 1,Text Only (No URL),40% DL / 60% ML,0.4,0.6,0.0,0.15,0.9273,0.8362,0.998,0.8862,0.9099,0.8841,0.1138,0.002,0.0757,1465,2234,287,3,3989
Case 1,Text Only (No URL),40% DL / 60% ML,0.4,0.6,0.0,0.2,0.9466,0.8755,0.9966,0.9175,0.9321,0.9141,0.0825,0.0034,0.0584,1463,2313,208,5,3989
Case 1,Text Only (No URL),40% DL / 60% ML,0.4,0.6,0.0,0.25,0.9574,0.9006,0.9939,0.9361,0.9449,0.93,0.0639,0.0061,0.0516,1459,2360,161,9,3989
Case 1,Text Only (No URL),40% DL / 60% ML,0.4,0.6,0.0,0.3,0.9652,0.9187,0.9932,0.9488,0.9545,0.942,0.0512,0.0068,0.0449,1458,2392,129,10,3989
Case 1,Text Only (No URL),40% DL / 60% ML,0.4,0.6,0.0,0.35,0.9752,0.9442,0.9911,0.9659,0.9671,0.957,0.0341,0.0089,0.0379,1455,2435,86,13,3989
Case 1,Text Only (No URL),40% DL / 60% ML,0.4,0.6,0.0,0.4,0.9809,0.9615,0.9877,0.977,0.9745,0.9647,0.023,0.0123,0.0371,1450,2463,58,18,3989
Case 1,Text Only (No URL),40% DL / 60% ML,0.4,0.6,0.0,0.45,0.9817,0.9678,0.983,0.981,0.9753,0.9639,0.019,0.017,0.0434,1443,2473,48,25,3989
Case 1,Text Only (No URL),40% DL / 60% ML,0.4,0.6,0.0,0.5,0.9822,0.9736,0.9782,0.9845,0.9759,0.9627,0.0155,0.0218,0.0499,1436,2482,39,32,3989
Case 1,Text Only (No URL),40% DL / 60% ML,0.4,0.6,0.0,0.55,0.9812,0.9813,0.9673,0.9893,0.9743,0.9566,0.0107,0.0327,0.0669,1420,2494,27,48,3989
Case 1,Text Only (No URL),40% DL / 60% ML,0.4,0.6,0.0,0.6,0.9759,0.9824,0.9516,0.9901,0.9668,0.9417,0.0099,0.0484,0.0953,1397,2496,25,71,3989
Case 1,Text Only (No URL),40% DL / 60% ML,0.4,0.6,0.0,0.65,0.9739,0.9844,0.9441,0.9913,0.9638,0.9354,0.0087,0.0559,0.1083,1386,2499,22,82,3989
Case 1,Text Only (No URL),40% DL / 60% ML,0.4,0.6,0.0,0.7,0.9702,0.9877,0.9305,0.9933,0.9583,0.9238,0.0067,0.0695,0.1321,1366,2504,17,102,3989
Case 1,Text Only (No URL),40% DL / 60% ML,0.4,0.6,0.0,0.75,0.9634,0.9904,0.9094,0.9948,0.9482,0.9042,0.0052,0.0906,0.17,1335,2508,13,133,3989
Case 1,Text Only (No URL),40% DL / 60% ML,0.4,0.6,0.0,0.8,0.9584,0.9917,0.8944,0.9956,0.9405,0.8901,0.0044,0.1056,0.197,1313,2510,11,155,3989
Case 1,Text Only (No URL),40% DL / 60% ML,0.4,0.6,0.0,0.85,0.9466,0.9937,0.8604,0.9968,0.9222,0.8572,0.0032,0.1396,0.259,1263,2513,8,205,3989
Case 1,Text Only (No URL),40% DL / 60% ML,0.4,0.6,0.0,0.9,0.9268,0.9933,0.8065,0.9968,0.8902,0.8034,0.0032,0.1935,0.358,1184,2513,8,284,3989
Case 1,Text Only (No URL),33.3% DL / 66.7% ML,0.3333,0.6667,0.0,0.1,0.8706,0.7404,0.9986,0.7961,0.8503,0.7948,0.2039,0.0014,0.1314,1466,2007,514,2,3989
Case 1,Text Only (No URL),33.3% DL / 66.7% ML,0.3333,0.6667,0.0,0.15,0.9215,0.8254,0.998,0.877,0.9035,0.875,0.123,0.002,0.0815,1465,2211,310,3,3989
Case 1,Text Only (No URL),33.3% DL / 66.7% ML,0.3333,0.6667,0.0,0.2,0.9433,0.8683,0.9973,0.9119,0.9283,0.9092,0.0881,0.0027,0.0607,1464,2299,222,4,3989
Case 1,Text Only (No URL),33.3% DL / 66.7% ML,0.3333,0.6667,0.0,0.25,0.9561,0.8974,0.9946,0.9338,0.9435,0.9283,0.0662,0.0054,0.0519,1460,2354,167,8,3989
Case 1,Text Only (No URL),33.3% DL / 66.7% ML,0.3333,0.6667,0.0,0.3,0.9692,0.9286,0.9925,0.9556,0.9595,0.9481,0.0444,0.0075,0.0419,1457,2409,112,11,3989
Case 1,Text Only (No URL),33.3% DL / 66.7% ML,0.3333,0.6667,0.0,0.35,0.9782,0.951,0.9918,0.9702,0.971,0.9621,0.0298,0.0082,0.0338,1456,2446,75,12,3989
Case 1,Text Only (No URL),33.3% DL / 66.7% ML,0.3333,0.6667,0.0,0.4,0.9814,0.9628,0.9877,0.9778,0.9751,0.9655,0.0222,0.0123,0.0366,1450,2465,56,18,3989
Case 1,Text Only (No URL),33.3% DL / 66.7% ML,0.3333,0.6667,0.0,0.45,0.982,0.9697,0.9816,0.9821,0.9756,0.9638,0.0179,0.0184,0.0451,1441,2476,45,27,3989
Case 1,Text Only (No URL),33.3% DL / 66.7% ML,0.3333,0.6667,0.0,0.5,0.9825,0.9768,0.9755,0.9865,0.9761,0.962,0.0135,0.0245,0.0536,1432,2487,34,36,3989
Case 1,Text Only (No URL),33.3% DL / 66.7% ML,0.3333,0.6667,0.0,0.55,0.9814,0.9814,0.968,0.9893,0.9746,0.9573,0.0107,0.032,0.0657,1421,2494,27,47,3989
Case 1,Text Only (No URL),33.3% DL / 66.7% ML,0.3333,0.6667,0.0,0.6,0.9789,0.9832,0.9591,0.9905,0.971,0.9496,0.0095,0.0409,0.0812,1408,2497,24,60,3989
Case 1,Text Only (No URL),33.3% DL / 66.7% ML,0.3333,0.6667,0.0,0.65,0.9744,0.9865,0.9435,0.9925,0.9645,0.9359,0.0075,0.0565,0.1088,1385,2502,19,83,3989
Case 1,Text Only (No URL),33.3% DL / 66.7% ML,0.3333,0.6667,0.0,0.7,0.9699,0.9877,0.9298,0.9933,0.9579,0.9231,0.0067,0.0702,0.1334,1365,2504,17,103,3989
Case 1,Text Only (No URL),33.3% DL / 66.7% ML,0.3333,0.6667,0.0,0.75,0.9626,0.9896,0.908,0.9944,0.9471,0.9025,0.0056,0.092,0.1727,1333,2507,14,135,3989
Case 1,Text Only (No URL),33.3% DL / 66.7% ML,0.3333,0.6667,0.0,0.8,0.9569,0.9932,0.889,0.9964,0.9382,0.8854,0.0036,0.111,0.2066,1305,2512,9,163,3989
Case 1,Text Only (No URL),33.3% DL / 66.7% ML,0.3333,0.6667,0.0,0.85,0.9446,0.9937,0.8549,0.9968,0.9191,0.8517,0.0032,0.1451,0.269,1255,2513,8,213,3989
Case 1,Text Only (No URL),33.3% DL / 66.7% ML,0.3333,0.6667,0.0,0.9,0.9218,0.9932,0.7929,0.9968,0.8818,0.7897,0.0032,0.2071,0.3831,1164,2513,8,304,3989
Case 1,Text Only (No URL),20% DL / 80% ML,0.2,0.8,0.0,0.1,0.8436,0.7019,0.9993,0.7529,0.8246,0.7522,0.2471,0.0007,0.1574,1467,1898,623,1,3989
Case 1,Text Only (No URL),20% DL / 80% ML,0.2,0.8,0.0,0.15,0.9093,0.8032,0.998,0.8576,0.89,0.8556,0.1424,0.002,0.0938,1465,2162,359,3,3989
Case 1,Text Only (No URL),20% DL / 80% ML,0.2,0.8,0.0,0.2,0.9391,0.8597,0.9973,0.9052,0.9234,0.9025,0.0948,0.0027,0.0649,1464,2282,239,4,3989
Case 1,Text Only (No URL),20% DL / 80% ML,0.2,0.8,0.0,0.25,0.9596,0.9056,0.9939,0.9397,0.9477,0.9336,0.0603,0.0061,0.0494,1459,2369,152,9,3989
Case 1,Text Only (No URL),20% DL / 80% ML,0.2,0.8,0.0,0.3,0.9687,0.9291,0.9905,0.956,0.9588,0.9464,0.044,0.0095,0.0454,1454,2410,111,14,3989
Case 1,Text Only (No URL),20% DL / 80% ML,0.2,0.8,0.0,0.35,0.9749,0.9471,0.9871,0.9679,0.9666,0.9549,0.0321,0.0129,0.0441,1449,2440,81,19,3989
Case 1,Text Only (No URL),20% DL / 80% ML,0.2,0.8,0.0,0.4,0.9787,0.9613,0.9816,0.977,0.9714,0.9586,0.023,0.0184,0.0484,1441,2463,58,27,3989
Case 1,Text Only (No URL),20% DL / 80% ML,0.2,0.8,0.0,0.45,0.9804,0.9702,0.9768,0.9825,0.9735,0.9594,0.0175,0.0232,0.0536,1434,2477,44,34,3989
Case 1,Text Only (No URL),20% DL / 80% ML,0.2,0.8,0.0,0.5,0.9809,0.9774,0.9707,0.9869,0.974,0.9576,0.0131,0.0293,0.0622,1425,2488,33,43,3989
Case 1,Text Only (No URL),20% DL / 80% ML,0.2,0.8,0.0,0.55,0.9802,0.98,0.9659,0.9885,0.9729,0.9544,0.0115,0.0341,0.0699,1418,2492,29,50,3989
Case 1,Text Only (No URL),20% DL / 80% ML,0.2,0.8,0.0,0.6,0.9804,0.9847,0.9619,0.9913,0.9731,0.9531,0.0087,0.0381,0.0757,1412,2499,22,56,3989
Case 1,Text Only (No URL),20% DL / 80% ML,0.2,0.8,0.0,0.65,0.9762,0.9865,0.9482,0.9925,0.967,0.9407,0.0075,0.0518,0.1,1392,2502,19,76,3989
Case 1,Text Only (No URL),20% DL / 80% ML,0.2,0.8,0.0,0.7,0.9704,0.9891,0.9298,0.994,0.9586,0.9239,0.006,0.0702,0.1329,1365,2506,15,103,3989
Case 1,Text Only (No URL),20% DL / 80% ML,0.2,0.8,0.0,0.75,0.9606,0.9895,0.9026,0.9944,0.9441,0.897,0.0056,0.0974,0.1828,1325,2507,14,143,3989
Case 1,Text Only (No URL),20% DL / 80% ML,0.2,0.8,0.0,0.8,0.9506,0.993,0.8719,0.9964,0.9285,0.8684,0.0036,0.1281,0.2379,1280,2512,9,188,3989
Case 1,Text Only (No URL),20% DL / 80% ML,0.2,0.8,0.0,0.85,0.9383,0.9935,0.8379,0.9968,0.9091,0.8347,0.0032,0.1621,0.3003,1230,2513,8,238,3989
Case 1,Text Only (No URL),20% DL / 80% ML,0.2,0.8,0.0,0.9,0.9075,0.9928,0.7541,0.9968,0.8571,0.7509,0.0032,0.2459,0.4545,1107,2513,8,361,3989
Case 1,Text Only (No URL),10% DL / 90% ML,0.1,0.9,0.0,0.1,0.8328,0.6878,0.9993,0.7358,0.8148,0.7351,0.2642,0.0007,0.1682,1467,1855,666,1,3989
Case 1,Text Only (No URL),10% DL / 90% ML,0.1,0.9,0.0,0.15,0.9057,0.7974,0.9973,0.8524,0.8862,0.8497,0.1476,0.0027,0.0983,1464,2149,372,4,3989
Case 1,Text Only (No URL),10% DL / 90% ML,0.1,0.9,0.0,0.2,0.9393,0.8619,0.9946,0.9072,0.9235,0.9017,0.0928,0.0054,0.0687,1460,2287,234,8,3989
Case 1,Text Only (No URL),10% DL / 90% ML,0.1,0.9,0.0,0.25,0.9564,0.8999,0.9918,0.9357,0.9436,0.9276,0.0643,0.0082,0.0557,1456,2359,162,12,3989
Case 1,Text Only (No URL),10% DL / 90% ML,0.1,0.9,0.0,0.3,0.9667,0.9271,0.9871,0.9548,0.9561,0.9418,0.0452,0.0129,0.0524,1449,2407,114,19,3989
Case 1,Text Only (No URL),10% DL / 90% ML,0.1,0.9,0.0,0.35,0.9719,0.9449,0.9809,0.9667,0.9626,0.9476,0.0333,0.0191,0.0562,1440,2437,84,28,3989
Case 1,Text Only (No URL),10% DL / 90% ML,0.1,0.9,0.0,0.4,0.9764,0.9592,0.9775,0.9758,0.9683,0.9533,0.0242,0.0225,0.0567,1435,2460,61,33,3989
Case 1,Text Only (No URL),10% DL / 90% ML,0.1,0.9,0.0,0.45,0.9789,0.9676,0.9755,0.981,0.9715,0.9564,0.019,0.0245,0.0572,1432,2473,48,36,3989
Case 1,Text Only (No URL),10% DL / 90% ML,0.1,0.9,0.0,0.5,0.9797,0.974,0.9707,0.9849,0.9724,0.9556,0.0151,0.0293,0.0634,1425,2483,38,43,3989
Case 1,Text Only (No URL),10% DL / 90% ML,0.1,0.9,0.0,0.55,0.9794,0.9799,0.9639,0.9885,0.9718,0.9524,0.0115,0.0361,0.0737,1415,2492,29,53,3989
Case 1,Text Only (No URL),10% DL / 90% ML,0.1,0.9,0.0,0.6,0.9767,0.9825,0.9537,0.9901,0.9679,0.9438,0.0099,0.0463,0.0915,1400,2496,25,68,3989
Case 1,Text Only (No URL),10% DL / 90% ML,0.1,0.9,0.0,0.65,0.9717,0.9864,0.936,0.9925,0.9605,0.9284,0.0075,0.064,0.1226,1374,2502,19,94,3989
Case 1,Text Only (No URL),10% DL / 90% ML,0.1,0.9,0.0,0.7,0.9679,0.9876,0.9244,0.9933,0.955,0.9176,0.0067,0.0756,0.1434,1357,2504,17,111,3989
Case 1,Text Only (No URL),10% DL / 90% ML,0.1,0.9,0.0,0.75,0.9616,0.991,0.904,0.9952,0.9455,0.8992,0.0048,0.096,0.1797,1327,2509,12,141,3989
Case 1,Text Only (No URL),10% DL / 90% ML,0.1,0.9,0.0,0.8,0.9534,0.9931,0.8794,0.9964,0.9328,0.8759,0.0036,0.1206,0.2241,1291,2512,9,177,3989
Case 1,Text Only (No URL),10% DL / 90% ML,0.1,0.9,0.0,0.85,0.9328,0.9926,0.8236,0.9964,0.9002,0.82,0.0036,0.1764,0.3269,1209,2512,9,259,3989
Case 1,Text Only (No URL),10% DL / 90% ML,0.1,0.9,0.0,0.9,0.8992,0.9926,0.7316,0.9968,0.8424,0.7284,0.0032,0.2684,0.4959,1074,2513,8,394,3989
Case 1,Text Only (No URL),100% ML (Pure ML),0.0,1.0,0.0,0.1,0.823,0.6761,0.9966,0.7219,0.8056,0.7185,0.2781,0.0034,0.182,1463,1820,701,5,3989
Case 1,Text Only (No URL),100% ML (Pure ML),0.0,1.0,0.0,0.15,0.8962,0.7824,0.9946,0.839,0.8758,0.8335,0.161,0.0054,0.1118,1460,2115,406,8,3989
Case 1,Text Only (No URL),100% ML (Pure ML),0.0,1.0,0.0,0.2,0.9331,0.8506,0.9925,0.8985,0.9161,0.891,0.1015,0.0075,0.078,1457,2265,256,11,3989
Case 1,Text Only (No URL),100% ML (Pure ML),0.0,1.0,0.0,0.25,0.9521,0.8929,0.9884,0.931,0.9382,0.9194,0.069,0.0116,0.0649,1451,2347,174,17,3989
Case 1,Text Only (No URL),100% ML (Pure ML),0.0,1.0,0.0,0.3,0.9616,0.9196,0.9816,0.95,0.9496,0.9316,0.05,0.0184,0.0654,1441,2395,126,27,3989
Case 1,Text Only (No URL),100% ML (Pure ML),0.0,1.0,0.0,0.35,0.9684,0.938,0.9789,0.9623,0.958,0.9412,0.0377,0.0211,0.0627,1437,2426,95,31,3989
Case 1,Text Only (No URL),100% ML (Pure ML),0.0,1.0,0.0,0.4,0.9734,0.9534,0.9755,0.9722,0.9643,0.9477,0.0278,0.0245,0.0627,1432,2451,70,36,3989
Case 1,Text Only (No URL),100% ML (Pure ML),0.0,1.0,0.0,0.45,0.9759,0.9641,0.9707,0.979,0.9674,0.9497,0.021,0.0293,0.0672,1425,2468,53,43,3989
Case 1,Text Only (No URL),100% ML (Pure ML),0.0,1.0,0.0,0.5,0.9777,0.9706,0.9687,0.9829,0.9697,0.9516,0.0171,0.0313,0.0684,1422,2478,43,46,3989
Case 1,Text Only (No URL),100% ML (Pure ML),0.0,1.0,0.0,0.55,0.9774,0.9765,0.9619,0.9865,0.9691,0.9484,0.0135,0.0381,0.0787,1412,2487,34,56,3989
Case 1,Text Only (No URL),100% ML (Pure ML),0.0,1.0,0.0,0.6,0.9727,0.9809,0.9441,0.9893,0.9622,0.9334,0.0107,0.0559,0.1096,1386,2494,27,82,3989
Case 1,Text Only (No URL),100% ML (Pure ML),0.0,1.0,0.0,0.65,0.9707,0.9849,0.9346,0.9917,0.9591,0.9263,0.0083,0.0654,0.1256,1372,2500,21,96,3989
Case 1,Text Only (No URL),100% ML (Pure ML),0.0,1.0,0.0,0.7,0.9669,0.9869,0.9223,0.9929,0.9535,0.9152,0.0071,0.0777,0.1474,1354,2503,18,114,3989
Case 1,Text Only (No URL),100% ML (Pure ML),0.0,1.0,0.0,0.75,0.9599,0.9895,0.9005,0.9944,0.9429,0.895,0.0056,0.0995,0.1865,1322,2507,14,146,3989
Case 1,Text Only (No URL),100% ML (Pure ML),0.0,1.0,0.0,0.8,0.9509,0.9923,0.8733,0.996,0.929,0.8693,0.004,0.1267,0.2356,1282,2511,10,186,3989
Case 1,Text Only (No URL),100% ML (Pure ML),0.0,1.0,0.0,0.85,0.9328,0.9926,0.8236,0.9964,0.9002,0.82,0.0036,0.1764,0.3269,1209,2512,9,259,3989
Case 1,Text Only (No URL),100% ML (Pure ML),0.0,1.0,0.0,0.9,0.8937,0.9925,0.7166,0.9968,0.8323,0.7134,0.0032,0.2834,0.5234,1052,2513,8,416,3989
Case 2,URL Pending / Timeout,100% DL (Pure DL),1.0,0.0,0.0,0.1,0.9443,0.8899,0.9848,0.9167,0.9349,0.9014,0.0833,0.0152,0.0804,194,264,24,3,485
Case 2,URL Pending / Timeout,100% DL (Pure DL),1.0,0.0,0.0,0.15,0.9361,0.8879,0.9645,0.9167,0.9246,0.8811,0.0833,0.0355,0.1216,190,264,24,7,485
Case 2,URL Pending / Timeout,100% DL (Pure DL),1.0,0.0,0.0,0.2,0.9278,0.8857,0.9442,0.9167,0.914,0.8608,0.0833,0.0558,0.1629,186,264,24,11,485
Case 2,URL Pending / Timeout,100% DL (Pure DL),1.0,0.0,0.0,0.25,0.9237,0.8922,0.9239,0.9236,0.9077,0.8475,0.0764,0.0761,0.2,182,266,22,15,485
Case 2,URL Pending / Timeout,100% DL (Pure DL),1.0,0.0,0.0,0.3,0.9258,0.8966,0.9239,0.9271,0.91,0.8509,0.0729,0.0761,0.1979,182,267,21,15,485
Case 2,URL Pending / Timeout,100% DL (Pure DL),1.0,0.0,0.0,0.35,0.9278,0.901,0.9239,0.9306,0.9123,0.8544,0.0694,0.0761,0.1959,182,268,20,15,485
Case 2,URL Pending / Timeout,100% DL (Pure DL),1.0,0.0,0.0,0.4,0.932,0.91,0.9239,0.9375,0.9169,0.8614,0.0625,0.0761,0.1918,182,270,18,15,485
Case 2,URL Pending / Timeout,100% DL (Pure DL),1.0,0.0,0.0,0.45,0.9381,0.9239,0.9239,0.9479,0.9239,0.8718,0.0521,0.0761,0.1856,182,273,15,15,485
Case 2,URL Pending / Timeout,100% DL (Pure DL),1.0,0.0,0.0,0.5,0.9464,0.9476,0.9188,0.9653,0.933,0.8841,0.0347,0.0812,0.1856,181,278,10,16,485
Case 2,URL Pending / Timeout,100% DL (Pure DL),1.0,0.0,0.0,0.55,0.9485,0.9526,0.9188,0.9688,0.9354,0.8875,0.0312,0.0812,0.1835,181,279,9,16,485
Case 2,URL Pending / Timeout,100% DL (Pure DL),1.0,0.0,0.0,0.6,0.9464,0.9524,0.9137,0.9688,0.9326,0.8825,0.0312,0.0863,0.1938,180,279,9,17,485
Case 2,URL Pending / Timeout,100% DL (Pure DL),1.0,0.0,0.0,0.65,0.9402,0.9516,0.8985,0.9688,0.9243,0.8672,0.0312,0.1015,0.2247,177,279,9,20,485
Case 2,URL Pending / Timeout,100% DL (Pure DL),1.0,0.0,0.0,0.7,0.9381,0.9514,0.8934,0.9688,0.9215,0.8622,0.0312,0.1066,0.2351,176,279,9,21,485
Case 2,URL Pending / Timeout,100% DL (Pure DL),1.0,0.0,0.0,0.75,0.932,0.9505,0.8782,0.9688,0.9129,0.8469,0.0312,0.1218,0.266,173,279,9,24,485
Case 2,URL Pending / Timeout,100% DL (Pure DL),1.0,0.0,0.0,0.8,0.9216,0.9543,0.8477,0.9722,0.8978,0.8199,0.0278,0.1523,0.3258,167,280,8,30,485
Case 2,URL Pending / Timeout,100% DL (Pure DL),1.0,0.0,0.0,0.85,0.9196,0.954,0.8426,0.9722,0.8949,0.8149,0.0278,0.1574,0.3361,166,280,8,31,485
Case 2,URL Pending / Timeout,100% DL (Pure DL),1.0,0.0,0.0,0.9,0.9175,0.9591,0.8325,0.9757,0.8913,0.8082,0.0243,0.1675,0.3546,164,281,7,33,485
Case 2,URL Pending / Timeout,90% DL / 10% ML,0.9,0.1,0.0,0.1,0.9402,0.8784,0.9898,0.9062,0.9308,0.8961,0.0938,0.0102,0.0763,195,261,27,2,485
Case 2,URL Pending / Timeout,90% DL / 10% ML,0.9,0.1,0.0,0.15,0.9443,0.8899,0.9848,0.9167,0.9349,0.9014,0.0833,0.0152,0.0804,194,264,24,3,485
Case 2,URL Pending / Timeout,90% DL / 10% ML,0.9,0.1,0.0,0.2,0.9443,0.8899,0.9848,0.9167,0.9349,0.9014,0.0833,0.0152,0.0804,194,264,24,3,485
Case 2,URL Pending / Timeout,90% DL / 10% ML,0.9,0.1,0.0,0.25,0.934,0.891,0.9543,0.9201,0.9216,0.8745,0.0799,0.0457,0.1402,188,265,23,9,485
Case 2,URL Pending / Timeout,90% DL / 10% ML,0.9,0.1,0.0,0.3,0.932,0.8981,0.9391,0.9271,0.9181,0.8662,0.0729,0.0609,0.167,185,267,21,12,485
Case 2,URL Pending / Timeout,90% DL / 10% ML,0.9,0.1,0.0,0.35,0.9299,0.9055,0.9239,0.934,0.9146,0.8579,0.066,0.0761,0.1938,182,269,19,15,485
Case 2,URL Pending / Timeout,90% DL / 10% ML,0.9,0.1,0.0,0.4,0.9361,0.9192,0.9239,0.9444,0.9215,0.8683,0.0556,0.0761,0.1876,182,272,16,15,485
Case 2,URL Pending / Timeout,90% DL / 10% ML,0.9,0.1,0.0,0.45,0.9381,0.9239,0.9239,0.9479,0.9239,0.8718,0.0521,0.0761,0.1856,182,273,15,15,485
Case 2,URL Pending / Timeout,90% DL / 10% ML,0.9,0.1,0.0,0.5,0.9485,0.9526,0.9188,0.9688,0.9354,0.8875,0.0312,0.0812,0.1835,181,279,9,16,485
Case 2,URL Pending / Timeout,90% DL / 10% ML,0.9,0.1,0.0,0.55,0.9485,0.9526,0.9188,0.9688,0.9354,0.8875,0.0312,0.0812,0.1835,181,279,9,16,485
Case 2,URL Pending / Timeout,90% DL / 10% ML,0.9,0.1,0.0,0.6,0.9485,0.9526,0.9188,0.9688,0.9354,0.8875,0.0312,0.0812,0.1835,181,279,9,16,485
Case 2,URL Pending / Timeout,90% DL / 10% ML,0.9,0.1,0.0,0.65,0.9402,0.9516,0.8985,0.9688,0.9243,0.8672,0.0312,0.1015,0.2247,177,279,9,20,485
Case 2,URL Pending / Timeout,90% DL / 10% ML,0.9,0.1,0.0,0.7,0.9402,0.9516,0.8985,0.9688,0.9243,0.8672,0.0312,0.1015,0.2247,177,279,9,20,485
Case 2,URL Pending / Timeout,90% DL / 10% ML,0.9,0.1,0.0,0.75,0.934,0.9508,0.8832,0.9688,0.9158,0.852,0.0312,0.1168,0.2557,174,279,9,23,485
Case 2,URL Pending / Timeout,90% DL / 10% ML,0.9,0.1,0.0,0.8,0.9237,0.9545,0.8528,0.9722,0.9008,0.825,0.0278,0.1472,0.3155,168,280,8,29,485
Case 2,URL Pending / Timeout,90% DL / 10% ML,0.9,0.1,0.0,0.85,0.9216,0.9704,0.8325,0.9826,0.8962,0.8151,0.0174,0.1675,0.3505,164,283,5,33,485
Case 2,URL Pending / Timeout,90% DL / 10% ML,0.9,0.1,0.0,0.9,0.9216,0.976,0.8274,0.9861,0.8956,0.8135,0.0139,0.1726,0.3588,163,284,4,34,485
Case 2,URL Pending / Timeout,80% DL / 20% ML,0.8,0.2,0.0,0.1,0.934,0.8667,0.9898,0.8958,0.9242,0.8857,0.1042,0.0102,0.0825,195,258,30,2,485
Case 2,URL Pending / Timeout,80% DL / 20% ML,0.8,0.2,0.0,0.15,0.9423,0.8824,0.9898,0.9097,0.933,0.8996,0.0903,0.0102,0.0742,195,262,26,2,485
Case 2,URL Pending / Timeout,80% DL / 20% ML,0.8,0.2,0.0,0.2,0.9423,0.8824,0.9898,0.9097,0.933,0.8996,0.0903,0.0102,0.0742,195,262,26,2,485
Case 2,URL Pending / Timeout,80% DL / 20% ML,0.8,0.2,0.0,0.25,0.9464,0.8977,0.9797,0.9236,0.9369,0.9033,0.0764,0.0203,0.0866,193,266,22,4,485
Case 2,URL Pending / Timeout,80% DL / 20% ML,0.8,0.2,0.0,0.3,0.9381,0.8995,0.9543,0.9271,0.9261,0.8814,0.0729,0.0457,0.1361,188,267,21,9,485
Case 2,URL Pending / Timeout,80% DL / 20% ML,0.8,0.2,0.0,0.35,0.9361,0.9069,0.9391,0.934,0.9227,0.8731,0.066,0.0609,0.1629,185,269,19,12,485
Case 2,URL Pending / Timeout,80% DL / 20% ML,0.8,0.2,0.0,0.4,0.9361,0.9192,0.9239,0.9444,0.9215,0.8683,0.0556,0.0761,0.1876,182,272,16,15,485
Case 2,URL Pending / Timeout,80% DL / 20% ML,0.8,0.2,0.0,0.45,0.9464,0.943,0.9239,0.9618,0.9333,0.8857,0.0382,0.0761,0.1773,182,277,11,15,485
Case 2,URL Pending / Timeout,80% DL / 20% ML,0.8,0.2,0.0,0.5,0.9485,0.9526,0.9188,0.9688,0.9354,0.8875,0.0312,0.0812,0.1835,181,279,9,16,485
Case 2,URL Pending / Timeout,80% DL / 20% ML,0.8,0.2,0.0,0.55,0.9485,0.9526,0.9188,0.9688,0.9354,0.8875,0.0312,0.0812,0.1835,181,279,9,16,485
Case 2,URL Pending / Timeout,80% DL / 20% ML,0.8,0.2,0.0,0.6,0.9485,0.9526,0.9188,0.9688,0.9354,0.8875,0.0312,0.0812,0.1835,181,279,9,16,485
Case 2,URL Pending / Timeout,80% DL / 20% ML,0.8,0.2,0.0,0.65,0.9423,0.9519,0.9036,0.9688,0.9271,0.8723,0.0312,0.0964,0.2144,178,279,9,19,485
Case 2,URL Pending / Timeout,80% DL / 20% ML,0.8,0.2,0.0,0.7,0.9361,0.9511,0.8883,0.9688,0.9186,0.8571,0.0312,0.1117,0.2454,175,279,9,22,485
Case 2,URL Pending / Timeout,80% DL / 20% ML,0.8,0.2,0.0,0.75,0.9361,0.956,0.8832,0.9722,0.9182,0.8555,0.0278,0.1168,0.2536,174,280,8,23,485
Case 2,URL Pending / Timeout,80% DL / 20% ML,0.8,0.2,0.0,0.8,0.934,0.9769,0.8579,0.9861,0.9135,0.844,0.0139,0.1421,0.2969,169,284,4,28,485
Case 2,URL Pending / Timeout,80% DL / 20% ML,0.8,0.2,0.0,0.85,0.9216,0.976,0.8274,0.9861,0.8956,0.8135,0.0139,0.1726,0.3588,163,284,4,34,485
Case 2,URL Pending / Timeout,80% DL / 20% ML,0.8,0.2,0.0,0.9,0.9134,1.0,0.7868,1.0,0.8807,0.7868,0.0,0.2132,0.433,155,288,0,42,485
Case 2,URL Pending / Timeout,75% DL / 25% ML,0.75,0.25,0.0,0.1,0.9216,0.8442,0.9898,0.875,0.9112,0.8648,0.125,0.0102,0.0948,195,252,36,2,485
Case 2,URL Pending / Timeout,75% DL / 25% ML,0.75,0.25,0.0,0.15,0.9402,0.8784,0.9898,0.9062,0.9308,0.8961,0.0938,0.0102,0.0763,195,261,27,2,485
Case 2,URL Pending / Timeout,75% DL / 25% ML,0.75,0.25,0.0,0.2,0.9423,0.8824,0.9898,0.9097,0.933,0.8996,0.0903,0.0102,0.0742,195,262,26,2,485
Case 2,URL Pending / Timeout,75% DL / 25% ML,0.75,0.25,0.0,0.25,0.9464,0.894,0.9848,0.9201,0.9372,0.9049,0.0799,0.0152,0.0784,194,265,23,3,485
Case 2,URL Pending / Timeout,75% DL / 25% ML,0.75,0.25,0.0,0.3,0.9464,0.9014,0.9746,0.9271,0.9366,0.9017,0.0729,0.0254,0.0948,192,267,21,5,485
Case 2,URL Pending / Timeout,75% DL / 25% ML,0.75,0.25,0.0,0.35,0.9423,0.9122,0.9492,0.9375,0.9303,0.8867,0.0625,0.0508,0.1402,187,270,18,10,485
Case 2,URL Pending / Timeout,75% DL / 25% ML,0.75,0.25,0.0,0.4,0.9423,0.9204,0.9391,0.9444,0.9296,0.8835,0.0556,0.0609,0.1567,185,272,16,12,485
Case 2,URL Pending / Timeout,75% DL / 25% ML,0.75,0.25,0.0,0.45,0.9443,0.9381,0.9239,0.9583,0.9309,0.8822,0.0417,0.0761,0.1794,182,276,12,15,485
Case 2,URL Pending / Timeout,75% DL / 25% ML,0.75,0.25,0.0,0.5,0.9485,0.9526,0.9188,0.9688,0.9354,0.8875,0.0312,0.0812,0.1835,181,279,9,16,485
Case 2,URL Pending / Timeout,75% DL / 25% ML,0.75,0.25,0.0,0.55,0.9485,0.9526,0.9188,0.9688,0.9354,0.8875,0.0312,0.0812,0.1835,181,279,9,16,485
Case 2,URL Pending / Timeout,75% DL / 25% ML,0.75,0.25,0.0,0.6,0.9485,0.9526,0.9188,0.9688,0.9354,0.8875,0.0312,0.0812,0.1835,181,279,9,16,485
Case 2,URL Pending / Timeout,75% DL / 25% ML,0.75,0.25,0.0,0.65,0.9464,0.9524,0.9137,0.9688,0.9326,0.8825,0.0312,0.0863,0.1938,180,279,9,17,485
Case 2,URL Pending / Timeout,75% DL / 25% ML,0.75,0.25,0.0,0.7,0.9381,0.9563,0.8883,0.9722,0.9211,0.8605,0.0278,0.1117,0.2433,175,280,8,22,485
Case 2,URL Pending / Timeout,75% DL / 25% ML,0.75,0.25,0.0,0.75,0.9402,0.9719,0.8782,0.9826,0.9227,0.8608,0.0174,0.1218,0.2577,173,283,5,24,485
Case 2,URL Pending / Timeout,75% DL / 25% ML,0.75,0.25,0.0,0.8,0.934,0.9769,0.8579,0.9861,0.9135,0.844,0.0139,0.1421,0.2969,169,284,4,28,485
Case 2,URL Pending / Timeout,75% DL / 25% ML,0.75,0.25,0.0,0.85,0.9216,0.9877,0.8173,0.9931,0.8944,0.8103,0.0069,0.1827,0.3753,161,286,2,36,485
Case 2,URL Pending / Timeout,75% DL / 25% ML,0.75,0.25,0.0,0.9,0.9093,1.0,0.7766,1.0,0.8743,0.7766,0.0,0.2234,0.4536,153,288,0,44,485
Case 2,URL Pending / Timeout,66.7% DL / 33.3% ML (Current Backend Baseline),0.6667,0.3333,0.0,0.1,0.9072,0.8167,0.9949,0.8472,0.897,0.8421,0.1528,0.0051,0.101,196,244,44,1,485
Case 2,URL Pending / Timeout,66.7% DL / 33.3% ML (Current Backend Baseline),0.6667,0.3333,0.0,0.15,0.934,0.8667,0.9898,0.8958,0.9242,0.8857,0.1042,0.0102,0.0825,195,258,30,2,485
Case 2,URL Pending / Timeout,66.7% DL / 33.3% ML (Current Backend Baseline),0.6667,0.3333,0.0,0.2,0.9402,0.8784,0.9898,0.9062,0.9308,0.8961,0.0938,0.0102,0.0763,195,261,27,2,485
Case 2,URL Pending / Timeout,66.7% DL / 33.3% ML (Current Backend Baseline),0.6667,0.3333,0.0,0.25,0.9464,0.8904,0.9898,0.9167,0.9375,0.9065,0.0833,0.0102,0.0701,195,264,24,2,485
Case 2,URL Pending / Timeout,66.7% DL / 33.3% ML (Current Backend Baseline),0.6667,0.3333,0.0,0.3,0.9485,0.8981,0.9848,0.9236,0.9395,0.9084,0.0764,0.0152,0.0763,194,266,22,3,485
Case 2,URL Pending / Timeout,66.7% DL / 33.3% ML (Current Backend Baseline),0.6667,0.3333,0.0,0.35,0.9546,0.9187,0.9746,0.941,0.9458,0.9156,0.059,0.0254,0.0866,192,271,17,5,485
Case 2,URL Pending / Timeout,66.7% DL / 33.3% ML (Current Backend Baseline),0.6667,0.3333,0.0,0.4,0.9485,0.9257,0.9492,0.9479,0.9373,0.8972,0.0521,0.0508,0.134,187,273,15,10,485
Case 2,URL Pending / Timeout,66.7% DL / 33.3% ML (Current Backend Baseline),0.6667,0.3333,0.0,0.45,0.9505,0.9391,0.9391,0.9583,0.9391,0.8974,0.0417,0.0609,0.1485,185,276,12,12,485
Case 2,URL Pending / Timeout,66.7% DL / 33.3% ML (Current Backend Baseline),0.6667,0.3333,0.0,0.5,0.9485,0.9526,0.9188,0.9688,0.9354,0.8875,0.0312,0.0812,0.1835,181,279,9,16,485
Case 2,URL Pending / Timeout,66.7% DL / 33.3% ML (Current Backend Baseline),0.6667,0.3333,0.0,0.55,0.9485,0.9526,0.9188,0.9688,0.9354,0.8875,0.0312,0.0812,0.1835,181,279,9,16,485
Case 2,URL Pending / Timeout,66.7% DL / 33.3% ML (Current Backend Baseline),0.6667,0.3333,0.0,0.6,0.9485,0.9526,0.9188,0.9688,0.9354,0.8875,0.0312,0.0812,0.1835,181,279,9,16,485
Case 2,URL Pending / Timeout,66.7% DL / 33.3% ML (Current Backend Baseline),0.6667,0.3333,0.0,0.65,0.9485,0.9624,0.9086,0.9757,0.9347,0.8843,0.0243,0.0914,0.2,179,281,7,18,485
Case 2,URL Pending / Timeout,66.7% DL / 33.3% ML (Current Backend Baseline),0.6667,0.3333,0.0,0.7,0.9443,0.967,0.8934,0.9792,0.9288,0.8726,0.0208,0.1066,0.2289,176,282,6,21,485
Case 2,URL Pending / Timeout,66.7% DL / 33.3% ML (Current Backend Baseline),0.6667,0.3333,0.0,0.75,0.9381,0.9771,0.868,0.9861,0.9194,0.8541,0.0139,0.132,0.2763,171,284,4,26,485
Case 2,URL Pending / Timeout,66.7% DL / 33.3% ML (Current Backend Baseline),0.6667,0.3333,0.0,0.8,0.934,0.9825,0.8528,0.9896,0.913,0.8424,0.0104,0.1472,0.3052,168,285,3,29,485
Case 2,URL Pending / Timeout,66.7% DL / 33.3% ML (Current Backend Baseline),0.6667,0.3333,0.0,0.85,0.9155,1.0,0.7919,1.0,0.8839,0.7919,0.0,0.2081,0.4227,156,288,0,41,485
Case 2,URL Pending / Timeout,66.7% DL / 33.3% ML (Current Backend Baseline),0.6667,0.3333,0.0,0.9,0.9052,1.0,0.7665,1.0,0.8678,0.7665,0.0,0.2335,0.4742,151,288,0,46,485
Case 2,URL Pending / Timeout,60% DL / 40% ML,0.6,0.4,0.0,0.1,0.8784,0.7717,0.9949,0.7986,0.8692,0.7935,0.2014,0.0051,0.1299,196,230,58,1,485
Case 2,URL Pending / Timeout,60% DL / 40% ML,0.6,0.4,0.0,0.15,0.9216,0.8412,0.9949,0.8715,0.9116,0.8665,0.1285,0.0051,0.0866,196,251,37,1,485
Case 2,URL Pending / Timeout,60% DL / 40% ML,0.6,0.4,0.0,0.2,0.9381,0.8744,0.9898,0.9028,0.9286,0.8926,0.0972,0.0102,0.0784,195,260,28,2,485
Case 2,URL Pending / Timeout,60% DL / 40% ML,0.6,0.4,0.0,0.25,0.9443,0.8864,0.9898,0.9132,0.9353,0.903,0.0868,0.0102,0.0722,195,263,25,2,485
Case 2,URL Pending / Timeout,60% DL / 40% ML,0.6,0.4,0.0,0.3,0.9485,0.8981,0.9848,0.9236,0.9395,0.9084,0.0764,0.0152,0.0763,194,266,22,3,485
Case 2,URL Pending / Timeout,60% DL / 40% ML,0.6,0.4,0.0,0.35,0.9567,0.9151,0.9848,0.9375,0.9487,0.9223,0.0625,0.0152,0.068,194,270,18,3,485
Case 2,URL Pending / Timeout,60% DL / 40% ML,0.6,0.4,0.0,0.4,0.9649,0.9412,0.9746,0.9583,0.9576,0.933,0.0417,0.0254,0.0763,192,276,12,5,485
Case 2,URL Pending / Timeout,60% DL / 40% ML,0.6,0.4,0.0,0.45,0.9567,0.9444,0.9492,0.9618,0.9468,0.911,0.0382,0.0508,0.1258,187,277,11,10,485
Case 2,URL Pending / Timeout,60% DL / 40% ML,0.6,0.4,0.0,0.5,0.9526,0.9531,0.9289,0.9688,0.9409,0.8977,0.0312,0.0711,0.1629,183,279,9,14,485
Case 2,URL Pending / Timeout,60% DL / 40% ML,0.6,0.4,0.0,0.55,0.9485,0.9526,0.9188,0.9688,0.9354,0.8875,0.0312,0.0812,0.1835,181,279,9,16,485
Case 2,URL Pending / Timeout,60% DL / 40% ML,0.6,0.4,0.0,0.6,0.9505,0.9626,0.9137,0.9757,0.9375,0.8894,0.0243,0.0863,0.1897,180,281,7,17,485
Case 2,URL Pending / Timeout,60% DL / 40% ML,0.6,0.4,0.0,0.65,0.9505,0.9676,0.9086,0.9792,0.9372,0.8878,0.0208,0.0914,0.1979,179,282,6,18,485
Case 2,URL Pending / Timeout,60% DL / 40% ML,0.6,0.4,0.0,0.7,0.9423,0.9721,0.8832,0.9826,0.9255,0.8659,0.0174,0.1168,0.2474,174,283,5,23,485
Case 2,URL Pending / Timeout,60% DL / 40% ML,0.6,0.4,0.0,0.75,0.9402,0.9828,0.868,0.9896,0.9218,0.8576,0.0104,0.132,0.2742,171,285,3,26,485
Case 2,URL Pending / Timeout,60% DL / 40% ML,0.6,0.4,0.0,0.8,0.9278,0.9939,0.8274,0.9965,0.903,0.8239,0.0035,0.1726,0.3526,163,287,1,34,485
Case 2,URL Pending / Timeout,60% DL / 40% ML,0.6,0.4,0.0,0.85,0.9134,1.0,0.7868,1.0,0.8807,0.7868,0.0,0.2132,0.433,155,288,0,42,485
Case 2,URL Pending / Timeout,60% DL / 40% ML,0.6,0.4,0.0,0.9,0.9031,1.0,0.7614,1.0,0.8646,0.7614,0.0,0.2386,0.4845,150,288,0,47,485
Case 2,URL Pending / Timeout,50% DL / 50% ML (Equal Weight),0.5,0.5,0.0,0.1,0.8371,0.7153,0.9949,0.7292,0.8323,0.7241,0.2708,0.0051,0.1711,196,210,78,1,485
Case 2,URL Pending / Timeout,50% DL / 50% ML (Equal Weight),0.5,0.5,0.0,0.15,0.9093,0.8201,0.9949,0.8507,0.8991,0.8456,0.1493,0.0051,0.099,196,245,43,1,485
Case 2,URL Pending / Timeout,50% DL / 50% ML (Equal Weight),0.5,0.5,0.0,0.2,0.9278,0.8553,0.9898,0.8854,0.9176,0.8753,0.1146,0.0102,0.0887,195,255,33,2,485
Case 2,URL Pending / Timeout,50% DL / 50% ML (Equal Weight),0.5,0.5,0.0,0.25,0.9443,0.8864,0.9898,0.9132,0.9353,0.903,0.0868,0.0102,0.0722,195,263,25,2,485
Case 2,URL Pending / Timeout,50% DL / 50% ML (Equal Weight),0.5,0.5,0.0,0.3,0.9505,0.8986,0.9898,0.9236,0.942,0.9135,0.0764,0.0102,0.066,195,266,22,2,485
Case 2,URL Pending / Timeout,50% DL / 50% ML (Equal Weight),0.5,0.5,0.0,0.35,0.9546,0.9108,0.9848,0.934,0.9463,0.9188,0.066,0.0152,0.0701,194,269,19,3,485
Case 2,URL Pending / Timeout,50% DL / 50% ML (Equal Weight),0.5,0.5,0.0,0.4,0.9649,0.9327,0.9848,0.9514,0.958,0.9362,0.0486,0.0152,0.0598,194,274,14,3,485
Case 2,URL Pending / Timeout,50% DL / 50% ML (Equal Weight),0.5,0.5,0.0,0.45,0.967,0.9415,0.9797,0.9583,0.9602,0.938,0.0417,0.0203,0.066,193,276,12,4,485
Case 2,URL Pending / Timeout,50% DL / 50% ML (Equal Weight),0.5,0.5,0.0,0.5,0.9629,0.959,0.9492,0.9722,0.9541,0.9215,0.0278,0.0508,0.1196,187,280,8,10,485
Case 2,URL Pending / Timeout,50% DL / 50% ML (Equal Weight),0.5,0.5,0.0,0.55,0.9588,0.9683,0.9289,0.9792,0.9482,0.9081,0.0208,0.0711,0.1567,183,282,6,14,485
Case 2,URL Pending / Timeout,50% DL / 50% ML (Equal Weight),0.5,0.5,0.0,0.6,0.9505,0.9676,0.9086,0.9792,0.9372,0.8878,0.0208,0.0914,0.1979,179,282,6,18,485
Case 2,URL Pending / Timeout,50% DL / 50% ML (Equal Weight),0.5,0.5,0.0,0.65,0.9485,0.9725,0.8985,0.9826,0.934,0.8811,0.0174,0.1015,0.2165,177,283,5,20,485
Case 2,URL Pending / Timeout,50% DL / 50% ML (Equal Weight),0.5,0.5,0.0,0.7,0.9443,0.9775,0.8832,0.9861,0.928,0.8694,0.0139,0.1168,0.2454,174,284,4,23,485
Case 2,URL Pending / Timeout,50% DL / 50% ML (Equal Weight),0.5,0.5,0.0,0.75,0.9381,0.9941,0.8528,0.9965,0.918,0.8493,0.0035,0.1472,0.301,168,287,1,29,485
Case 2,URL Pending / Timeout,50% DL / 50% ML (Equal Weight),0.5,0.5,0.0,0.8,0.9278,1.0,0.8223,1.0,0.9025,0.8223,0.0,0.1777,0.3608,162,288,0,35,485
Case 2,URL Pending / Timeout,50% DL / 50% ML (Equal Weight),0.5,0.5,0.0,0.85,0.9134,1.0,0.7868,1.0,0.8807,0.7868,0.0,0.2132,0.433,155,288,0,42,485
Case 2,URL Pending / Timeout,50% DL / 50% ML (Equal Weight),0.5,0.5,0.0,0.9,0.8948,1.0,0.7411,1.0,0.8513,0.7411,0.0,0.2589,0.5258,146,288,0,51,485
Case 2,URL Pending / Timeout,40% DL / 60% ML,0.4,0.6,0.0,0.1,0.8062,0.6782,0.9949,0.6771,0.8066,0.672,0.3229,0.0051,0.2021,196,195,93,1,485
Case 2,URL Pending / Timeout,40% DL / 60% ML,0.4,0.6,0.0,0.15,0.8845,0.7809,0.9949,0.809,0.875,0.804,0.191,0.0051,0.1237,196,233,55,1,485
Case 2,URL Pending / Timeout,40% DL / 60% ML,0.4,0.6,0.0,0.2,0.9216,0.8412,0.9949,0.8715,0.9116,0.8665,0.1285,0.0051,0.0866,196,251,37,1,485
Case 2,URL Pending / Timeout,40% DL / 60% ML,0.4,0.6,0.0,0.25,0.9423,0.8824,0.9898,0.9097,0.933,0.8996,0.0903,0.0102,0.0742,195,262,26,2,485
Case 2,URL Pending / Timeout,40% DL / 60% ML,0.4,0.6,0.0,0.3,0.9485,0.8945,0.9898,0.9201,0.9398,0.91,0.0799,0.0102,0.068,195,265,23,2,485
Case 2,URL Pending / Timeout,40% DL / 60% ML,0.4,0.6,0.0,0.35,0.9608,0.9238,0.9848,0.9444,0.9533,0.9292,0.0556,0.0152,0.0639,194,272,16,3,485
Case 2,URL Pending / Timeout,40% DL / 60% ML,0.4,0.6,0.0,0.4,0.9629,0.9282,0.9848,0.9479,0.9557,0.9327,0.0521,0.0152,0.0619,194,273,15,3,485
Case 2,URL Pending / Timeout,40% DL / 60% ML,0.4,0.6,0.0,0.45,0.9732,0.951,0.9848,0.9653,0.9676,0.95,0.0347,0.0152,0.0515,194,278,10,3,485
Case 2,URL Pending / Timeout,40% DL / 60% ML,0.4,0.6,0.0,0.5,0.9732,0.9646,0.9695,0.9757,0.9671,0.9452,0.0243,0.0305,0.0763,191,281,7,6,485
Case 2,URL Pending / Timeout,40% DL / 60% ML,0.4,0.6,0.0,0.55,0.9711,0.9692,0.9594,0.9792,0.9643,0.9386,0.0208,0.0406,0.0948,189,282,6,8,485
Case 2,URL Pending / Timeout,40% DL / 60% ML,0.4,0.6,0.0,0.6,0.9588,0.9733,0.9239,0.9826,0.9479,0.9065,0.0174,0.0761,0.1649,182,283,5,15,485
Case 2,URL Pending / Timeout,40% DL / 60% ML,0.4,0.6,0.0,0.65,0.9485,0.9778,0.8934,0.9861,0.9337,0.8795,0.0139,0.1066,0.2247,176,284,4,21,485
Case 2,URL Pending / Timeout,40% DL / 60% ML,0.4,0.6,0.0,0.7,0.9423,0.9884,0.868,0.9931,0.9243,0.8611,0.0069,0.132,0.2722,171,286,2,26,485
Case 2,URL Pending / Timeout,40% DL / 60% ML,0.4,0.6,0.0,0.75,0.9361,1.0,0.8426,1.0,0.9146,0.8426,0.0,0.1574,0.3196,166,288,0,31,485
Case 2,URL Pending / Timeout,40% DL / 60% ML,0.4,0.6,0.0,0.8,0.9278,1.0,0.8223,1.0,0.9025,0.8223,0.0,0.1777,0.3608,162,288,0,35,485
Case 2,URL Pending / Timeout,40% DL / 60% ML,0.4,0.6,0.0,0.85,0.9113,1.0,0.7817,1.0,0.8775,0.7817,0.0,0.2183,0.4433,154,288,0,43,485
Case 2,URL Pending / Timeout,40% DL / 60% ML,0.4,0.6,0.0,0.9,0.8845,1.0,0.7157,1.0,0.8343,0.7157,0.0,0.2843,0.5773,141,288,0,56,485
Case 2,URL Pending / Timeout,33.3% DL / 66.7% ML,0.3333,0.6667,0.0,0.1,0.7897,0.6599,0.9949,0.6493,0.7935,0.6442,0.3507,0.0051,0.2186,196,187,101,1,485
Case 2,URL Pending / Timeout,33.3% DL / 66.7% ML,0.3333,0.6667,0.0,0.15,0.868,0.7568,0.9949,0.7812,0.8596,0.7762,0.2188,0.0051,0.1402,196,225,63,1,485
Case 2,URL Pending / Timeout,33.3% DL / 66.7% ML,0.3333,0.6667,0.0,0.2,0.9155,0.8305,0.9949,0.8611,0.9053,0.856,0.1389,0.0051,0.0928,196,248,40,1,485
Case 2,URL Pending / Timeout,33.3% DL / 66.7% ML,0.3333,0.6667,0.0,0.25,0.934,0.8634,0.9949,0.8924,0.9245,0.8873,0.1076,0.0051,0.0742,196,257,31,1,485
Case 2,URL Pending / Timeout,33.3% DL / 66.7% ML,0.3333,0.6667,0.0,0.3,0.9505,0.8986,0.9898,0.9236,0.942,0.9135,0.0764,0.0102,0.066,195,266,22,2,485
Case 2,URL Pending / Timeout,33.3% DL / 66.7% ML,0.3333,0.6667,0.0,0.35,0.9608,0.9238,0.9848,0.9444,0.9533,0.9292,0.0556,0.0152,0.0639,194,272,16,3,485
Case 2,URL Pending / Timeout,33.3% DL / 66.7% ML,0.3333,0.6667,0.0,0.4,0.9691,0.9417,0.9848,0.9583,0.9628,0.9431,0.0417,0.0152,0.0557,194,276,12,3,485
Case 2,URL Pending / Timeout,33.3% DL / 66.7% ML,0.3333,0.6667,0.0,0.45,0.9691,0.9461,0.9797,0.9618,0.9626,0.9415,0.0382,0.0203,0.0639,193,277,11,4,485
Case 2,URL Pending / Timeout,33.3% DL / 66.7% ML,0.3333,0.6667,0.0,0.5,0.9753,0.9648,0.9746,0.9757,0.9697,0.9503,0.0243,0.0254,0.066,192,281,7,5,485
Case 2,URL Pending / Timeout,33.3% DL / 66.7% ML,0.3333,0.6667,0.0,0.55,0.9732,0.9694,0.9645,0.9792,0.9669,0.9436,0.0208,0.0355,0.0845,190,282,6,7,485
Case 2,URL Pending / Timeout,33.3% DL / 66.7% ML,0.3333,0.6667,0.0,0.6,0.967,0.9738,0.9442,0.9826,0.9588,0.9268,0.0174,0.0558,0.1237,186,283,5,11,485
Case 2,URL Pending / Timeout,33.3% DL / 66.7% ML,0.3333,0.6667,0.0,0.65,0.9567,0.9889,0.9036,0.9931,0.9443,0.8966,0.0069,0.0964,0.2,178,286,2,19,485
Case 2,URL Pending / Timeout,33.3% DL / 66.7% ML,0.3333,0.6667,0.0,0.7,0.9381,0.9883,0.8579,0.9931,0.9185,0.8509,0.0069,0.1421,0.2928,169,286,2,28,485
Case 2,URL Pending / Timeout,33.3% DL / 66.7% ML,0.3333,0.6667,0.0,0.75,0.934,1.0,0.8376,1.0,0.9116,0.8376,0.0,0.1624,0.3299,165,288,0,32,485
Case 2,URL Pending / Timeout,33.3% DL / 66.7% ML,0.3333,0.6667,0.0,0.8,0.9237,1.0,0.8122,1.0,0.8964,0.8122,0.0,0.1878,0.3814,160,288,0,37,485
Case 2,URL Pending / Timeout,33.3% DL / 66.7% ML,0.3333,0.6667,0.0,0.85,0.9113,1.0,0.7817,1.0,0.8775,0.7817,0.0,0.2183,0.4433,154,288,0,43,485
Case 2,URL Pending / Timeout,33.3% DL / 66.7% ML,0.3333,0.6667,0.0,0.9,0.8825,1.0,0.7107,1.0,0.8309,0.7107,0.0,0.2893,0.5876,140,288,0,57,485
Case 2,URL Pending / Timeout,20% DL / 80% ML,0.2,0.8,0.0,0.1,0.7649,0.6343,0.9949,0.6076,0.7747,0.6026,0.3924,0.0051,0.2433,196,175,113,1,485
Case 2,URL Pending / Timeout,20% DL / 80% ML,0.2,0.8,0.0,0.15,0.8351,0.7127,0.9949,0.7257,0.8305,0.7206,0.2743,0.0051,0.1732,196,209,79,1,485
Case 2,URL Pending / Timeout,20% DL / 80% ML,0.2,0.8,0.0,0.2,0.8948,0.7967,0.9949,0.8264,0.8849,0.8213,0.1736,0.0051,0.1134,196,238,50,1,485
Case 2,URL Pending / Timeout,20% DL / 80% ML,0.2,0.8,0.0,0.25,0.932,0.8596,0.9949,0.8889,0.9224,0.8838,0.1111,0.0051,0.0763,196,256,32,1,485
Case 2,URL Pending / Timeout,20% DL / 80% ML,0.2,0.8,0.0,0.3,0.9505,0.8986,0.9898,0.9236,0.942,0.9135,0.0764,0.0102,0.066,195,266,22,2,485
Case 2,URL Pending / Timeout,20% DL / 80% ML,0.2,0.8,0.0,0.35,0.967,0.933,0.9898,0.9514,0.9606,0.9412,0.0486,0.0102,0.0495,195,274,14,2,485
Case 2,URL Pending / Timeout,20% DL / 80% ML,0.2,0.8,0.0,0.4,0.9629,0.9366,0.9746,0.9549,0.9552,0.9295,0.0451,0.0254,0.0784,192,275,13,5,485
Case 2,URL Pending / Timeout,20% DL / 80% ML,0.2,0.8,0.0,0.45,0.967,0.9458,0.9746,0.9618,0.96,0.9364,0.0382,0.0254,0.0742,192,277,11,5,485
Case 2,URL Pending / Timeout,20% DL / 80% ML,0.2,0.8,0.0,0.5,0.9732,0.96,0.9746,0.9722,0.9673,0.9468,0.0278,0.0254,0.068,192,280,8,5,485
Case 2,URL Pending / Timeout,20% DL / 80% ML,0.2,0.8,0.0,0.55,0.9629,0.9637,0.9442,0.9757,0.9538,0.9199,0.0243,0.0558,0.1278,186,281,7,11,485
Case 2,URL Pending / Timeout,20% DL / 80% ML,0.2,0.8,0.0,0.6,0.9649,0.9787,0.934,0.9861,0.9558,0.9201,0.0139,0.066,0.1423,184,284,4,13,485
Case 2,URL Pending / Timeout,20% DL / 80% ML,0.2,0.8,0.0,0.65,0.9588,0.9836,0.9137,0.9896,0.9474,0.9033,0.0104,0.0863,0.1814,180,285,3,17,485
Case 2,URL Pending / Timeout,20% DL / 80% ML,0.2,0.8,0.0,0.7,0.9567,0.9889,0.9036,0.9931,0.9443,0.8966,0.0069,0.0964,0.2,178,286,2,19,485
Case 2,URL Pending / Timeout,20% DL / 80% ML,0.2,0.8,0.0,0.75,0.9423,1.0,0.8579,1.0,0.9235,0.8579,0.0,0.1421,0.2887,169,288,0,28,485
Case 2,URL Pending / Timeout,20% DL / 80% ML,0.2,0.8,0.0,0.8,0.9216,1.0,0.8071,1.0,0.8933,0.8071,0.0,0.1929,0.3918,159,288,0,38,485
Case 2,URL Pending / Timeout,20% DL / 80% ML,0.2,0.8,0.0,0.85,0.9093,1.0,0.7766,1.0,0.8743,0.7766,0.0,0.2234,0.4536,153,288,0,44,485
Case 2,URL Pending / Timeout,20% DL / 80% ML,0.2,0.8,0.0,0.9,0.868,1.0,0.6751,1.0,0.8061,0.6751,0.0,0.3249,0.6598,133,288,0,64,485
Case 2,URL Pending / Timeout,10% DL / 90% ML,0.1,0.9,0.0,0.1,0.7443,0.6144,0.9949,0.5729,0.7597,0.5678,0.4271,0.0051,0.2639,196,165,123,1,485
Case 2,URL Pending / Timeout,10% DL / 90% ML,0.1,0.9,0.0,0.15,0.8206,0.695,0.9949,0.7014,0.8184,0.6963,0.2986,0.0051,0.1876,196,202,86,1,485
Case 2,URL Pending / Timeout,10% DL / 90% ML,0.1,0.9,0.0,0.2,0.8804,0.7747,0.9949,0.8021,0.8711,0.797,0.1979,0.0051,0.1278,196,231,57,1,485
Case 2,URL Pending / Timeout,10% DL / 90% ML,0.1,0.9,0.0,0.25,0.9299,0.8559,0.9949,0.8854,0.9202,0.8803,0.1146,0.0051,0.0784,196,255,33,1,485
Case 2,URL Pending / Timeout,10% DL / 90% ML,0.1,0.9,0.0,0.3,0.9485,0.8909,0.9949,0.9167,0.94,0.9116,0.0833,0.0051,0.0598,196,264,24,1,485
Case 2,URL Pending / Timeout,10% DL / 90% ML,0.1,0.9,0.0,0.35,0.9505,0.9061,0.9797,0.9306,0.9415,0.9103,0.0694,0.0203,0.0825,193,268,20,4,485
Case 2,URL Pending / Timeout,10% DL / 90% ML,0.1,0.9,0.0,0.4,0.967,0.9415,0.9797,0.9583,0.9602,0.938,0.0417,0.0203,0.066,193,276,12,4,485
Case 2,URL Pending / Timeout,10% DL / 90% ML,0.1,0.9,0.0,0.45,0.9691,0.9505,0.9746,0.9653,0.9624,0.9399,0.0347,0.0254,0.0722,192,278,10,5,485
Case 2,URL Pending / Timeout,10% DL / 90% ML,0.1,0.9,0.0,0.5,0.9629,0.959,0.9492,0.9722,0.9541,0.9215,0.0278,0.0508,0.1196,187,280,8,10,485
Case 2,URL Pending / Timeout,10% DL / 90% ML,0.1,0.9,0.0,0.55,0.9629,0.9735,0.934,0.9826,0.9534,0.9166,0.0174,0.066,0.1443,184,283,5,13,485
Case 2,URL Pending / Timeout,10% DL / 90% ML,0.1,0.9,0.0,0.6,0.9588,0.9733,0.9239,0.9826,0.9479,0.9065,0.0174,0.0761,0.1649,182,283,5,15,485
Case 2,URL Pending / Timeout,10% DL / 90% ML,0.1,0.9,0.0,0.65,0.9588,0.9836,0.9137,0.9896,0.9474,0.9033,0.0104,0.0863,0.1814,180,285,3,17,485
Case 2,URL Pending / Timeout,10% DL / 90% ML,0.1,0.9,0.0,0.7,0.9588,0.989,0.9086,0.9931,0.9471,0.9017,0.0069,0.0914,0.1897,179,286,2,18,485
Case 2,URL Pending / Timeout,10% DL / 90% ML,0.1,0.9,0.0,0.75,0.9526,0.9943,0.8883,0.9965,0.9383,0.8849,0.0035,0.1117,0.2289,175,287,1,22,485
Case 2,URL Pending / Timeout,10% DL / 90% ML,0.1,0.9,0.0,0.8,0.932,0.994,0.8376,0.9965,0.9091,0.8341,0.0035,0.1624,0.332,165,287,1,32,485
Case 2,URL Pending / Timeout,10% DL / 90% ML,0.1,0.9,0.0,0.85,0.901,1.0,0.7563,1.0,0.8613,0.7563,0.0,0.2437,0.4948,149,288,0,48,485
Case 2,URL Pending / Timeout,10% DL / 90% ML,0.1,0.9,0.0,0.9,0.8639,1.0,0.665,1.0,0.7988,0.665,0.0,0.335,0.6804,131,288,0,66,485
Case 2,URL Pending / Timeout,100% ML (Pure ML),0.0,1.0,0.0,0.1,0.7299,0.6006,1.0,0.5451,0.7505,0.5451,0.4549,0.0,0.2701,197,157,131,0,485
Case 2,URL Pending / Timeout,100% ML (Pure ML),0.0,1.0,0.0,0.15,0.8103,0.6829,0.9949,0.684,0.8099,0.679,0.316,0.0051,0.1979,196,197,91,1,485
Case 2,URL Pending / Timeout,100% ML (Pure ML),0.0,1.0,0.0,0.2,0.868,0.7568,0.9949,0.7812,0.8596,0.7762,0.2188,0.0051,0.1402,196,225,63,1,485
Case 2,URL Pending / Timeout,100% ML (Pure ML),0.0,1.0,0.0,0.25,0.9134,0.8298,0.9898,0.8611,0.9028,0.851,0.1389,0.0102,0.1031,195,248,40,2,485
Case 2,URL Pending / Timeout,100% ML (Pure ML),0.0,1.0,0.0,0.3,0.9361,0.8739,0.9848,0.9028,0.926,0.8875,0.0972,0.0152,0.0887,194,260,28,3,485
Case 2,URL Pending / Timeout,100% ML (Pure ML),0.0,1.0,0.0,0.35,0.9464,0.894,0.9848,0.9201,0.9372,0.9049,0.0799,0.0152,0.0784,194,265,23,3,485
Case 2,URL Pending / Timeout,100% ML (Pure ML),0.0,1.0,0.0,0.4,0.9629,0.9324,0.9797,0.9514,0.9554,0.9311,0.0486,0.0203,0.0701,193,274,14,4,485
Case 2,URL Pending / Timeout,100% ML (Pure ML),0.0,1.0,0.0,0.45,0.9629,0.9543,0.9543,0.9688,0.9543,0.9231,0.0312,0.0457,0.1113,188,279,9,9,485
Case 2,URL Pending / Timeout,100% ML (Pure ML),0.0,1.0,0.0,0.5,0.9608,0.9635,0.9391,0.9757,0.9512,0.9148,0.0243,0.0609,0.1381,185,281,7,12,485
Case 2,URL Pending / Timeout,100% ML (Pure ML),0.0,1.0,0.0,0.55,0.9567,0.9681,0.9239,0.9792,0.9455,0.903,0.0208,0.0761,0.167,182,282,6,15,485
Case 2,URL Pending / Timeout,100% ML (Pure ML),0.0,1.0,0.0,0.6,0.9588,0.9784,0.9188,0.9861,0.9476,0.9049,0.0139,0.0812,0.1732,181,284,4,16,485
Case 2,URL Pending / Timeout,100% ML (Pure ML),0.0,1.0,0.0,0.65,0.9567,0.9783,0.9137,0.9861,0.9449,0.8998,0.0139,0.0863,0.1835,180,284,4,17,485
Case 2,URL Pending / Timeout,100% ML (Pure ML),0.0,1.0,0.0,0.7,0.9567,0.9835,0.9086,0.9896,0.9446,0.8982,0.0104,0.0914,0.1918,179,285,3,18,485
Case 2,URL Pending / Timeout,100% ML (Pure ML),0.0,1.0,0.0,0.75,0.9505,0.9887,0.8883,0.9931,0.9358,0.8814,0.0069,0.1117,0.2309,175,286,2,22,485
Case 2,URL Pending / Timeout,100% ML (Pure ML),0.0,1.0,0.0,0.8,0.9361,0.994,0.8477,0.9965,0.9151,0.8442,0.0035,0.1523,0.3113,167,287,1,30,485
Case 2,URL Pending / Timeout,100% ML (Pure ML),0.0,1.0,0.0,0.85,0.9196,0.9938,0.8071,0.9965,0.8908,0.8036,0.0035,0.1929,0.3938,159,287,1,38,485
Case 2,URL Pending / Timeout,100% ML (Pure ML),0.0,1.0,0.0,0.9,0.8619,1.0,0.6599,1.0,0.7951,0.6599,0.0,0.3401,0.6907,130,288,0,67,485
Case 3A,Clean URL (S_URL = 0.00),50% DL / 25% ML / 25% URL (Current Backend Baseline),0.5,0.25,0.25,0.1,0.9216,0.8442,0.9898,0.875,0.9112,0.8648,0.125,0.0102,0.0948,195,252,36,2,485
Case 3A,Clean URL (S_URL = 0.00),50% DL / 25% ML / 25% URL (Current Backend Baseline),0.5,0.25,0.25,0.15,0.9402,0.8784,0.9898,0.9062,0.9308,0.8961,0.0938,0.0102,0.0763,195,261,27,2,485
Case 3A,Clean URL (S_URL = 0.00),50% DL / 25% ML / 25% URL (Current Backend Baseline),0.5,0.25,0.25,0.2,0.9443,0.8899,0.9848,0.9167,0.9349,0.9014,0.0833,0.0152,0.0804,194,264,24,3,485
Case 3A,Clean URL (S_URL = 0.00),50% DL / 25% ML / 25% URL (Current Backend Baseline),0.5,0.25,0.25,0.25,0.9546,0.9147,0.9797,0.9375,0.9461,0.9172,0.0625,0.0203,0.0784,193,270,18,4,485
Case 3A,Clean URL (S_URL = 0.00),50% DL / 25% ML / 25% URL (Current Backend Baseline),0.5,0.25,0.25,0.3,0.9485,0.9257,0.9492,0.9479,0.9373,0.8972,0.0521,0.0508,0.134,187,273,15,10,485
Case 3A,Clean URL (S_URL = 0.00),50% DL / 25% ML / 25% URL (Current Backend Baseline),0.5,0.25,0.25,0.35,0.9485,0.9479,0.9239,0.9653,0.9357,0.8891,0.0347,0.0761,0.1753,182,278,10,15,485
Case 3A,Clean URL (S_URL = 0.00),50% DL / 25% ML / 25% URL (Current Backend Baseline),0.5,0.25,0.25,0.4,0.9485,0.9526,0.9188,0.9688,0.9354,0.8875,0.0312,0.0812,0.1835,181,279,9,16,485
Case 3A,Clean URL (S_URL = 0.00),50% DL / 25% ML / 25% URL (Current Backend Baseline),0.5,0.25,0.25,0.45,0.9485,0.9526,0.9188,0.9688,0.9354,0.8875,0.0312,0.0812,0.1835,181,279,9,16,485
Case 3A,Clean URL (S_URL = 0.00),50% DL / 25% ML / 25% URL (Current Backend Baseline),0.5,0.25,0.25,0.5,0.9464,0.9672,0.8985,0.9792,0.9316,0.8776,0.0208,0.1015,0.2186,177,282,6,20,485
Case 3A,Clean URL (S_URL = 0.00),50% DL / 25% ML / 25% URL (Current Backend Baseline),0.5,0.25,0.25,0.55,0.9423,0.9721,0.8832,0.9826,0.9255,0.8659,0.0174,0.1168,0.2474,174,283,5,23,485
Case 3A,Clean URL (S_URL = 0.00),50% DL / 25% ML / 25% URL (Current Backend Baseline),0.5,0.25,0.25,0.6,0.934,0.9825,0.8528,0.9896,0.913,0.8424,0.0104,0.1472,0.3052,168,285,3,29,485
Case 3A,Clean URL (S_URL = 0.00),50% DL / 25% ML / 25% URL (Current Backend Baseline),0.5,0.25,0.25,0.65,0.9113,1.0,0.7817,1.0,0.8775,0.7817,0.0,0.2183,0.4433,154,288,0,43,485
Case 3A,Clean URL (S_URL = 0.00),50% DL / 25% ML / 25% URL (Current Backend Baseline),0.5,0.25,0.25,0.7,0.8845,1.0,0.7157,1.0,0.8343,0.7157,0.0,0.2843,0.5773,141,288,0,56,485
Case 3A,Clean URL (S_URL = 0.00),50% DL / 25% ML / 25% URL (Current Backend Baseline),0.5,0.25,0.25,0.75,0.5938,0.0,0.0,1.0,0.0,0.0,0.0,1.0,2.0309,0,288,0,197,485
Case 3A,Clean URL (S_URL = 0.00),50% DL / 25% ML / 25% URL (Current Backend Baseline),0.5,0.25,0.25,0.8,0.5938,0.0,0.0,1.0,0.0,0.0,0.0,1.0,2.0309,0,288,0,197,485
Case 3A,Clean URL (S_URL = 0.00),50% DL / 25% ML / 25% URL (Current Backend Baseline),0.5,0.25,0.25,0.85,0.5938,0.0,0.0,1.0,0.0,0.0,0.0,1.0,2.0309,0,288,0,197,485
Case 3A,Clean URL (S_URL = 0.00),50% DL / 25% ML / 25% URL (Current Backend Baseline),0.5,0.25,0.25,0.9,0.5938,0.0,0.0,1.0,0.0,0.0,0.0,1.0,2.0309,0,288,0,197,485
Case 3A,Clean URL (S_URL = 0.00),60% DL / 20% ML / 20% URL,0.6,0.2,0.2,0.1,0.9361,0.8705,0.9898,0.8993,0.9264,0.8892,0.1007,0.0102,0.0804,195,259,29,2,485
Case 3A,Clean URL (S_URL = 0.00),60% DL / 20% ML / 20% URL,0.6,0.2,0.2,0.15,0.9423,0.8824,0.9898,0.9097,0.933,0.8996,0.0903,0.0102,0.0742,195,262,26,2,485
Case 3A,Clean URL (S_URL = 0.00),60% DL / 20% ML / 20% URL,0.6,0.2,0.2,0.2,0.9464,0.894,0.9848,0.9201,0.9372,0.9049,0.0799,0.0152,0.0784,194,265,23,3,485
Case 3A,Clean URL (S_URL = 0.00),60% DL / 20% ML / 20% URL,0.6,0.2,0.2,0.25,0.9443,0.9048,0.9645,0.9306,0.9337,0.895,0.0694,0.0355,0.1134,190,268,20,7,485
Case 3A,Clean URL (S_URL = 0.00),60% DL / 20% ML / 20% URL,0.6,0.2,0.2,0.3,0.9423,0.9204,0.9391,0.9444,0.9296,0.8835,0.0556,0.0609,0.1567,185,272,16,12,485
Case 3A,Clean URL (S_URL = 0.00),60% DL / 20% ML / 20% URL,0.6,0.2,0.2,0.35,0.9443,0.9381,0.9239,0.9583,0.9309,0.8822,0.0417,0.0761,0.1794,182,276,12,15,485
Case 3A,Clean URL (S_URL = 0.00),60% DL / 20% ML / 20% URL,0.6,0.2,0.2,0.4,0.9485,0.9526,0.9188,0.9688,0.9354,0.8875,0.0312,0.0812,0.1835,181,279,9,16,485
Case 3A,Clean URL (S_URL = 0.00),60% DL / 20% ML / 20% URL,0.6,0.2,0.2,0.45,0.9485,0.9526,0.9188,0.9688,0.9354,0.8875,0.0312,0.0812,0.1835,181,279,9,16,485
Case 3A,Clean URL (S_URL = 0.00),60% DL / 20% ML / 20% URL,0.6,0.2,0.2,0.5,0.9485,0.9526,0.9188,0.9688,0.9354,0.8875,0.0312,0.0812,0.1835,181,279,9,16,485
Case 3A,Clean URL (S_URL = 0.00),60% DL / 20% ML / 20% URL,0.6,0.2,0.2,0.55,0.9381,0.9514,0.8934,0.9688,0.9215,0.8622,0.0312,0.1066,0.2351,176,279,9,21,485
Case 3A,Clean URL (S_URL = 0.00),60% DL / 20% ML / 20% URL,0.6,0.2,0.2,0.6,0.9402,0.9719,0.8782,0.9826,0.9227,0.8608,0.0174,0.1218,0.2577,173,283,5,24,485
Case 3A,Clean URL (S_URL = 0.00),60% DL / 20% ML / 20% URL,0.6,0.2,0.2,0.65,0.9258,0.9763,0.8376,0.9861,0.9016,0.8237,0.0139,0.1624,0.3381,165,284,4,32,485
Case 3A,Clean URL (S_URL = 0.00),60% DL / 20% ML / 20% URL,0.6,0.2,0.2,0.7,0.9175,1.0,0.797,1.0,0.887,0.797,0.0,0.203,0.4124,157,288,0,40,485
Case 3A,Clean URL (S_URL = 0.00),60% DL / 20% ML / 20% URL,0.6,0.2,0.2,0.75,0.8866,1.0,0.7208,1.0,0.8378,0.7208,0.0,0.2792,0.567,142,288,0,55,485
Case 3A,Clean URL (S_URL = 0.00),60% DL / 20% ML / 20% URL,0.6,0.2,0.2,0.8,0.5938,0.0,0.0,1.0,0.0,0.0,0.0,1.0,2.0309,0,288,0,197,485
Case 3A,Clean URL (S_URL = 0.00),60% DL / 20% ML / 20% URL,0.6,0.2,0.2,0.85,0.5938,0.0,0.0,1.0,0.0,0.0,0.0,1.0,2.0309,0,288,0,197,485
Case 3A,Clean URL (S_URL = 0.00),60% DL / 20% ML / 20% URL,0.6,0.2,0.2,0.9,0.5938,0.0,0.0,1.0,0.0,0.0,0.0,1.0,2.0309,0,288,0,197,485
Case 3A,Clean URL (S_URL = 0.00),40% DL / 30% ML / 30% URL,0.4,0.3,0.3,0.1,0.9175,0.834,0.9949,0.8646,0.9074,0.8595,0.1354,0.0051,0.0907,196,249,39,1,485
Case 3A,Clean URL (S_URL = 0.00),40% DL / 30% ML / 30% URL,0.4,0.3,0.3,0.15,0.9402,0.8784,0.9898,0.9062,0.9308,0.8961,0.0938,0.0102,0.0763,195,261,27,2,485
Case 3A,Clean URL (S_URL = 0.00),40% DL / 30% ML / 30% URL,0.4,0.3,0.3,0.2,0.9464,0.894,0.9848,0.9201,0.9372,0.9049,0.0799,0.0152,0.0784,194,265,23,3,485
Case 3A,Clean URL (S_URL = 0.00),40% DL / 30% ML / 30% URL,0.4,0.3,0.3,0.25,0.9567,0.9151,0.9848,0.9375,0.9487,0.9223,0.0625,0.0152,0.068,194,270,18,3,485
Case 3A,Clean URL (S_URL = 0.00),40% DL / 30% ML / 30% URL,0.4,0.3,0.3,0.3,0.9649,0.9412,0.9746,0.9583,0.9576,0.933,0.0417,0.0254,0.0763,192,276,12,5,485
Case 3A,Clean URL (S_URL = 0.00),40% DL / 30% ML / 30% URL,0.4,0.3,0.3,0.35,0.9546,0.9534,0.934,0.9688,0.9436,0.9028,0.0312,0.066,0.1526,184,279,9,13,485
Case 3A,Clean URL (S_URL = 0.00),40% DL / 30% ML / 30% URL,0.4,0.3,0.3,0.4,0.9505,0.9626,0.9137,0.9757,0.9375,0.8894,0.0243,0.0863,0.1897,180,281,7,17,485
Case 3A,Clean URL (S_URL = 0.00),40% DL / 30% ML / 30% URL,0.4,0.3,0.3,0.45,0.9505,0.9676,0.9086,0.9792,0.9372,0.8878,0.0208,0.0914,0.1979,179,282,6,18,485
Case 3A,Clean URL (S_URL = 0.00),40% DL / 30% ML / 30% URL,0.4,0.3,0.3,0.5,0.9402,0.9719,0.8782,0.9826,0.9227,0.8608,0.0174,0.1218,0.2577,173,283,5,24,485
Case 3A,Clean URL (S_URL = 0.00),40% DL / 30% ML / 30% URL,0.4,0.3,0.3,0.55,0.9299,0.9939,0.8325,0.9965,0.9061,0.829,0.0035,0.1675,0.3423,164,287,1,33,485
Case 3A,Clean URL (S_URL = 0.00),40% DL / 30% ML / 30% URL,0.4,0.3,0.3,0.6,0.9113,1.0,0.7817,1.0,0.8775,0.7817,0.0,0.2183,0.4433,154,288,0,43,485
Case 3A,Clean URL (S_URL = 0.00),40% DL / 30% ML / 30% URL,0.4,0.3,0.3,0.65,0.8742,1.0,0.6904,1.0,0.8168,0.6904,0.0,0.3096,0.6289,136,288,0,61,485
Case 3A,Clean URL (S_URL = 0.00),40% DL / 30% ML / 30% URL,0.4,0.3,0.3,0.7,0.5938,0.0,0.0,1.0,0.0,0.0,0.0,1.0,2.0309,0,288,0,197,485
Case 3A,Clean URL (S_URL = 0.00),40% DL / 30% ML / 30% URL,0.4,0.3,0.3,0.75,0.5938,0.0,0.0,1.0,0.0,0.0,0.0,1.0,2.0309,0,288,0,197,485
Case 3A,Clean URL (S_URL = 0.00),40% DL / 30% ML / 30% URL,0.4,0.3,0.3,0.8,0.5938,0.0,0.0,1.0,0.0,0.0,0.0,1.0,2.0309,0,288,0,197,485
Case 3A,Clean URL (S_URL = 0.00),40% DL / 30% ML / 30% URL,0.4,0.3,0.3,0.85,0.5938,0.0,0.0,1.0,0.0,0.0,0.0,1.0,2.0309,0,288,0,197,485
Case 3A,Clean URL (S_URL = 0.00),40% DL / 30% ML / 30% URL,0.4,0.3,0.3,0.9,0.5938,0.0,0.0,1.0,0.0,0.0,0.0,1.0,2.0309,0,288,0,197,485
Case 3A,Clean URL (S_URL = 0.00),33.3% DL / 33.3% ML / 33.3% URL (Equal),0.3333,0.3333,0.3333,0.1,0.9093,0.8201,0.9949,0.8507,0.8991,0.8456,0.1493,0.0051,0.099,196,245,43,1,485
Case 3A,Clean URL (S_URL = 0.00),33.3% DL / 33.3% ML / 33.3% URL (Equal),0.3333,0.3333,0.3333,0.15,0.9402,0.8784,0.9898,0.9062,0.9308,0.8961,0.0938,0.0102,0.0763,195,261,27,2,485
Case 3A,Clean URL (S_URL = 0.00),33.3% DL / 33.3% ML / 33.3% URL (Equal),0.3333,0.3333,0.3333,0.2,0.9505,0.8986,0.9898,0.9236,0.942,0.9135,0.0764,0.0102,0.066,195,266,22,2,485
Case 3A,Clean URL (S_URL = 0.00),33.3% DL / 33.3% ML / 33.3% URL (Equal),0.3333,0.3333,0.3333,0.25,0.9649,0.9327,0.9848,0.9514,0.958,0.9362,0.0486,0.0152,0.0598,194,274,14,3,485
Case 3A,Clean URL (S_URL = 0.00),33.3% DL / 33.3% ML / 33.3% URL (Equal),0.3333,0.3333,0.3333,0.3,0.967,0.9415,0.9797,0.9583,0.9602,0.938,0.0417,0.0203,0.066,193,276,12,4,485
Case 3A,Clean URL (S_URL = 0.00),33.3% DL / 33.3% ML / 33.3% URL (Equal),0.3333,0.3333,0.3333,0.35,0.9629,0.9637,0.9442,0.9757,0.9538,0.9199,0.0243,0.0558,0.1278,186,281,7,11,485
Case 3A,Clean URL (S_URL = 0.00),33.3% DL / 33.3% ML / 33.3% URL (Equal),0.3333,0.3333,0.3333,0.4,0.9505,0.9676,0.9086,0.9792,0.9372,0.8878,0.0208,0.0914,0.1979,179,282,6,18,485
Case 3A,Clean URL (S_URL = 0.00),33.3% DL / 33.3% ML / 33.3% URL (Equal),0.3333,0.3333,0.3333,0.45,0.9464,0.9724,0.8934,0.9826,0.9312,0.876,0.0174,0.1066,0.2268,176,283,5,21,485
Case 3A,Clean URL (S_URL = 0.00),33.3% DL / 33.3% ML / 33.3% URL (Equal),0.3333,0.3333,0.3333,0.5,0.9381,0.9941,0.8528,0.9965,0.918,0.8493,0.0035,0.1472,0.301,168,287,1,29,485
Case 3A,Clean URL (S_URL = 0.00),33.3% DL / 33.3% ML / 33.3% URL (Equal),0.3333,0.3333,0.3333,0.55,0.9237,1.0,0.8122,1.0,0.8964,0.8122,0.0,0.1878,0.3814,160,288,0,37,485
Case 3A,Clean URL (S_URL = 0.00),33.3% DL / 33.3% ML / 33.3% URL (Equal),0.3333,0.3333,0.3333,0.6,0.8948,1.0,0.7411,1.0,0.8513,0.7411,0.0,0.2589,0.5258,146,288,0,51,485
Case 3A,Clean URL (S_URL = 0.00),33.3% DL / 33.3% ML / 33.3% URL (Equal),0.3333,0.3333,0.3333,0.65,0.6969,1.0,0.2538,1.0,0.4049,0.2538,0.0,0.7462,1.5155,50,288,0,147,485
Case 3A,Clean URL (S_URL = 0.00),33.3% DL / 33.3% ML / 33.3% URL (Equal),0.3333,0.3333,0.3333,0.7,0.5938,0.0,0.0,1.0,0.0,0.0,0.0,1.0,2.0309,0,288,0,197,485
Case 3A,Clean URL (S_URL = 0.00),33.3% DL / 33.3% ML / 33.3% URL (Equal),0.3333,0.3333,0.3333,0.75,0.5938,0.0,0.0,1.0,0.0,0.0,0.0,1.0,2.0309,0,288,0,197,485
Case 3A,Clean URL (S_URL = 0.00),33.3% DL / 33.3% ML / 33.3% URL (Equal),0.3333,0.3333,0.3333,0.8,0.5938,0.0,0.0,1.0,0.0,0.0,0.0,1.0,2.0309,0,288,0,197,485
Case 3A,Clean URL (S_URL = 0.00),33.3% DL / 33.3% ML / 33.3% URL (Equal),0.3333,0.3333,0.3333,0.85,0.5938,0.0,0.0,1.0,0.0,0.0,0.0,1.0,2.0309,0,288,0,197,485
Case 3A,Clean URL (S_URL = 0.00),33.3% DL / 33.3% ML / 33.3% URL (Equal),0.3333,0.3333,0.3333,0.9,0.5938,0.0,0.0,1.0,0.0,0.0,0.0,1.0,2.0309,0,288,0,197,485
Case 3A,Clean URL (S_URL = 0.00),70% DL / 15% ML / 15% URL,0.7,0.15,0.15,0.1,0.9381,0.8744,0.9898,0.9028,0.9286,0.8926,0.0972,0.0102,0.0784,195,260,28,2,485
Case 3A,Clean URL (S_URL = 0.00),70% DL / 15% ML / 15% URL,0.7,0.15,0.15,0.15,0.9423,0.8824,0.9898,0.9097,0.933,0.8996,0.0903,0.0102,0.0742,195,262,26,2,485
Case 3A,Clean URL (S_URL = 0.00),70% DL / 15% ML / 15% URL,0.7,0.15,0.15,0.2,0.9443,0.8935,0.9797,0.9201,0.9346,0.8998,0.0799,0.0203,0.0887,193,265,23,4,485
Case 3A,Clean URL (S_URL = 0.00),70% DL / 15% ML / 15% URL,0.7,0.15,0.15,0.25,0.9381,0.8995,0.9543,0.9271,0.9261,0.8814,0.0729,0.0457,0.1361,188,267,21,9,485
Case 3A,Clean URL (S_URL = 0.00),70% DL / 15% ML / 15% URL,0.7,0.15,0.15,0.3,0.934,0.9064,0.934,0.934,0.92,0.868,0.066,0.066,0.1732,184,269,19,13,485
Case 3A,Clean URL (S_URL = 0.00),70% DL / 15% ML / 15% URL,0.7,0.15,0.15,0.35,0.9361,0.9192,0.9239,0.9444,0.9215,0.8683,0.0556,0.0761,0.1876,182,272,16,15,485
Case 3A,Clean URL (S_URL = 0.00),70% DL / 15% ML / 15% URL,0.7,0.15,0.15,0.4,0.9464,0.9476,0.9188,0.9653,0.933,0.8841,0.0347,0.0812,0.1856,181,278,10,16,485
Case 3A,Clean URL (S_URL = 0.00),70% DL / 15% ML / 15% URL,0.7,0.15,0.15,0.45,0.9485,0.9526,0.9188,0.9688,0.9354,0.8875,0.0312,0.0812,0.1835,181,279,9,16,485
Case 3A,Clean URL (S_URL = 0.00),70% DL / 15% ML / 15% URL,0.7,0.15,0.15,0.5,0.9485,0.9526,0.9188,0.9688,0.9354,0.8875,0.0312,0.0812,0.1835,181,279,9,16,485
Case 3A,Clean URL (S_URL = 0.00),70% DL / 15% ML / 15% URL,0.7,0.15,0.15,0.55,0.9423,0.9519,0.9036,0.9688,0.9271,0.8723,0.0312,0.0964,0.2144,178,279,9,19,485
Case 3A,Clean URL (S_URL = 0.00),70% DL / 15% ML / 15% URL,0.7,0.15,0.15,0.6,0.9361,0.9511,0.8883,0.9688,0.9186,0.8571,0.0312,0.1117,0.2454,175,279,9,22,485
Case 3A,Clean URL (S_URL = 0.00),70% DL / 15% ML / 15% URL,0.7,0.15,0.15,0.65,0.934,0.9609,0.8731,0.9757,0.9149,0.8488,0.0243,0.1269,0.2722,172,281,7,25,485
Case 3A,Clean URL (S_URL = 0.00),70% DL / 15% ML / 15% URL,0.7,0.15,0.15,0.7,0.9237,0.9762,0.8325,0.9861,0.8986,0.8186,0.0139,0.1675,0.3485,164,284,4,33,485
Case 3A,Clean URL (S_URL = 0.00),70% DL / 15% ML / 15% URL,0.7,0.15,0.15,0.75,0.9237,0.9819,0.8274,0.9896,0.8981,0.817,0.0104,0.1726,0.3567,163,285,3,34,485
Case 3A,Clean URL (S_URL = 0.00),70% DL / 15% ML / 15% URL,0.7,0.15,0.15,0.8,0.8948,1.0,0.7411,1.0,0.8513,0.7411,0.0,0.2589,0.5258,146,288,0,51,485
Case 3A,Clean URL (S_URL = 0.00),70% DL / 15% ML / 15% URL,0.7,0.15,0.15,0.85,0.5938,0.0,0.0,1.0,0.0,0.0,0.0,1.0,2.0309,0,288,0,197,485
Case 3A,Clean URL (S_URL = 0.00),70% DL / 15% ML / 15% URL,0.7,0.15,0.15,0.9,0.5938,0.0,0.0,1.0,0.0,0.0,0.0,1.0,2.0309,0,288,0,197,485
Case 3A,Clean URL (S_URL = 0.00),40% DL / 20% ML / 40% URL (Heavy URL),0.4,0.2,0.4,0.1,0.9381,0.8744,0.9898,0.9028,0.9286,0.8926,0.0972,0.0102,0.0784,195,260,28,2,485
Case 3A,Clean URL (S_URL = 0.00),40% DL / 20% ML / 40% URL (Heavy URL),0.4,0.2,0.4,0.15,0.9464,0.8904,0.9898,0.9167,0.9375,0.9065,0.0833,0.0102,0.0701,195,264,24,2,485
Case 3A,Clean URL (S_URL = 0.00),40% DL / 20% ML / 40% URL (Heavy URL),0.4,0.2,0.4,0.2,0.9546,0.9147,0.9797,0.9375,0.9461,0.9172,0.0625,0.0203,0.0784,193,270,18,4,485
Case 3A,Clean URL (S_URL = 0.00),40% DL / 20% ML / 40% URL (Heavy URL),0.4,0.2,0.4,0.25,0.9546,0.9397,0.9492,0.9583,0.9444,0.9076,0.0417,0.0508,0.1278,187,276,12,10,485
Case 3A,Clean URL (S_URL = 0.00),40% DL / 20% ML / 40% URL (Heavy URL),0.4,0.2,0.4,0.3,0.9485,0.9526,0.9188,0.9688,0.9354,0.8875,0.0312,0.0812,0.1835,181,279,9,16,485
Case 3A,Clean URL (S_URL = 0.00),40% DL / 20% ML / 40% URL (Heavy URL),0.4,0.2,0.4,0.35,0.9485,0.9526,0.9188,0.9688,0.9354,0.8875,0.0312,0.0812,0.1835,181,279,9,16,485
Case 3A,Clean URL (S_URL = 0.00),40% DL / 20% ML / 40% URL (Heavy URL),0.4,0.2,0.4,0.4,0.9464,0.9672,0.8985,0.9792,0.9316,0.8776,0.0208,0.1015,0.2186,177,282,6,20,485
Case 3A,Clean URL (S_URL = 0.00),40% DL / 20% ML / 40% URL (Heavy URL),0.4,0.2,0.4,0.45,0.9381,0.9771,0.868,0.9861,0.9194,0.8541,0.0139,0.132,0.2763,171,284,4,26,485
Case 3A,Clean URL (S_URL = 0.00),40% DL / 20% ML / 40% URL (Heavy URL),0.4,0.2,0.4,0.5,0.9237,1.0,0.8122,1.0,0.8964,0.8122,0.0,0.1878,0.3814,160,288,0,37,485
Case 3A,Clean URL (S_URL = 0.00),40% DL / 20% ML / 40% URL (Heavy URL),0.4,0.2,0.4,0.55,0.901,1.0,0.7563,1.0,0.8613,0.7563,0.0,0.2437,0.4948,149,288,0,48,485
Case 3A,Clean URL (S_URL = 0.00),40% DL / 20% ML / 40% URL (Heavy URL),0.4,0.2,0.4,0.6,0.5938,0.0,0.0,1.0,0.0,0.0,0.0,1.0,2.0309,0,288,0,197,485
Case 3A,Clean URL (S_URL = 0.00),40% DL / 20% ML / 40% URL (Heavy URL),0.4,0.2,0.4,0.65,0.5938,0.0,0.0,1.0,0.0,0.0,0.0,1.0,2.0309,0,288,0,197,485
Case 3A,Clean URL (S_URL = 0.00),40% DL / 20% ML / 40% URL (Heavy URL),0.4,0.2,0.4,0.7,0.5938,0.0,0.0,1.0,0.0,0.0,0.0,1.0,2.0309,0,288,0,197,485
Case 3A,Clean URL (S_URL = 0.00),40% DL / 20% ML / 40% URL (Heavy URL),0.4,0.2,0.4,0.75,0.5938,0.0,0.0,1.0,0.0,0.0,0.0,1.0,2.0309,0,288,0,197,485
Case 3A,Clean URL (S_URL = 0.00),40% DL / 20% ML / 40% URL (Heavy URL),0.4,0.2,0.4,0.8,0.5938,0.0,0.0,1.0,0.0,0.0,0.0,1.0,2.0309,0,288,0,197,485
Case 3A,Clean URL (S_URL = 0.00),40% DL / 20% ML / 40% URL (Heavy URL),0.4,0.2,0.4,0.85,0.5938,0.0,0.0,1.0,0.0,0.0,0.0,1.0,2.0309,0,288,0,197,485
Case 3A,Clean URL (S_URL = 0.00),40% DL / 20% ML / 40% URL (Heavy URL),0.4,0.2,0.4,0.9,0.5938,0.0,0.0,1.0,0.0,0.0,0.0,1.0,2.0309,0,288,0,197,485
Case 3A,Clean URL (S_URL = 0.00),50% DL / 15% ML / 35% URL,0.5,0.15,0.35,0.1,0.9402,0.8784,0.9898,0.9062,0.9308,0.8961,0.0938,0.0102,0.0763,195,261,27,2,485
Case 3A,Clean URL (S_URL = 0.00),50% DL / 15% ML / 35% URL,0.5,0.15,0.35,0.15,0.9464,0.8904,0.9898,0.9167,0.9375,0.9065,0.0833,0.0102,0.0701,195,264,24,2,485
Case 3A,Clean URL (S_URL = 0.00),50% DL / 15% ML / 35% URL,0.5,0.15,0.35,0.2,0.9423,0.9043,0.9594,0.9306,0.931,0.8899,0.0694,0.0406,0.1237,189,268,20,8,485
Case 3A,Clean URL (S_URL = 0.00),50% DL / 15% ML / 35% URL,0.5,0.15,0.35,0.25,0.9423,0.9204,0.9391,0.9444,0.9296,0.8835,0.0556,0.0609,0.1567,185,272,16,12,485
Case 3A,Clean URL (S_URL = 0.00),50% DL / 15% ML / 35% URL,0.5,0.15,0.35,0.3,0.9464,0.943,0.9239,0.9618,0.9333,0.8857,0.0382,0.0761,0.1773,182,277,11,15,485
Case 3A,Clean URL (S_URL = 0.00),50% DL / 15% ML / 35% URL,0.5,0.15,0.35,0.35,0.9485,0.9526,0.9188,0.9688,0.9354,0.8875,0.0312,0.0812,0.1835,181,279,9,16,485
Case 3A,Clean URL (S_URL = 0.00),50% DL / 15% ML / 35% URL,0.5,0.15,0.35,0.4,0.9485,0.9526,0.9188,0.9688,0.9354,0.8875,0.0312,0.0812,0.1835,181,279,9,16,485
Case 3A,Clean URL (S_URL = 0.00),50% DL / 15% ML / 35% URL,0.5,0.15,0.35,0.45,0.9361,0.9511,0.8883,0.9688,0.9186,0.8571,0.0312,0.1117,0.2454,175,279,9,22,485
Case 3A,Clean URL (S_URL = 0.00),50% DL / 15% ML / 35% URL,0.5,0.15,0.35,0.5,0.9361,0.977,0.8629,0.9861,0.9164,0.8491,0.0139,0.1371,0.2866,170,284,4,27,485
Case 3A,Clean URL (S_URL = 0.00),50% DL / 15% ML / 35% URL,0.5,0.15,0.35,0.55,0.9216,0.976,0.8274,0.9861,0.8956,0.8135,0.0139,0.1726,0.3588,163,284,4,34,485
Case 3A,Clean URL (S_URL = 0.00),50% DL / 15% ML / 35% URL,0.5,0.15,0.35,0.6,0.9031,1.0,0.7614,1.0,0.8646,0.7614,0.0,0.2386,0.4845,150,288,0,47,485
Case 3A,Clean URL (S_URL = 0.00),50% DL / 15% ML / 35% URL,0.5,0.15,0.35,0.65,0.5938,0.0,0.0,1.0,0.0,0.0,0.0,1.0,2.0309,0,288,0,197,485
Case 3A,Clean URL (S_URL = 0.00),50% DL / 15% ML / 35% URL,0.5,0.15,0.35,0.7,0.5938,0.0,0.0,1.0,0.0,0.0,0.0,1.0,2.0309,0,288,0,197,485
Case 3A,Clean URL (S_URL = 0.00),50% DL / 15% ML / 35% URL,0.5,0.15,0.35,0.75,0.5938,0.0,0.0,1.0,0.0,0.0,0.0,1.0,2.0309,0,288,0,197,485
Case 3A,Clean URL (S_URL = 0.00),50% DL / 15% ML / 35% URL,0.5,0.15,0.35,0.8,0.5938,0.0,0.0,1.0,0.0,0.0,0.0,1.0,2.0309,0,288,0,197,485
Case 3A,Clean URL (S_URL = 0.00),50% DL / 15% ML / 35% URL,0.5,0.15,0.35,0.85,0.5938,0.0,0.0,1.0,0.0,0.0,0.0,1.0,2.0309,0,288,0,197,485
Case 3A,Clean URL (S_URL = 0.00),50% DL / 15% ML / 35% URL,0.5,0.15,0.35,0.9,0.5938,0.0,0.0,1.0,0.0,0.0,0.0,1.0,2.0309,0,288,0,197,485
Case 3A,Clean URL (S_URL = 0.00),60% DL / 10% ML / 30% URL,0.6,0.1,0.3,0.1,0.9423,0.8824,0.9898,0.9097,0.933,0.8996,0.0903,0.0102,0.0742,195,262,26,2,485
Case 3A,Clean URL (S_URL = 0.00),60% DL / 10% ML / 30% URL,0.6,0.1,0.3,0.15,0.9443,0.8899,0.9848,0.9167,0.9349,0.9014,0.0833,0.0152,0.0804,194,264,24,3,485
Case 3A,Clean URL (S_URL = 0.00),60% DL / 10% ML / 30% URL,0.6,0.1,0.3,0.2,0.9381,0.8995,0.9543,0.9271,0.9261,0.8814,0.0729,0.0457,0.1361,188,267,21,9,485
Case 3A,Clean URL (S_URL = 0.00),60% DL / 10% ML / 30% URL,0.6,0.1,0.3,0.25,0.9299,0.9055,0.9239,0.934,0.9146,0.8579,0.066,0.0761,0.1938,182,269,19,15,485
Case 3A,Clean URL (S_URL = 0.00),60% DL / 10% ML / 30% URL,0.6,0.1,0.3,0.3,0.9361,0.9192,0.9239,0.9444,0.9215,0.8683,0.0556,0.0761,0.1876,182,272,16,15,485
Case 3A,Clean URL (S_URL = 0.00),60% DL / 10% ML / 30% URL,0.6,0.1,0.3,0.35,0.9485,0.9526,0.9188,0.9688,0.9354,0.8875,0.0312,0.0812,0.1835,181,279,9,16,485
Case 3A,Clean URL (S_URL = 0.00),60% DL / 10% ML / 30% URL,0.6,0.1,0.3,0.4,0.9485,0.9526,0.9188,0.9688,0.9354,0.8875,0.0312,0.0812,0.1835,181,279,9,16,485
Case 3A,Clean URL (S_URL = 0.00),60% DL / 10% ML / 30% URL,0.6,0.1,0.3,0.45,0.9423,0.9519,0.9036,0.9688,0.9271,0.8723,0.0312,0.0964,0.2144,178,279,9,19,485
Case 3A,Clean URL (S_URL = 0.00),60% DL / 10% ML / 30% URL,0.6,0.1,0.3,0.5,0.9381,0.9514,0.8934,0.9688,0.9215,0.8622,0.0312,0.1066,0.2351,176,279,9,21,485
Case 3A,Clean URL (S_URL = 0.00),60% DL / 10% ML / 30% URL,0.6,0.1,0.3,0.55,0.932,0.9607,0.868,0.9757,0.912,0.8437,0.0243,0.132,0.2825,171,281,7,26,485
Case 3A,Clean URL (S_URL = 0.00),60% DL / 10% ML / 30% URL,0.6,0.1,0.3,0.6,0.9237,0.9762,0.8325,0.9861,0.8986,0.8186,0.0139,0.1675,0.3485,164,284,4,33,485
Case 3A,Clean URL (S_URL = 0.00),60% DL / 10% ML / 30% URL,0.6,0.1,0.3,0.65,0.9093,1.0,0.7766,1.0,0.8743,0.7766,0.0,0.2234,0.4536,153,288,0,44,485
Case 3A,Clean URL (S_URL = 0.00),60% DL / 10% ML / 30% URL,0.6,0.1,0.3,0.7,0.5938,0.0,0.0,1.0,0.0,0.0,0.0,1.0,2.0309,0,288,0,197,485
Case 3A,Clean URL (S_URL = 0.00),60% DL / 10% ML / 30% URL,0.6,0.1,0.3,0.75,0.5938,0.0,0.0,1.0,0.0,0.0,0.0,1.0,2.0309,0,288,0,197,485
Case 3A,Clean URL (S_URL = 0.00),60% DL / 10% ML / 30% URL,0.6,0.1,0.3,0.8,0.5938,0.0,0.0,1.0,0.0,0.0,0.0,1.0,2.0309,0,288,0,197,485
Case 3A,Clean URL (S_URL = 0.00),60% DL / 10% ML / 30% URL,0.6,0.1,0.3,0.85,0.5938,0.0,0.0,1.0,0.0,0.0,0.0,1.0,2.0309,0,288,0,197,485
Case 3A,Clean URL (S_URL = 0.00),60% DL / 10% ML / 30% URL,0.6,0.1,0.3,0.9,0.5938,0.0,0.0,1.0,0.0,0.0,0.0,1.0,2.0309,0,288,0,197,485
Case 3B,"Suspicious URL (S_URL = 0.30, floor 0.50)",50% DL / 25% ML / 25% URL (Current Backend Baseline),0.5,0.25,0.25,0.1,0.4062,0.4062,1.0,0.0,0.5777,0.0,1.0,0.0,0.5938,197,0,288,0,485
Case 3B,"Suspicious URL (S_URL = 0.30, floor 0.50)",50% DL / 25% ML / 25% URL (Current Backend Baseline),0.5,0.25,0.25,0.15,0.4062,0.4062,1.0,0.0,0.5777,0.0,1.0,0.0,0.5938,197,0,288,0,485
Case 3B,"Suspicious URL (S_URL = 0.30, floor 0.50)",50% DL / 25% ML / 25% URL (Current Backend Baseline),0.5,0.25,0.25,0.2,0.4062,0.4062,1.0,0.0,0.5777,0.0,1.0,0.0,0.5938,197,0,288,0,485
Case 3B,"Suspicious URL (S_URL = 0.30, floor 0.50)",50% DL / 25% ML / 25% URL (Current Backend Baseline),0.5,0.25,0.25,0.25,0.4062,0.4062,1.0,0.0,0.5777,0.0,1.0,0.0,0.5938,197,0,288,0,485
Case 3B,"Suspicious URL (S_URL = 0.30, floor 0.50)",50% DL / 25% ML / 25% URL (Current Backend Baseline),0.5,0.25,0.25,0.3,0.4062,0.4062,1.0,0.0,0.5777,0.0,1.0,0.0,0.5938,197,0,288,0,485
Case 3B,"Suspicious URL (S_URL = 0.30, floor 0.50)",50% DL / 25% ML / 25% URL (Current Backend Baseline),0.5,0.25,0.25,0.35,0.4062,0.4062,1.0,0.0,0.5777,0.0,1.0,0.0,0.5938,197,0,288,0,485
Case 3B,"Suspicious URL (S_URL = 0.30, floor 0.50)",50% DL / 25% ML / 25% URL (Current Backend Baseline),0.5,0.25,0.25,0.4,0.4062,0.4062,1.0,0.0,0.5777,0.0,1.0,0.0,0.5938,197,0,288,0,485
Case 3B,"Suspicious URL (S_URL = 0.30, floor 0.50)",50% DL / 25% ML / 25% URL (Current Backend Baseline),0.5,0.25,0.25,0.45,0.4062,0.4062,1.0,0.0,0.5777,0.0,1.0,0.0,0.5938,197,0,288,0,485
Case 3B,"Suspicious URL (S_URL = 0.30, floor 0.50)",50% DL / 25% ML / 25% URL (Current Backend Baseline),0.5,0.25,0.25,0.5,0.4062,0.4062,1.0,0.0,0.5777,0.0,1.0,0.0,0.5938,197,0,288,0,485
Case 3B,"Suspicious URL (S_URL = 0.30, floor 0.50)",50% DL / 25% ML / 25% URL (Current Backend Baseline),0.5,0.25,0.25,0.55,0.9485,0.9574,0.9137,0.9722,0.9351,0.8859,0.0278,0.0863,0.1918,180,280,8,17,485
Case 3B,"Suspicious URL (S_URL = 0.30, floor 0.50)",50% DL / 25% ML / 25% URL (Current Backend Baseline),0.5,0.25,0.25,0.6,0.9443,0.967,0.8934,0.9792,0.9288,0.8726,0.0208,0.1066,0.2289,176,282,6,21,485
Case 3B,"Suspicious URL (S_URL = 0.30, floor 0.50)",50% DL / 25% ML / 25% URL (Current Backend Baseline),0.5,0.25,0.25,0.65,0.934,0.9769,0.8579,0.9861,0.9135,0.844,0.0139,0.1421,0.2969,169,284,4,28,485
Case 3B,"Suspicious URL (S_URL = 0.30, floor 0.50)",50% DL / 25% ML / 25% URL (Current Backend Baseline),0.5,0.25,0.25,0.7,0.9237,1.0,0.8122,1.0,0.8964,0.8122,0.0,0.1878,0.3814,160,288,0,37,485
Case 3B,"Suspicious URL (S_URL = 0.30, floor 0.50)",50% DL / 25% ML / 25% URL (Current Backend Baseline),0.5,0.25,0.25,0.75,0.9052,1.0,0.7665,1.0,0.8678,0.7665,0.0,0.2335,0.4742,151,288,0,46,485
Case 3B,"Suspicious URL (S_URL = 0.30, floor 0.50)",50% DL / 25% ML / 25% URL (Current Backend Baseline),0.5,0.25,0.25,0.8,0.7959,1.0,0.4975,1.0,0.6644,0.4975,0.0,0.5025,1.0206,98,288,0,99,485
Case 3B,"Suspicious URL (S_URL = 0.30, floor 0.50)",50% DL / 25% ML / 25% URL (Current Backend Baseline),0.5,0.25,0.25,0.85,0.5938,0.0,0.0,1.0,0.0,0.0,0.0,1.0,2.0309,0,288,0,197,485
Case 3B,"Suspicious URL (S_URL = 0.30, floor 0.50)",50% DL / 25% ML / 25% URL (Current Backend Baseline),0.5,0.25,0.25,0.9,0.5938,0.0,0.0,1.0,0.0,0.0,0.0,1.0,2.0309,0,288,0,197,485
Case 3B,"Suspicious URL (S_URL = 0.30, floor 0.50)",60% DL / 20% ML / 20% URL,0.6,0.2,0.2,0.1,0.4062,0.4062,1.0,0.0,0.5777,0.0,1.0,0.0,0.5938,197,0,288,0,485
Case 3B,"Suspicious URL (S_URL = 0.30, floor 0.50)",60% DL / 20% ML / 20% URL,0.6,0.2,0.2,0.15,0.4062,0.4062,1.0,0.0,0.5777,0.0,1.0,0.0,0.5938,197,0,288,0,485
Case 3B,"Suspicious URL (S_URL = 0.30, floor 0.50)",60% DL / 20% ML / 20% URL,0.6,0.2,0.2,0.2,0.4062,0.4062,1.0,0.0,0.5777,0.0,1.0,0.0,0.5938,197,0,288,0,485
Case 3B,"Suspicious URL (S_URL = 0.30, floor 0.50)",60% DL / 20% ML / 20% URL,0.6,0.2,0.2,0.25,0.4062,0.4062,1.0,0.0,0.5777,0.0,1.0,0.0,0.5938,197,0,288,0,485
Case 3B,"Suspicious URL (S_URL = 0.30, floor 0.50)",60% DL / 20% ML / 20% URL,0.6,0.2,0.2,0.3,0.4062,0.4062,1.0,0.0,0.5777,0.0,1.0,0.0,0.5938,197,0,288,0,485
Case 3B,"Suspicious URL (S_URL = 0.30, floor 0.50)",60% DL / 20% ML / 20% URL,0.6,0.2,0.2,0.35,0.4062,0.4062,1.0,0.0,0.5777,0.0,1.0,0.0,0.5938,197,0,288,0,485
Case 3B,"Suspicious URL (S_URL = 0.30, floor 0.50)",60% DL / 20% ML / 20% URL,0.6,0.2,0.2,0.4,0.4062,0.4062,1.0,0.0,0.5777,0.0,1.0,0.0,0.5938,197,0,288,0,485
Case 3B,"Suspicious URL (S_URL = 0.30, floor 0.50)",60% DL / 20% ML / 20% URL,0.6,0.2,0.2,0.45,0.4062,0.4062,1.0,0.0,0.5777,0.0,1.0,0.0,0.5938,197,0,288,0,485
Case 3B,"Suspicious URL (S_URL = 0.30, floor 0.50)",60% DL / 20% ML / 20% URL,0.6,0.2,0.2,0.5,0.4062,0.4062,1.0,0.0,0.5777,0.0,1.0,0.0,0.5938,197,0,288,0,485
Case 3B,"Suspicious URL (S_URL = 0.30, floor 0.50)",60% DL / 20% ML / 20% URL,0.6,0.2,0.2,0.55,0.9485,0.9526,0.9188,0.9688,0.9354,0.8875,0.0312,0.0812,0.1835,181,279,9,16,485
Case 3B,"Suspicious URL (S_URL = 0.30, floor 0.50)",60% DL / 20% ML / 20% URL,0.6,0.2,0.2,0.6,0.9381,0.9514,0.8934,0.9688,0.9215,0.8622,0.0312,0.1066,0.2351,176,279,9,21,485
Case 3B,"Suspicious URL (S_URL = 0.30, floor 0.50)",60% DL / 20% ML / 20% URL,0.6,0.2,0.2,0.65,0.9423,0.9669,0.8883,0.9792,0.9259,0.8675,0.0208,0.1117,0.2392,175,282,6,22,485
Case 3B,"Suspicious URL (S_URL = 0.30, floor 0.50)",60% DL / 20% ML / 20% URL,0.6,0.2,0.2,0.7,0.934,0.9769,0.8579,0.9861,0.9135,0.844,0.0139,0.1421,0.2969,169,284,4,28,485
Case 3B,"Suspicious URL (S_URL = 0.30, floor 0.50)",60% DL / 20% ML / 20% URL,0.6,0.2,0.2,0.75,0.9237,1.0,0.8122,1.0,0.8964,0.8122,0.0,0.1878,0.3814,160,288,0,37,485
Case 3B,"Suspicious URL (S_URL = 0.30, floor 0.50)",60% DL / 20% ML / 20% URL,0.6,0.2,0.2,0.8,0.9031,1.0,0.7614,1.0,0.8646,0.7614,0.0,0.2386,0.4845,150,288,0,47,485
Case 3B,"Suspicious URL (S_URL = 0.30, floor 0.50)",60% DL / 20% ML / 20% URL,0.6,0.2,0.2,0.85,0.6887,1.0,0.2335,1.0,0.3786,0.2335,0.0,0.7665,1.5567,46,288,0,151,485
Case 3B,"Suspicious URL (S_URL = 0.30, floor 0.50)",60% DL / 20% ML / 20% URL,0.6,0.2,0.2,0.9,0.5938,0.0,0.0,1.0,0.0,0.0,0.0,1.0,2.0309,0,288,0,197,485
Case 3B,"Suspicious URL (S_URL = 0.30, floor 0.50)",40% DL / 30% ML / 30% URL,0.4,0.3,0.3,0.1,0.4062,0.4062,1.0,0.0,0.5777,0.0,1.0,0.0,0.5938,197,0,288,0,485
Case 3B,"Suspicious URL (S_URL = 0.30, floor 0.50)",40% DL / 30% ML / 30% URL,0.4,0.3,0.3,0.15,0.4062,0.4062,1.0,0.0,0.5777,0.0,1.0,0.0,0.5938,197,0,288,0,485
Case 3B,"Suspicious URL (S_URL = 0.30, floor 0.50)",40% DL / 30% ML / 30% URL,0.4,0.3,0.3,0.2,0.4062,0.4062,1.0,0.0,0.5777,0.0,1.0,0.0,0.5938,197,0,288,0,485
Case 3B,"Suspicious URL (S_URL = 0.30, floor 0.50)",40% DL / 30% ML / 30% URL,0.4,0.3,0.3,0.25,0.4062,0.4062,1.0,0.0,0.5777,0.0,1.0,0.0,0.5938,197,0,288,0,485
Case 3B,"Suspicious URL (S_URL = 0.30, floor 0.50)",40% DL / 30% ML / 30% URL,0.4,0.3,0.3,0.3,0.4062,0.4062,1.0,0.0,0.5777,0.0,1.0,0.0,0.5938,197,0,288,0,485
Case 3B,"Suspicious URL (S_URL = 0.30, floor 0.50)",40% DL / 30% ML / 30% URL,0.4,0.3,0.3,0.35,0.4062,0.4062,1.0,0.0,0.5777,0.0,1.0,0.0,0.5938,197,0,288,0,485
Case 3B,"Suspicious URL (S_URL = 0.30, floor 0.50)",40% DL / 30% ML / 30% URL,0.4,0.3,0.3,0.4,0.4062,0.4062,1.0,0.0,0.5777,0.0,1.0,0.0,0.5938,197,0,288,0,485
Case 3B,"Suspicious URL (S_URL = 0.30, floor 0.50)",40% DL / 30% ML / 30% URL,0.4,0.3,0.3,0.45,0.4062,0.4062,1.0,0.0,0.5777,0.0,1.0,0.0,0.5938,197,0,288,0,485
Case 3B,"Suspicious URL (S_URL = 0.30, floor 0.50)",40% DL / 30% ML / 30% URL,0.4,0.3,0.3,0.5,0.4062,0.4062,1.0,0.0,0.5777,0.0,1.0,0.0,0.5938,197,0,288,0,485
Case 3B,"Suspicious URL (S_URL = 0.30, floor 0.50)",40% DL / 30% ML / 30% URL,0.4,0.3,0.3,0.55,0.9526,0.9728,0.9086,0.9826,0.9396,0.8913,0.0174,0.0914,0.1959,179,283,5,18,485
Case 3B,"Suspicious URL (S_URL = 0.30, floor 0.50)",40% DL / 30% ML / 30% URL,0.4,0.3,0.3,0.6,0.9381,0.9718,0.8731,0.9826,0.9198,0.8557,0.0174,0.1269,0.268,172,283,5,25,485
Case 3B,"Suspicious URL (S_URL = 0.30, floor 0.50)",40% DL / 30% ML / 30% URL,0.4,0.3,0.3,0.65,0.9299,1.0,0.8274,1.0,0.9056,0.8274,0.0,0.1726,0.3505,163,288,0,34,485
Case 3B,"Suspicious URL (S_URL = 0.30, floor 0.50)",40% DL / 30% ML / 30% URL,0.4,0.3,0.3,0.7,0.9093,1.0,0.7766,1.0,0.8743,0.7766,0.0,0.2234,0.4536,153,288,0,44,485
Case 3B,"Suspicious URL (S_URL = 0.30, floor 0.50)",40% DL / 30% ML / 30% URL,0.4,0.3,0.3,0.75,0.8371,1.0,0.599,1.0,0.7492,0.599,0.0,0.401,0.8144,118,288,0,79,485
Case 3B,"Suspicious URL (S_URL = 0.30, floor 0.50)",40% DL / 30% ML / 30% URL,0.4,0.3,0.3,0.8,0.5938,0.0,0.0,1.0,0.0,0.0,0.0,1.0,2.0309,0,288,0,197,485
Case 3B,"Suspicious URL (S_URL = 0.30, floor 0.50)",40% DL / 30% ML / 30% URL,0.4,0.3,0.3,0.85,0.5938,0.0,0.0,1.0,0.0,0.0,0.0,1.0,2.0309,0,288,0,197,485
Case 3B,"Suspicious URL (S_URL = 0.30, floor 0.50)",40% DL / 30% ML / 30% URL,0.4,0.3,0.3,0.9,0.5938,0.0,0.0,1.0,0.0,0.0,0.0,1.0,2.0309,0,288,0,197,485
Case 3B,"Suspicious URL (S_URL = 0.30, floor 0.50)",33.3% DL / 33.3% ML / 33.3% URL (Equal),0.3333,0.3333,0.3333,0.1,0.4062,0.4062,1.0,0.0,0.5777,0.0,1.0,0.0,0.5938,197,0,288,0,485
Case 3B,"Suspicious URL (S_URL = 0.30, floor 0.50)",33.3% DL / 33.3% ML / 33.3% URL (Equal),0.3333,0.3333,0.3333,0.15,0.4062,0.4062,1.0,0.0,0.5777,0.0,1.0,0.0,0.5938,197,0,288,0,485
Case 3B,"Suspicious URL (S_URL = 0.30, floor 0.50)",33.3% DL / 33.3% ML / 33.3% URL (Equal),0.3333,0.3333,0.3333,0.2,0.4062,0.4062,1.0,0.0,0.5777,0.0,1.0,0.0,0.5938,197,0,288,0,485
Case 3B,"Suspicious URL (S_URL = 0.30, floor 0.50)",33.3% DL / 33.3% ML / 33.3% URL (Equal),0.3333,0.3333,0.3333,0.25,0.4062,0.4062,1.0,0.0,0.5777,0.0,1.0,0.0,0.5938,197,0,288,0,485
Case 3B,"Suspicious URL (S_URL = 0.30, floor 0.50)",33.3% DL / 33.3% ML / 33.3% URL (Equal),0.3333,0.3333,0.3333,0.3,0.4062,0.4062,1.0,0.0,0.5777,0.0,1.0,0.0,0.5938,197,0,288,0,485
Case 3B,"Suspicious URL (S_URL = 0.30, floor 0.50)",33.3% DL / 33.3% ML / 33.3% URL (Equal),0.3333,0.3333,0.3333,0.35,0.4062,0.4062,1.0,0.0,0.5777,0.0,1.0,0.0,0.5938,197,0,288,0,485
Case 3B,"Suspicious URL (S_URL = 0.30, floor 0.50)",33.3% DL / 33.3% ML / 33.3% URL (Equal),0.3333,0.3333,0.3333,0.4,0.4062,0.4062,1.0,0.0,0.5777,0.0,1.0,0.0,0.5938,197,0,288,0,485
Case 3B,"Suspicious URL (S_URL = 0.30, floor 0.50)",33.3% DL / 33.3% ML / 33.3% URL (Equal),0.3333,0.3333,0.3333,0.45,0.4062,0.4062,1.0,0.0,0.5777,0.0,1.0,0.0,0.5938,197,0,288,0,485
Case 3B,"Suspicious URL (S_URL = 0.30, floor 0.50)",33.3% DL / 33.3% ML / 33.3% URL (Equal),0.3333,0.3333,0.3333,0.5,0.4062,0.4062,1.0,0.0,0.5777,0.0,1.0,0.0,0.5938,197,0,288,0,485
Case 3B,"Suspicious URL (S_URL = 0.30, floor 0.50)",33.3% DL / 33.3% ML / 33.3% URL (Equal),0.3333,0.3333,0.3333,0.55,0.9464,0.9724,0.8934,0.9826,0.9312,0.876,0.0174,0.1066,0.2268,176,283,5,21,485
Case 3B,"Suspicious URL (S_URL = 0.30, floor 0.50)",33.3% DL / 33.3% ML / 33.3% URL (Equal),0.3333,0.3333,0.3333,0.6,0.9381,0.9941,0.8528,0.9965,0.918,0.8493,0.0035,0.1472,0.301,168,287,1,29,485
Case 3B,"Suspicious URL (S_URL = 0.30, floor 0.50)",33.3% DL / 33.3% ML / 33.3% URL (Equal),0.3333,0.3333,0.3333,0.65,0.9237,1.0,0.8122,1.0,0.8964,0.8122,0.0,0.1878,0.3814,160,288,0,37,485
Case 3B,"Suspicious URL (S_URL = 0.30, floor 0.50)",33.3% DL / 33.3% ML / 33.3% URL (Equal),0.3333,0.3333,0.3333,0.7,0.8948,1.0,0.7411,1.0,0.8513,0.7411,0.0,0.2589,0.5258,146,288,0,51,485
Case 3B,"Suspicious URL (S_URL = 0.30, floor 0.50)",33.3% DL / 33.3% ML / 33.3% URL (Equal),0.3333,0.3333,0.3333,0.75,0.6969,1.0,0.2538,1.0,0.4049,0.2538,0.0,0.7462,1.5155,50,288,0,147,485
Case 3B,"Suspicious URL (S_URL = 0.30, floor 0.50)",33.3% DL / 33.3% ML / 33.3% URL (Equal),0.3333,0.3333,0.3333,0.8,0.5938,0.0,0.0,1.0,0.0,0.0,0.0,1.0,2.0309,0,288,0,197,485
Case 3B,"Suspicious URL (S_URL = 0.30, floor 0.50)",33.3% DL / 33.3% ML / 33.3% URL (Equal),0.3333,0.3333,0.3333,0.85,0.5938,0.0,0.0,1.0,0.0,0.0,0.0,1.0,2.0309,0,288,0,197,485
Case 3B,"Suspicious URL (S_URL = 0.30, floor 0.50)",33.3% DL / 33.3% ML / 33.3% URL (Equal),0.3333,0.3333,0.3333,0.9,0.5938,0.0,0.0,1.0,0.0,0.0,0.0,1.0,2.0309,0,288,0,197,485
Case 3B,"Suspicious URL (S_URL = 0.30, floor 0.50)",70% DL / 15% ML / 15% URL,0.7,0.15,0.15,0.1,0.4062,0.4062,1.0,0.0,0.5777,0.0,1.0,0.0,0.5938,197,0,288,0,485
Case 3B,"Suspicious URL (S_URL = 0.30, floor 0.50)",70% DL / 15% ML / 15% URL,0.7,0.15,0.15,0.15,0.4062,0.4062,1.0,0.0,0.5777,0.0,1.0,0.0,0.5938,197,0,288,0,485
Case 3B,"Suspicious URL (S_URL = 0.30, floor 0.50)",70% DL / 15% ML / 15% URL,0.7,0.15,0.15,0.2,0.4062,0.4062,1.0,0.0,0.5777,0.0,1.0,0.0,0.5938,197,0,288,0,485
Case 3B,"Suspicious URL (S_URL = 0.30, floor 0.50)",70% DL / 15% ML / 15% URL,0.7,0.15,0.15,0.25,0.4062,0.4062,1.0,0.0,0.5777,0.0,1.0,0.0,0.5938,197,0,288,0,485
Case 3B,"Suspicious URL (S_URL = 0.30, floor 0.50)",70% DL / 15% ML / 15% URL,0.7,0.15,0.15,0.3,0.4062,0.4062,1.0,0.0,0.5777,0.0,1.0,0.0,0.5938,197,0,288,0,485
Case 3B,"Suspicious URL (S_URL = 0.30, floor 0.50)",70% DL / 15% ML / 15% URL,0.7,0.15,0.15,0.35,0.4062,0.4062,1.0,0.0,0.5777,0.0,1.0,0.0,0.5938,197,0,288,0,485
Case 3B,"Suspicious URL (S_URL = 0.30, floor 0.50)",70% DL / 15% ML / 15% URL,0.7,0.15,0.15,0.4,0.4062,0.4062,1.0,0.0,0.5777,0.0,1.0,0.0,0.5938,197,0,288,0,485
Case 3B,"Suspicious URL (S_URL = 0.30, floor 0.50)",70% DL / 15% ML / 15% URL,0.7,0.15,0.15,0.45,0.4062,0.4062,1.0,0.0,0.5777,0.0,1.0,0.0,0.5938,197,0,288,0,485
Case 3B,"Suspicious URL (S_URL = 0.30, floor 0.50)",70% DL / 15% ML / 15% URL,0.7,0.15,0.15,0.5,0.4062,0.4062,1.0,0.0,0.5777,0.0,1.0,0.0,0.5938,197,0,288,0,485
Case 3B,"Suspicious URL (S_URL = 0.30, floor 0.50)",70% DL / 15% ML / 15% URL,0.7,0.15,0.15,0.55,0.9485,0.9526,0.9188,0.9688,0.9354,0.8875,0.0312,0.0812,0.1835,181,279,9,16,485
Case 3B,"Suspicious URL (S_URL = 0.30, floor 0.50)",70% DL / 15% ML / 15% URL,0.7,0.15,0.15,0.6,0.9423,0.9519,0.9036,0.9688,0.9271,0.8723,0.0312,0.0964,0.2144,178,279,9,19,485
Case 3B,"Suspicious URL (S_URL = 0.30, floor 0.50)",70% DL / 15% ML / 15% URL,0.7,0.15,0.15,0.65,0.9361,0.9511,0.8883,0.9688,0.9186,0.8571,0.0312,0.1117,0.2454,175,279,9,22,485
Case 3B,"Suspicious URL (S_URL = 0.30, floor 0.50)",70% DL / 15% ML / 15% URL,0.7,0.15,0.15,0.7,0.934,0.9609,0.8731,0.9757,0.9149,0.8488,0.0243,0.1269,0.2722,172,281,7,25,485
Case 3B,"Suspicious URL (S_URL = 0.30, floor 0.50)",70% DL / 15% ML / 15% URL,0.7,0.15,0.15,0.75,0.9237,0.9762,0.8325,0.9861,0.8986,0.8186,0.0139,0.1675,0.3485,164,284,4,33,485
Case 3B,"Suspicious URL (S_URL = 0.30, floor 0.50)",70% DL / 15% ML / 15% URL,0.7,0.15,0.15,0.8,0.9237,0.9938,0.8173,0.9965,0.8969,0.8138,0.0035,0.1827,0.3732,161,287,1,36,485
Case 3B,"Suspicious URL (S_URL = 0.30, floor 0.50)",70% DL / 15% ML / 15% URL,0.7,0.15,0.15,0.85,0.868,1.0,0.6751,1.0,0.8061,0.6751,0.0,0.3249,0.6598,133,288,0,64,485
Case 3B,"Suspicious URL (S_URL = 0.30, floor 0.50)",70% DL / 15% ML / 15% URL,0.7,0.15,0.15,0.9,0.5938,0.0,0.0,1.0,0.0,0.0,0.0,1.0,2.0309,0,288,0,197,485
Case 3B,"Suspicious URL (S_URL = 0.30, floor 0.50)",40% DL / 20% ML / 40% URL (Heavy URL),0.4,0.2,0.4,0.1,0.4062,0.4062,1.0,0.0,0.5777,0.0,1.0,0.0,0.5938,197,0,288,0,485
Case 3B,"Suspicious URL (S_URL = 0.30, floor 0.50)",40% DL / 20% ML / 40% URL (Heavy URL),0.4,0.2,0.4,0.15,0.4062,0.4062,1.0,0.0,0.5777,0.0,1.0,0.0,0.5938,197,0,288,0,485
Case 3B,"Suspicious URL (S_URL = 0.30, floor 0.50)",40% DL / 20% ML / 40% URL (Heavy URL),0.4,0.2,0.4,0.2,0.4062,0.4062,1.0,0.0,0.5777,0.0,1.0,0.0,0.5938,197,0,288,0,485
Case 3B,"Suspicious URL (S_URL = 0.30, floor 0.50)",40% DL / 20% ML / 40% URL (Heavy URL),0.4,0.2,0.4,0.25,0.4062,0.4062,1.0,0.0,0.5777,0.0,1.0,0.0,0.5938,197,0,288,0,485
Case 3B,"Suspicious URL (S_URL = 0.30, floor 0.50)",40% DL / 20% ML / 40% URL (Heavy URL),0.4,0.2,0.4,0.3,0.4062,0.4062,1.0,0.0,0.5777,0.0,1.0,0.0,0.5938,197,0,288,0,485
Case 3B,"Suspicious URL (S_URL = 0.30, floor 0.50)",40% DL / 20% ML / 40% URL (Heavy URL),0.4,0.2,0.4,0.35,0.4062,0.4062,1.0,0.0,0.5777,0.0,1.0,0.0,0.5938,197,0,288,0,485
Case 3B,"Suspicious URL (S_URL = 0.30, floor 0.50)",40% DL / 20% ML / 40% URL (Heavy URL),0.4,0.2,0.4,0.4,0.4062,0.4062,1.0,0.0,0.5777,0.0,1.0,0.0,0.5938,197,0,288,0,485
Case 3B,"Suspicious URL (S_URL = 0.30, floor 0.50)",40% DL / 20% ML / 40% URL (Heavy URL),0.4,0.2,0.4,0.45,0.4062,0.4062,1.0,0.0,0.5777,0.0,1.0,0.0,0.5938,197,0,288,0,485
Case 3B,"Suspicious URL (S_URL = 0.30, floor 0.50)",40% DL / 20% ML / 40% URL (Heavy URL),0.4,0.2,0.4,0.5,0.4062,0.4062,1.0,0.0,0.5777,0.0,1.0,0.0,0.5938,197,0,288,0,485
Case 3B,"Suspicious URL (S_URL = 0.30, floor 0.50)",40% DL / 20% ML / 40% URL (Heavy URL),0.4,0.2,0.4,0.55,0.9443,0.9722,0.8883,0.9826,0.9284,0.871,0.0174,0.1117,0.2371,175,283,5,22,485
Case 3B,"Suspicious URL (S_URL = 0.30, floor 0.50)",40% DL / 20% ML / 40% URL (Heavy URL),0.4,0.2,0.4,0.6,0.934,0.9825,0.8528,0.9896,0.913,0.8424,0.0104,0.1472,0.3052,168,285,3,29,485
Case 3B,"Suspicious URL (S_URL = 0.30, floor 0.50)",40% DL / 20% ML / 40% URL (Heavy URL),0.4,0.2,0.4,0.65,0.9113,1.0,0.7817,1.0,0.8775,0.7817,0.0,0.2183,0.4433,154,288,0,43,485
Case 3B,"Suspicious URL (S_URL = 0.30, floor 0.50)",40% DL / 20% ML / 40% URL (Heavy URL),0.4,0.2,0.4,0.7,0.7959,1.0,0.4975,1.0,0.6644,0.4975,0.0,0.5025,1.0206,98,288,0,99,485
Case 3B,"Suspicious URL (S_URL = 0.30, floor 0.50)",40% DL / 20% ML / 40% URL (Heavy URL),0.4,0.2,0.4,0.75,0.5938,0.0,0.0,1.0,0.0,0.0,0.0,1.0,2.0309,0,288,0,197,485
Case 3B,"Suspicious URL (S_URL = 0.30, floor 0.50)",40% DL / 20% ML / 40% URL (Heavy URL),0.4,0.2,0.4,0.8,0.5938,0.0,0.0,1.0,0.0,0.0,0.0,1.0,2.0309,0,288,0,197,485
Case 3B,"Suspicious URL (S_URL = 0.30, floor 0.50)",40% DL / 20% ML / 40% URL (Heavy URL),0.4,0.2,0.4,0.85,0.5938,0.0,0.0,1.0,0.0,0.0,0.0,1.0,2.0309,0,288,0,197,485
Case 3B,"Suspicious URL (S_URL = 0.30, floor 0.50)",40% DL / 20% ML / 40% URL (Heavy URL),0.4,0.2,0.4,0.9,0.5938,0.0,0.0,1.0,0.0,0.0,0.0,1.0,2.0309,0,288,0,197,485
Case 3B,"Suspicious URL (S_URL = 0.30, floor 0.50)",50% DL / 15% ML / 35% URL,0.5,0.15,0.35,0.1,0.4062,0.4062,1.0,0.0,0.5777,0.0,1.0,0.0,0.5938,197,0,288,0,485
Case 3B,"Suspicious URL (S_URL = 0.30, floor 0.50)",50% DL / 15% ML / 35% URL,0.5,0.15,0.35,0.15,0.4062,0.4062,1.0,0.0,0.5777,0.0,1.0,0.0,0.5938,197,0,288,0,485
Case 3B,"Suspicious URL (S_URL = 0.30, floor 0.50)",50% DL / 15% ML / 35% URL,0.5,0.15,0.35,0.2,0.4062,0.4062,1.0,0.0,0.5777,0.0,1.0,0.0,0.5938,197,0,288,0,485
Case 3B,"Suspicious URL (S_URL = 0.30, floor 0.50)",50% DL / 15% ML / 35% URL,0.5,0.15,0.35,0.25,0.4062,0.4062,1.0,0.0,0.5777,0.0,1.0,0.0,0.5938,197,0,288,0,485
Case 3B,"Suspicious URL (S_URL = 0.30, floor 0.50)",50% DL / 15% ML / 35% URL,0.5,0.15,0.35,0.3,0.4062,0.4062,1.0,0.0,0.5777,0.0,1.0,0.0,0.5938,197,0,288,0,485
Case 3B,"Suspicious URL (S_URL = 0.30, floor 0.50)",50% DL / 15% ML / 35% URL,0.5,0.15,0.35,0.35,0.4062,0.4062,1.0,0.0,0.5777,0.0,1.0,0.0,0.5938,197,0,288,0,485
Case 3B,"Suspicious URL (S_URL = 0.30, floor 0.50)",50% DL / 15% ML / 35% URL,0.5,0.15,0.35,0.4,0.4062,0.4062,1.0,0.0,0.5777,0.0,1.0,0.0,0.5938,197,0,288,0,485
Case 3B,"Suspicious URL (S_URL = 0.30, floor 0.50)",50% DL / 15% ML / 35% URL,0.5,0.15,0.35,0.45,0.4062,0.4062,1.0,0.0,0.5777,0.0,1.0,0.0,0.5938,197,0,288,0,485
Case 3B,"Suspicious URL (S_URL = 0.30, floor 0.50)",50% DL / 15% ML / 35% URL,0.5,0.15,0.35,0.5,0.4062,0.4062,1.0,0.0,0.5777,0.0,1.0,0.0,0.5938,197,0,288,0,485
Case 3B,"Suspicious URL (S_URL = 0.30, floor 0.50)",50% DL / 15% ML / 35% URL,0.5,0.15,0.35,0.55,0.9381,0.9514,0.8934,0.9688,0.9215,0.8622,0.0312,0.1066,0.2351,176,279,9,21,485
Case 3B,"Suspicious URL (S_URL = 0.30, floor 0.50)",50% DL / 15% ML / 35% URL,0.5,0.15,0.35,0.6,0.9361,0.9716,0.868,0.9826,0.9169,0.8507,0.0174,0.132,0.2784,171,283,5,26,485
Case 3B,"Suspicious URL (S_URL = 0.30, floor 0.50)",50% DL / 15% ML / 35% URL,0.5,0.15,0.35,0.65,0.9216,0.976,0.8274,0.9861,0.8956,0.8135,0.0139,0.1726,0.3588,163,284,4,34,485
Case 3B,"Suspicious URL (S_URL = 0.30, floor 0.50)",50% DL / 15% ML / 35% URL,0.5,0.15,0.35,0.7,0.9072,1.0,0.7716,1.0,0.8711,0.7716,0.0,0.2284,0.4639,152,288,0,45,485
Case 3B,"Suspicious URL (S_URL = 0.30, floor 0.50)",50% DL / 15% ML / 35% URL,0.5,0.15,0.35,0.75,0.633,1.0,0.0964,1.0,0.1759,0.0964,0.0,0.9036,1.8351,19,288,0,178,485
Case 3B,"Suspicious URL (S_URL = 0.30, floor 0.50)",50% DL / 15% ML / 35% URL,0.5,0.15,0.35,0.8,0.5938,0.0,0.0,1.0,0.0,0.0,0.0,1.0,2.0309,0,288,0,197,485
Case 3B,"Suspicious URL (S_URL = 0.30, floor 0.50)",50% DL / 15% ML / 35% URL,0.5,0.15,0.35,0.85,0.5938,0.0,0.0,1.0,0.0,0.0,0.0,1.0,2.0309,0,288,0,197,485
Case 3B,"Suspicious URL (S_URL = 0.30, floor 0.50)",50% DL / 15% ML / 35% URL,0.5,0.15,0.35,0.9,0.5938,0.0,0.0,1.0,0.0,0.0,0.0,1.0,2.0309,0,288,0,197,485
Case 3B,"Suspicious URL (S_URL = 0.30, floor 0.50)",60% DL / 10% ML / 30% URL,0.6,0.1,0.3,0.1,0.4062,0.4062,1.0,0.0,0.5777,0.0,1.0,0.0,0.5938,197,0,288,0,485
Case 3B,"Suspicious URL (S_URL = 0.30, floor 0.50)",60% DL / 10% ML / 30% URL,0.6,0.1,0.3,0.15,0.4062,0.4062,1.0,0.0,0.5777,0.0,1.0,0.0,0.5938,197,0,288,0,485
Case 3B,"Suspicious URL (S_URL = 0.30, floor 0.50)",60% DL / 10% ML / 30% URL,0.6,0.1,0.3,0.2,0.4062,0.4062,1.0,0.0,0.5777,0.0,1.0,0.0,0.5938,197,0,288,0,485
Case 3B,"Suspicious URL (S_URL = 0.30, floor 0.50)",60% DL / 10% ML / 30% URL,0.6,0.1,0.3,0.25,0.4062,0.4062,1.0,0.0,0.5777,0.0,1.0,0.0,0.5938,197,0,288,0,485
Case 3B,"Suspicious URL (S_URL = 0.30, floor 0.50)",60% DL / 10% ML / 30% URL,0.6,0.1,0.3,0.3,0.4062,0.4062,1.0,0.0,0.5777,0.0,1.0,0.0,0.5938,197,0,288,0,485
Case 3B,"Suspicious URL (S_URL = 0.30, floor 0.50)",60% DL / 10% ML / 30% URL,0.6,0.1,0.3,0.35,0.4062,0.4062,1.0,0.0,0.5777,0.0,1.0,0.0,0.5938,197,0,288,0,485
Case 3B,"Suspicious URL (S_URL = 0.30, floor 0.50)",60% DL / 10% ML / 30% URL,0.6,0.1,0.3,0.4,0.4062,0.4062,1.0,0.0,0.5777,0.0,1.0,0.0,0.5938,197,0,288,0,485
Case 3B,"Suspicious URL (S_URL = 0.30, floor 0.50)",60% DL / 10% ML / 30% URL,0.6,0.1,0.3,0.45,0.4062,0.4062,1.0,0.0,0.5777,0.0,1.0,0.0,0.5938,197,0,288,0,485
Case 3B,"Suspicious URL (S_URL = 0.30, floor 0.50)",60% DL / 10% ML / 30% URL,0.6,0.1,0.3,0.5,0.4062,0.4062,1.0,0.0,0.5777,0.0,1.0,0.0,0.5938,197,0,288,0,485
Case 3B,"Suspicious URL (S_URL = 0.30, floor 0.50)",60% DL / 10% ML / 30% URL,0.6,0.1,0.3,0.55,0.9423,0.9519,0.9036,0.9688,0.9271,0.8723,0.0312,0.0964,0.2144,178,279,9,19,485
Case 3B,"Suspicious URL (S_URL = 0.30, floor 0.50)",60% DL / 10% ML / 30% URL,0.6,0.1,0.3,0.6,0.934,0.9508,0.8832,0.9688,0.9158,0.852,0.0312,0.1168,0.2557,174,279,9,23,485
Case 3B,"Suspicious URL (S_URL = 0.30, floor 0.50)",60% DL / 10% ML / 30% URL,0.6,0.1,0.3,0.65,0.9278,0.9602,0.8579,0.9757,0.9062,0.8336,0.0243,0.1421,0.3031,169,281,7,28,485
Case 3B,"Suspicious URL (S_URL = 0.30, floor 0.50)",60% DL / 10% ML / 30% URL,0.6,0.1,0.3,0.7,0.9237,0.9762,0.8325,0.9861,0.8986,0.8186,0.0139,0.1675,0.3485,164,284,4,33,485
Case 3B,"Suspicious URL (S_URL = 0.30, floor 0.50)",60% DL / 10% ML / 30% URL,0.6,0.1,0.3,0.75,0.8948,1.0,0.7411,1.0,0.8513,0.7411,0.0,0.2589,0.5258,146,288,0,51,485
Case 3B,"Suspicious URL (S_URL = 0.30, floor 0.50)",60% DL / 10% ML / 30% URL,0.6,0.1,0.3,0.8,0.5938,0.0,0.0,1.0,0.0,0.0,0.0,1.0,2.0309,0,288,0,197,485
Case 3B,"Suspicious URL (S_URL = 0.30, floor 0.50)",60% DL / 10% ML / 30% URL,0.6,0.1,0.3,0.85,0.5938,0.0,0.0,1.0,0.0,0.0,0.0,1.0,2.0309,0,288,0,197,485
Case 3B,"Suspicious URL (S_URL = 0.30, floor 0.50)",60% DL / 10% ML / 30% URL,0.6,0.1,0.3,0.9,0.5938,0.0,0.0,1.0,0.0,0.0,0.0,1.0,2.0309,0,288,0,197,485
Case 3C,"Malicious URL (S_URL = 0.85, override 0.85)",50% DL / 25% ML / 25% URL (Current Backend Baseline),0.5,0.25,0.25,0.1,0.4062,0.4062,1.0,0.0,0.5777,0.0,1.0,0.0,0.5938,197,0,288,0,485
Case 3C,"Malicious URL (S_URL = 0.85, override 0.85)",50% DL / 25% ML / 25% URL (Current Backend Baseline),0.5,0.25,0.25,0.15,0.4062,0.4062,1.0,0.0,0.5777,0.0,1.0,0.0,0.5938,197,0,288,0,485
Case 3C,"Malicious URL (S_URL = 0.85, override 0.85)",50% DL / 25% ML / 25% URL (Current Backend Baseline),0.5,0.25,0.25,0.2,0.4062,0.4062,1.0,0.0,0.5777,0.0,1.0,0.0,0.5938,197,0,288,0,485
Case 3C,"Malicious URL (S_URL = 0.85, override 0.85)",50% DL / 25% ML / 25% URL (Current Backend Baseline),0.5,0.25,0.25,0.25,0.4062,0.4062,1.0,0.0,0.5777,0.0,1.0,0.0,0.5938,197,0,288,0,485
Case 3C,"Malicious URL (S_URL = 0.85, override 0.85)",50% DL / 25% ML / 25% URL (Current Backend Baseline),0.5,0.25,0.25,0.3,0.4062,0.4062,1.0,0.0,0.5777,0.0,1.0,0.0,0.5938,197,0,288,0,485
Case 3C,"Malicious URL (S_URL = 0.85, override 0.85)",50% DL / 25% ML / 25% URL (Current Backend Baseline),0.5,0.25,0.25,0.35,0.4062,0.4062,1.0,0.0,0.5777,0.0,1.0,0.0,0.5938,197,0,288,0,485
Case 3C,"Malicious URL (S_URL = 0.85, override 0.85)",50% DL / 25% ML / 25% URL (Current Backend Baseline),0.5,0.25,0.25,0.4,0.4062,0.4062,1.0,0.0,0.5777,0.0,1.0,0.0,0.5938,197,0,288,0,485
Case 3C,"Malicious URL (S_URL = 0.85, override 0.85)",50% DL / 25% ML / 25% URL (Current Backend Baseline),0.5,0.25,0.25,0.45,0.4062,0.4062,1.0,0.0,0.5777,0.0,1.0,0.0,0.5938,197,0,288,0,485
Case 3C,"Malicious URL (S_URL = 0.85, override 0.85)",50% DL / 25% ML / 25% URL (Current Backend Baseline),0.5,0.25,0.25,0.5,0.4062,0.4062,1.0,0.0,0.5777,0.0,1.0,0.0,0.5938,197,0,288,0,485
Case 3C,"Malicious URL (S_URL = 0.85, override 0.85)",50% DL / 25% ML / 25% URL (Current Backend Baseline),0.5,0.25,0.25,0.55,0.4062,0.4062,1.0,0.0,0.5777,0.0,1.0,0.0,0.5938,197,0,288,0,485
Case 3C,"Malicious URL (S_URL = 0.85, override 0.85)",50% DL / 25% ML / 25% URL (Current Backend Baseline),0.5,0.25,0.25,0.6,0.4062,0.4062,1.0,0.0,0.5777,0.0,1.0,0.0,0.5938,197,0,288,0,485
Case 3C,"Malicious URL (S_URL = 0.85, override 0.85)",50% DL / 25% ML / 25% URL (Current Backend Baseline),0.5,0.25,0.25,0.65,0.4062,0.4062,1.0,0.0,0.5777,0.0,1.0,0.0,0.5938,197,0,288,0,485
Case 3C,"Malicious URL (S_URL = 0.85, override 0.85)",50% DL / 25% ML / 25% URL (Current Backend Baseline),0.5,0.25,0.25,0.7,0.4062,0.4062,1.0,0.0,0.5777,0.0,1.0,0.0,0.5938,197,0,288,0,485
Case 3C,"Malicious URL (S_URL = 0.85, override 0.85)",50% DL / 25% ML / 25% URL (Current Backend Baseline),0.5,0.25,0.25,0.75,0.4062,0.4062,1.0,0.0,0.5777,0.0,1.0,0.0,0.5938,197,0,288,0,485
Case 3C,"Malicious URL (S_URL = 0.85, override 0.85)",50% DL / 25% ML / 25% URL (Current Backend Baseline),0.5,0.25,0.25,0.8,0.4062,0.4062,1.0,0.0,0.5777,0.0,1.0,0.0,0.5938,197,0,288,0,485
Case 3C,"Malicious URL (S_URL = 0.85, override 0.85)",50% DL / 25% ML / 25% URL (Current Backend Baseline),0.5,0.25,0.25,0.85,0.4062,0.4062,1.0,0.0,0.5777,0.0,1.0,0.0,0.5938,197,0,288,0,485
Case 3C,"Malicious URL (S_URL = 0.85, override 0.85)",50% DL / 25% ML / 25% URL (Current Backend Baseline),0.5,0.25,0.25,0.9,0.901,1.0,0.7563,1.0,0.8613,0.7563,0.0,0.2437,0.4948,149,288,0,48,485
Case 3C,"Malicious URL (S_URL = 0.85, override 0.85)",60% DL / 20% ML / 20% URL,0.6,0.2,0.2,0.1,0.4062,0.4062,1.0,0.0,0.5777,0.0,1.0,0.0,0.5938,197,0,288,0,485
Case 3C,"Malicious URL (S_URL = 0.85, override 0.85)",60% DL / 20% ML / 20% URL,0.6,0.2,0.2,0.15,0.4062,0.4062,1.0,0.0,0.5777,0.0,1.0,0.0,0.5938,197,0,288,0,485
Case 3C,"Malicious URL (S_URL = 0.85, override 0.85)",60% DL / 20% ML / 20% URL,0.6,0.2,0.2,0.2,0.4062,0.4062,1.0,0.0,0.5777,0.0,1.0,0.0,0.5938,197,0,288,0,485
Case 3C,"Malicious URL (S_URL = 0.85, override 0.85)",60% DL / 20% ML / 20% URL,0.6,0.2,0.2,0.25,0.4062,0.4062,1.0,0.0,0.5777,0.0,1.0,0.0,0.5938,197,0,288,0,485
Case 3C,"Malicious URL (S_URL = 0.85, override 0.85)",60% DL / 20% ML / 20% URL,0.6,0.2,0.2,0.3,0.4062,0.4062,1.0,0.0,0.5777,0.0,1.0,0.0,0.5938,197,0,288,0,485
Case 3C,"Malicious URL (S_URL = 0.85, override 0.85)",60% DL / 20% ML / 20% URL,0.6,0.2,0.2,0.35,0.4062,0.4062,1.0,0.0,0.5777,0.0,1.0,0.0,0.5938,197,0,288,0,485
Case 3C,"Malicious URL (S_URL = 0.85, override 0.85)",60% DL / 20% ML / 20% URL,0.6,0.2,0.2,0.4,0.4062,0.4062,1.0,0.0,0.5777,0.0,1.0,0.0,0.5938,197,0,288,0,485
Case 3C,"Malicious URL (S_URL = 0.85, override 0.85)",60% DL / 20% ML / 20% URL,0.6,0.2,0.2,0.45,0.4062,0.4062,1.0,0.0,0.5777,0.0,1.0,0.0,0.5938,197,0,288,0,485
Case 3C,"Malicious URL (S_URL = 0.85, override 0.85)",60% DL / 20% ML / 20% URL,0.6,0.2,0.2,0.5,0.4062,0.4062,1.0,0.0,0.5777,0.0,1.0,0.0,0.5938,197,0,288,0,485
Case 3C,"Malicious URL (S_URL = 0.85, override 0.85)",60% DL / 20% ML / 20% URL,0.6,0.2,0.2,0.55,0.4062,0.4062,1.0,0.0,0.5777,0.0,1.0,0.0,0.5938,197,0,288,0,485
Case 3C,"Malicious URL (S_URL = 0.85, override 0.85)",60% DL / 20% ML / 20% URL,0.6,0.2,0.2,0.6,0.4062,0.4062,1.0,0.0,0.5777,0.0,1.0,0.0,0.5938,197,0,288,0,485
Case 3C,"Malicious URL (S_URL = 0.85, override 0.85)",60% DL / 20% ML / 20% URL,0.6,0.2,0.2,0.65,0.4062,0.4062,1.0,0.0,0.5777,0.0,1.0,0.0,0.5938,197,0,288,0,485
Case 3C,"Malicious URL (S_URL = 0.85, override 0.85)",60% DL / 20% ML / 20% URL,0.6,0.2,0.2,0.7,0.4062,0.4062,1.0,0.0,0.5777,0.0,1.0,0.0,0.5938,197,0,288,0,485
Case 3C,"Malicious URL (S_URL = 0.85, override 0.85)",60% DL / 20% ML / 20% URL,0.6,0.2,0.2,0.75,0.4062,0.4062,1.0,0.0,0.5777,0.0,1.0,0.0,0.5938,197,0,288,0,485
Case 3C,"Malicious URL (S_URL = 0.85, override 0.85)",60% DL / 20% ML / 20% URL,0.6,0.2,0.2,0.8,0.4062,0.4062,1.0,0.0,0.5777,0.0,1.0,0.0,0.5938,197,0,288,0,485
Case 3C,"Malicious URL (S_URL = 0.85, override 0.85)",60% DL / 20% ML / 20% URL,0.6,0.2,0.2,0.85,0.4062,0.4062,1.0,0.0,0.5777,0.0,1.0,0.0,0.5938,197,0,288,0,485
Case 3C,"Malicious URL (S_URL = 0.85, override 0.85)",60% DL / 20% ML / 20% URL,0.6,0.2,0.2,0.9,0.9052,1.0,0.7665,1.0,0.8678,0.7665,0.0,0.2335,0.4742,151,288,0,46,485
Case 3C,"Malicious URL (S_URL = 0.85, override 0.85)",40% DL / 30% ML / 30% URL,0.4,0.3,0.3,0.1,0.4062,0.4062,1.0,0.0,0.5777,0.0,1.0,0.0,0.5938,197,0,288,0,485
Case 3C,"Malicious URL (S_URL = 0.85, override 0.85)",40% DL / 30% ML / 30% URL,0.4,0.3,0.3,0.15,0.4062,0.4062,1.0,0.0,0.5777,0.0,1.0,0.0,0.5938,197,0,288,0,485
Case 3C,"Malicious URL (S_URL = 0.85, override 0.85)",40% DL / 30% ML / 30% URL,0.4,0.3,0.3,0.2,0.4062,0.4062,1.0,0.0,0.5777,0.0,1.0,0.0,0.5938,197,0,288,0,485
Case 3C,"Malicious URL (S_URL = 0.85, override 0.85)",40% DL / 30% ML / 30% URL,0.4,0.3,0.3,0.25,0.4062,0.4062,1.0,0.0,0.5777,0.0,1.0,0.0,0.5938,197,0,288,0,485
Case 3C,"Malicious URL (S_URL = 0.85, override 0.85)",40% DL / 30% ML / 30% URL,0.4,0.3,0.3,0.3,0.4062,0.4062,1.0,0.0,0.5777,0.0,1.0,0.0,0.5938,197,0,288,0,485
Case 3C,"Malicious URL (S_URL = 0.85, override 0.85)",40% DL / 30% ML / 30% URL,0.4,0.3,0.3,0.35,0.4062,0.4062,1.0,0.0,0.5777,0.0,1.0,0.0,0.5938,197,0,288,0,485
Case 3C,"Malicious URL (S_URL = 0.85, override 0.85)",40% DL / 30% ML / 30% URL,0.4,0.3,0.3,0.4,0.4062,0.4062,1.0,0.0,0.5777,0.0,1.0,0.0,0.5938,197,0,288,0,485
Case 3C,"Malicious URL (S_URL = 0.85, override 0.85)",40% DL / 30% ML / 30% URL,0.4,0.3,0.3,0.45,0.4062,0.4062,1.0,0.0,0.5777,0.0,1.0,0.0,0.5938,197,0,288,0,485
Case 3C,"Malicious URL (S_URL = 0.85, override 0.85)",40% DL / 30% ML / 30% URL,0.4,0.3,0.3,0.5,0.4062,0.4062,1.0,0.0,0.5777,0.0,1.0,0.0,0.5938,197,0,288,0,485
Case 3C,"Malicious URL (S_URL = 0.85, override 0.85)",40% DL / 30% ML / 30% URL,0.4,0.3,0.3,0.55,0.4062,0.4062,1.0,0.0,0.5777,0.0,1.0,0.0,0.5938,197,0,288,0,485
Case 3C,"Malicious URL (S_URL = 0.85, override 0.85)",40% DL / 30% ML / 30% URL,0.4,0.3,0.3,0.6,0.4062,0.4062,1.0,0.0,0.5777,0.0,1.0,0.0,0.5938,197,0,288,0,485
Case 3C,"Malicious URL (S_URL = 0.85, override 0.85)",40% DL / 30% ML / 30% URL,0.4,0.3,0.3,0.65,0.4062,0.4062,1.0,0.0,0.5777,0.0,1.0,0.0,0.5938,197,0,288,0,485
Case 3C,"Malicious URL (S_URL = 0.85, override 0.85)",40% DL / 30% ML / 30% URL,0.4,0.3,0.3,0.7,0.4062,0.4062,1.0,0.0,0.5777,0.0,1.0,0.0,0.5938,197,0,288,0,485
Case 3C,"Malicious URL (S_URL = 0.85, override 0.85)",40% DL / 30% ML / 30% URL,0.4,0.3,0.3,0.75,0.4062,0.4062,1.0,0.0,0.5777,0.0,1.0,0.0,0.5938,197,0,288,0,485
Case 3C,"Malicious URL (S_URL = 0.85, override 0.85)",40% DL / 30% ML / 30% URL,0.4,0.3,0.3,0.8,0.4062,0.4062,1.0,0.0,0.5777,0.0,1.0,0.0,0.5938,197,0,288,0,485
Case 3C,"Malicious URL (S_URL = 0.85, override 0.85)",40% DL / 30% ML / 30% URL,0.4,0.3,0.3,0.85,0.4062,0.4062,1.0,0.0,0.5777,0.0,1.0,0.0,0.5938,197,0,288,0,485
Case 3C,"Malicious URL (S_URL = 0.85, override 0.85)",40% DL / 30% ML / 30% URL,0.4,0.3,0.3,0.9,0.8845,1.0,0.7157,1.0,0.8343,0.7157,0.0,0.2843,0.5773,141,288,0,56,485
Case 3C,"Malicious URL (S_URL = 0.85, override 0.85)",33.3% DL / 33.3% ML / 33.3% URL (Equal),0.3333,0.3333,0.3333,0.1,0.4062,0.4062,1.0,0.0,0.5777,0.0,1.0,0.0,0.5938,197,0,288,0,485
Case 3C,"Malicious URL (S_URL = 0.85, override 0.85)",33.3% DL / 33.3% ML / 33.3% URL (Equal),0.3333,0.3333,0.3333,0.15,0.4062,0.4062,1.0,0.0,0.5777,0.0,1.0,0.0,0.5938,197,0,288,0,485
Case 3C,"Malicious URL (S_URL = 0.85, override 0.85)",33.3% DL / 33.3% ML / 33.3% URL (Equal),0.3333,0.3333,0.3333,0.2,0.4062,0.4062,1.0,0.0,0.5777,0.0,1.0,0.0,0.5938,197,0,288,0,485
Case 3C,"Malicious URL (S_URL = 0.85, override 0.85)",33.3% DL / 33.3% ML / 33.3% URL (Equal),0.3333,0.3333,0.3333,0.25,0.4062,0.4062,1.0,0.0,0.5777,0.0,1.0,0.0,0.5938,197,0,288,0,485
Case 3C,"Malicious URL (S_URL = 0.85, override 0.85)",33.3% DL / 33.3% ML / 33.3% URL (Equal),0.3333,0.3333,0.3333,0.3,0.4062,0.4062,1.0,0.0,0.5777,0.0,1.0,0.0,0.5938,197,0,288,0,485
Case 3C,"Malicious URL (S_URL = 0.85, override 0.85)",33.3% DL / 33.3% ML / 33.3% URL (Equal),0.3333,0.3333,0.3333,0.35,0.4062,0.4062,1.0,0.0,0.5777,0.0,1.0,0.0,0.5938,197,0,288,0,485
Case 3C,"Malicious URL (S_URL = 0.85, override 0.85)",33.3% DL / 33.3% ML / 33.3% URL (Equal),0.3333,0.3333,0.3333,0.4,0.4062,0.4062,1.0,0.0,0.5777,0.0,1.0,0.0,0.5938,197,0,288,0,485
Case 3C,"Malicious URL (S_URL = 0.85, override 0.85)",33.3% DL / 33.3% ML / 33.3% URL (Equal),0.3333,0.3333,0.3333,0.45,0.4062,0.4062,1.0,0.0,0.5777,0.0,1.0,0.0,0.5938,197,0,288,0,485
Case 3C,"Malicious URL (S_URL = 0.85, override 0.85)",33.3% DL / 33.3% ML / 33.3% URL (Equal),0.3333,0.3333,0.3333,0.5,0.4062,0.4062,1.0,0.0,0.5777,0.0,1.0,0.0,0.5938,197,0,288,0,485
Case 3C,"Malicious URL (S_URL = 0.85, override 0.85)",33.3% DL / 33.3% ML / 33.3% URL (Equal),0.3333,0.3333,0.3333,0.55,0.4062,0.4062,1.0,0.0,0.5777,0.0,1.0,0.0,0.5938,197,0,288,0,485
Case 3C,"Malicious URL (S_URL = 0.85, override 0.85)",33.3% DL / 33.3% ML / 33.3% URL (Equal),0.3333,0.3333,0.3333,0.6,0.4062,0.4062,1.0,0.0,0.5777,0.0,1.0,0.0,0.5938,197,0,288,0,485
Case 3C,"Malicious URL (S_URL = 0.85, override 0.85)",33.3% DL / 33.3% ML / 33.3% URL (Equal),0.3333,0.3333,0.3333,0.65,0.4062,0.4062,1.0,0.0,0.5777,0.0,1.0,0.0,0.5938,197,0,288,0,485
Case 3C,"Malicious URL (S_URL = 0.85, override 0.85)",33.3% DL / 33.3% ML / 33.3% URL (Equal),0.3333,0.3333,0.3333,0.7,0.4062,0.4062,1.0,0.0,0.5777,0.0,1.0,0.0,0.5938,197,0,288,0,485
Case 3C,"Malicious URL (S_URL = 0.85, override 0.85)",33.3% DL / 33.3% ML / 33.3% URL (Equal),0.3333,0.3333,0.3333,0.75,0.4062,0.4062,1.0,0.0,0.5777,0.0,1.0,0.0,0.5938,197,0,288,0,485
Case 3C,"Malicious URL (S_URL = 0.85, override 0.85)",33.3% DL / 33.3% ML / 33.3% URL (Equal),0.3333,0.3333,0.3333,0.8,0.4062,0.4062,1.0,0.0,0.5777,0.0,1.0,0.0,0.5938,197,0,288,0,485
Case 3C,"Malicious URL (S_URL = 0.85, override 0.85)",33.3% DL / 33.3% ML / 33.3% URL (Equal),0.3333,0.3333,0.3333,0.85,0.4062,0.4062,1.0,0.0,0.5777,0.0,1.0,0.0,0.5938,197,0,288,0,485
Case 3C,"Malicious URL (S_URL = 0.85, override 0.85)",33.3% DL / 33.3% ML / 33.3% URL (Equal),0.3333,0.3333,0.3333,0.9,0.8701,1.0,0.6802,1.0,0.8097,0.6802,0.0,0.3198,0.6495,134,288,0,63,485
Case 3C,"Malicious URL (S_URL = 0.85, override 0.85)",70% DL / 15% ML / 15% URL,0.7,0.15,0.15,0.1,0.4062,0.4062,1.0,0.0,0.5777,0.0,1.0,0.0,0.5938,197,0,288,0,485
Case 3C,"Malicious URL (S_URL = 0.85, override 0.85)",70% DL / 15% ML / 15% URL,0.7,0.15,0.15,0.15,0.4062,0.4062,1.0,0.0,0.5777,0.0,1.0,0.0,0.5938,197,0,288,0,485
Case 3C,"Malicious URL (S_URL = 0.85, override 0.85)",70% DL / 15% ML / 15% URL,0.7,0.15,0.15,0.2,0.4062,0.4062,1.0,0.0,0.5777,0.0,1.0,0.0,0.5938,197,0,288,0,485
Case 3C,"Malicious URL (S_URL = 0.85, override 0.85)",70% DL / 15% ML / 15% URL,0.7,0.15,0.15,0.25,0.4062,0.4062,1.0,0.0,0.5777,0.0,1.0,0.0,0.5938,197,0,288,0,485
Case 3C,"Malicious URL (S_URL = 0.85, override 0.85)",70% DL / 15% ML / 15% URL,0.7,0.15,0.15,0.3,0.4062,0.4062,1.0,0.0,0.5777,0.0,1.0,0.0,0.5938,197,0,288,0,485
Case 3C,"Malicious URL (S_URL = 0.85, override 0.85)",70% DL / 15% ML / 15% URL,0.7,0.15,0.15,0.35,0.4062,0.4062,1.0,0.0,0.5777,0.0,1.0,0.0,0.5938,197,0,288,0,485
Case 3C,"Malicious URL (S_URL = 0.85, override 0.85)",70% DL / 15% ML / 15% URL,0.7,0.15,0.15,0.4,0.4062,0.4062,1.0,0.0,0.5777,0.0,1.0,0.0,0.5938,197,0,288,0,485
Case 3C,"Malicious URL (S_URL = 0.85, override 0.85)",70% DL / 15% ML / 15% URL,0.7,0.15,0.15,0.45,0.4062,0.4062,1.0,0.0,0.5777,0.0,1.0,0.0,0.5938,197,0,288,0,485
Case 3C,"Malicious URL (S_URL = 0.85, override 0.85)",70% DL / 15% ML / 15% URL,0.7,0.15,0.15,0.5,0.4062,0.4062,1.0,0.0,0.5777,0.0,1.0,0.0,0.5938,197,0,288,0,485
Case 3C,"Malicious URL (S_URL = 0.85, override 0.85)",70% DL / 15% ML / 15% URL,0.7,0.15,0.15,0.55,0.4062,0.4062,1.0,0.0,0.5777,0.0,1.0,0.0,0.5938,197,0,288,0,485
Case 3C,"Malicious URL (S_URL = 0.85, override 0.85)",70% DL / 15% ML / 15% URL,0.7,0.15,0.15,0.6,0.4062,0.4062,1.0,0.0,0.5777,0.0,1.0,0.0,0.5938,197,0,288,0,485
Case 3C,"Malicious URL (S_URL = 0.85, override 0.85)",70% DL / 15% ML / 15% URL,0.7,0.15,0.15,0.65,0.4062,0.4062,1.0,0.0,0.5777,0.0,1.0,0.0,0.5938,197,0,288,0,485
Case 3C,"Malicious URL (S_URL = 0.85, override 0.85)",70% DL / 15% ML / 15% URL,0.7,0.15,0.15,0.7,0.4062,0.4062,1.0,0.0,0.5777,0.0,1.0,0.0,0.5938,197,0,288,0,485
Case 3C,"Malicious URL (S_URL = 0.85, override 0.85)",70% DL / 15% ML / 15% URL,0.7,0.15,0.15,0.75,0.4062,0.4062,1.0,0.0,0.5777,0.0,1.0,0.0,0.5938,197,0,288,0,485
Case 3C,"Malicious URL (S_URL = 0.85, override 0.85)",70% DL / 15% ML / 15% URL,0.7,0.15,0.15,0.8,0.4062,0.4062,1.0,0.0,0.5777,0.0,1.0,0.0,0.5938,197,0,288,0,485
Case 3C,"Malicious URL (S_URL = 0.85, override 0.85)",70% DL / 15% ML / 15% URL,0.7,0.15,0.15,0.85,0.4062,0.4062,1.0,0.0,0.5777,0.0,1.0,0.0,0.5938,197,0,288,0,485
Case 3C,"Malicious URL (S_URL = 0.85, override 0.85)",70% DL / 15% ML / 15% URL,0.7,0.15,0.15,0.9,0.9134,1.0,0.7868,1.0,0.8807,0.7868,0.0,0.2132,0.433,155,288,0,42,485
Case 3C,"Malicious URL (S_URL = 0.85, override 0.85)",40% DL / 20% ML / 40% URL (Heavy URL),0.4,0.2,0.4,0.1,0.4062,0.4062,1.0,0.0,0.5777,0.0,1.0,0.0,0.5938,197,0,288,0,485
Case 3C,"Malicious URL (S_URL = 0.85, override 0.85)",40% DL / 20% ML / 40% URL (Heavy URL),0.4,0.2,0.4,0.15,0.4062,0.4062,1.0,0.0,0.5777,0.0,1.0,0.0,0.5938,197,0,288,0,485
Case 3C,"Malicious URL (S_URL = 0.85, override 0.85)",40% DL / 20% ML / 40% URL (Heavy URL),0.4,0.2,0.4,0.2,0.4062,0.4062,1.0,0.0,0.5777,0.0,1.0,0.0,0.5938,197,0,288,0,485
Case 3C,"Malicious URL (S_URL = 0.85, override 0.85)",40% DL / 20% ML / 40% URL (Heavy URL),0.4,0.2,0.4,0.25,0.4062,0.4062,1.0,0.0,0.5777,0.0,1.0,0.0,0.5938,197,0,288,0,485
Case 3C,"Malicious URL (S_URL = 0.85, override 0.85)",40% DL / 20% ML / 40% URL (Heavy URL),0.4,0.2,0.4,0.3,0.4062,0.4062,1.0,0.0,0.5777,0.0,1.0,0.0,0.5938,197,0,288,0,485
Case 3C,"Malicious URL (S_URL = 0.85, override 0.85)",40% DL / 20% ML / 40% URL (Heavy URL),0.4,0.2,0.4,0.35,0.4062,0.4062,1.0,0.0,0.5777,0.0,1.0,0.0,0.5938,197,0,288,0,485
Case 3C,"Malicious URL (S_URL = 0.85, override 0.85)",40% DL / 20% ML / 40% URL (Heavy URL),0.4,0.2,0.4,0.4,0.4062,0.4062,1.0,0.0,0.5777,0.0,1.0,0.0,0.5938,197,0,288,0,485
Case 3C,"Malicious URL (S_URL = 0.85, override 0.85)",40% DL / 20% ML / 40% URL (Heavy URL),0.4,0.2,0.4,0.45,0.4062,0.4062,1.0,0.0,0.5777,0.0,1.0,0.0,0.5938,197,0,288,0,485
Case 3C,"Malicious URL (S_URL = 0.85, override 0.85)",40% DL / 20% ML / 40% URL (Heavy URL),0.4,0.2,0.4,0.5,0.4062,0.4062,1.0,0.0,0.5777,0.0,1.0,0.0,0.5938,197,0,288,0,485
Case 3C,"Malicious URL (S_URL = 0.85, override 0.85)",40% DL / 20% ML / 40% URL (Heavy URL),0.4,0.2,0.4,0.55,0.4062,0.4062,1.0,0.0,0.5777,0.0,1.0,0.0,0.5938,197,0,288,0,485
Case 3C,"Malicious URL (S_URL = 0.85, override 0.85)",40% DL / 20% ML / 40% URL (Heavy URL),0.4,0.2,0.4,0.6,0.4062,0.4062,1.0,0.0,0.5777,0.0,1.0,0.0,0.5938,197,0,288,0,485
Case 3C,"Malicious URL (S_URL = 0.85, override 0.85)",40% DL / 20% ML / 40% URL (Heavy URL),0.4,0.2,0.4,0.65,0.4062,0.4062,1.0,0.0,0.5777,0.0,1.0,0.0,0.5938,197,0,288,0,485
Case 3C,"Malicious URL (S_URL = 0.85, override 0.85)",40% DL / 20% ML / 40% URL (Heavy URL),0.4,0.2,0.4,0.7,0.4062,0.4062,1.0,0.0,0.5777,0.0,1.0,0.0,0.5938,197,0,288,0,485
Case 3C,"Malicious URL (S_URL = 0.85, override 0.85)",40% DL / 20% ML / 40% URL (Heavy URL),0.4,0.2,0.4,0.75,0.4062,0.4062,1.0,0.0,0.5777,0.0,1.0,0.0,0.5938,197,0,288,0,485
Case 3C,"Malicious URL (S_URL = 0.85, override 0.85)",40% DL / 20% ML / 40% URL (Heavy URL),0.4,0.2,0.4,0.8,0.4062,0.4062,1.0,0.0,0.5777,0.0,1.0,0.0,0.5938,197,0,288,0,485
Case 3C,"Malicious URL (S_URL = 0.85, override 0.85)",40% DL / 20% ML / 40% URL (Heavy URL),0.4,0.2,0.4,0.85,0.4062,0.4062,1.0,0.0,0.5777,0.0,1.0,0.0,0.5938,197,0,288,0,485
Case 3C,"Malicious URL (S_URL = 0.85, override 0.85)",40% DL / 20% ML / 40% URL (Heavy URL),0.4,0.2,0.4,0.9,0.8845,1.0,0.7157,1.0,0.8343,0.7157,0.0,0.2843,0.5773,141,288,0,56,485
Case 3C,"Malicious URL (S_URL = 0.85, override 0.85)",50% DL / 15% ML / 35% URL,0.5,0.15,0.35,0.1,0.4062,0.4062,1.0,0.0,0.5777,0.0,1.0,0.0,0.5938,197,0,288,0,485
Case 3C,"Malicious URL (S_URL = 0.85, override 0.85)",50% DL / 15% ML / 35% URL,0.5,0.15,0.35,0.15,0.4062,0.4062,1.0,0.0,0.5777,0.0,1.0,0.0,0.5938,197,0,288,0,485
Case 3C,"Malicious URL (S_URL = 0.85, override 0.85)",50% DL / 15% ML / 35% URL,0.5,0.15,0.35,0.2,0.4062,0.4062,1.0,0.0,0.5777,0.0,1.0,0.0,0.5938,197,0,288,0,485
Case 3C,"Malicious URL (S_URL = 0.85, override 0.85)",50% DL / 15% ML / 35% URL,0.5,0.15,0.35,0.25,0.4062,0.4062,1.0,0.0,0.5777,0.0,1.0,0.0,0.5938,197,0,288,0,485
Case 3C,"Malicious URL (S_URL = 0.85, override 0.85)",50% DL / 15% ML / 35% URL,0.5,0.15,0.35,0.3,0.4062,0.4062,1.0,0.0,0.5777,0.0,1.0,0.0,0.5938,197,0,288,0,485
Case 3C,"Malicious URL (S_URL = 0.85, override 0.85)",50% DL / 15% ML / 35% URL,0.5,0.15,0.35,0.35,0.4062,0.4062,1.0,0.0,0.5777,0.0,1.0,0.0,0.5938,197,0,288,0,485
Case 3C,"Malicious URL (S_URL = 0.85, override 0.85)",50% DL / 15% ML / 35% URL,0.5,0.15,0.35,0.4,0.4062,0.4062,1.0,0.0,0.5777,0.0,1.0,0.0,0.5938,197,0,288,0,485
Case 3C,"Malicious URL (S_URL = 0.85, override 0.85)",50% DL / 15% ML / 35% URL,0.5,0.15,0.35,0.45,0.4062,0.4062,1.0,0.0,0.5777,0.0,1.0,0.0,0.5938,197,0,288,0,485
Case 3C,"Malicious URL (S_URL = 0.85, override 0.85)",50% DL / 15% ML / 35% URL,0.5,0.15,0.35,0.5,0.4062,0.4062,1.0,0.0,0.5777,0.0,1.0,0.0,0.5938,197,0,288,0,485
Case 3C,"Malicious URL (S_URL = 0.85, override 0.85)",50% DL / 15% ML / 35% URL,0.5,0.15,0.35,0.55,0.4062,0.4062,1.0,0.0,0.5777,0.0,1.0,0.0,0.5938,197,0,288,0,485
Case 3C,"Malicious URL (S_URL = 0.85, override 0.85)",50% DL / 15% ML / 35% URL,0.5,0.15,0.35,0.6,0.4062,0.4062,1.0,0.0,0.5777,0.0,1.0,0.0,0.5938,197,0,288,0,485
Case 3C,"Malicious URL (S_URL = 0.85, override 0.85)",50% DL / 15% ML / 35% URL,0.5,0.15,0.35,0.65,0.4062,0.4062,1.0,0.0,0.5777,0.0,1.0,0.0,0.5938,197,0,288,0,485
Case 3C,"Malicious URL (S_URL = 0.85, override 0.85)",50% DL / 15% ML / 35% URL,0.5,0.15,0.35,0.7,0.4062,0.4062,1.0,0.0,0.5777,0.0,1.0,0.0,0.5938,197,0,288,0,485
Case 3C,"Malicious URL (S_URL = 0.85, override 0.85)",50% DL / 15% ML / 35% URL,0.5,0.15,0.35,0.75,0.4062,0.4062,1.0,0.0,0.5777,0.0,1.0,0.0,0.5938,197,0,288,0,485
Case 3C,"Malicious URL (S_URL = 0.85, override 0.85)",50% DL / 15% ML / 35% URL,0.5,0.15,0.35,0.8,0.4062,0.4062,1.0,0.0,0.5777,0.0,1.0,0.0,0.5938,197,0,288,0,485
Case 3C,"Malicious URL (S_URL = 0.85, override 0.85)",50% DL / 15% ML / 35% URL,0.5,0.15,0.35,0.85,0.4062,0.4062,1.0,0.0,0.5777,0.0,1.0,0.0,0.5938,197,0,288,0,485
Case 3C,"Malicious URL (S_URL = 0.85, override 0.85)",50% DL / 15% ML / 35% URL,0.5,0.15,0.35,0.9,0.9031,1.0,0.7614,1.0,0.8646,0.7614,0.0,0.2386,0.4845,150,288,0,47,485
Case 3C,"Malicious URL (S_URL = 0.85, override 0.85)",60% DL / 10% ML / 30% URL,0.6,0.1,0.3,0.1,0.4062,0.4062,1.0,0.0,0.5777,0.0,1.0,0.0,0.5938,197,0,288,0,485
Case 3C,"Malicious URL (S_URL = 0.85, override 0.85)",60% DL / 10% ML / 30% URL,0.6,0.1,0.3,0.15,0.4062,0.4062,1.0,0.0,0.5777,0.0,1.0,0.0,0.5938,197,0,288,0,485
Case 3C,"Malicious URL (S_URL = 0.85, override 0.85)",60% DL / 10% ML / 30% URL,0.6,0.1,0.3,0.2,0.4062,0.4062,1.0,0.0,0.5777,0.0,1.0,0.0,0.5938,197,0,288,0,485
Case 3C,"Malicious URL (S_URL = 0.85, override 0.85)",60% DL / 10% ML / 30% URL,0.6,0.1,0.3,0.25,0.4062,0.4062,1.0,0.0,0.5777,0.0,1.0,0.0,0.5938,197,0,288,0,485
Case 3C,"Malicious URL (S_URL = 0.85, override 0.85)",60% DL / 10% ML / 30% URL,0.6,0.1,0.3,0.3,0.4062,0.4062,1.0,0.0,0.5777,0.0,1.0,0.0,0.5938,197,0,288,0,485
Case 3C,"Malicious URL (S_URL = 0.85, override 0.85)",60% DL / 10% ML / 30% URL,0.6,0.1,0.3,0.35,0.4062,0.4062,1.0,0.0,0.5777,0.0,1.0,0.0,0.5938,197,0,288,0,485
Case 3C,"Malicious URL (S_URL = 0.85, override 0.85)",60% DL / 10% ML / 30% URL,0.6,0.1,0.3,0.4,0.4062,0.4062,1.0,0.0,0.5777,0.0,1.0,0.0,0.5938,197,0,288,0,485
Case 3C,"Malicious URL (S_URL = 0.85, override 0.85)",60% DL / 10% ML / 30% URL,0.6,0.1,0.3,0.45,0.4062,0.4062,1.0,0.0,0.5777,0.0,1.0,0.0,0.5938,197,0,288,0,485
Case 3C,"Malicious URL (S_URL = 0.85, override 0.85)",60% DL / 10% ML / 30% URL,0.6,0.1,0.3,0.5,0.4062,0.4062,1.0,0.0,0.5777,0.0,1.0,0.0,0.5938,197,0,288,0,485
Case 3C,"Malicious URL (S_URL = 0.85, override 0.85)",60% DL / 10% ML / 30% URL,0.6,0.1,0.3,0.55,0.4062,0.4062,1.0,0.0,0.5777,0.0,1.0,0.0,0.5938,197,0,288,0,485
Case 3C,"Malicious URL (S_URL = 0.85, override 0.85)",60% DL / 10% ML / 30% URL,0.6,0.1,0.3,0.6,0.4062,0.4062,1.0,0.0,0.5777,0.0,1.0,0.0,0.5938,197,0,288,0,485
Case 3C,"Malicious URL (S_URL = 0.85, override 0.85)",60% DL / 10% ML / 30% URL,0.6,0.1,0.3,0.65,0.4062,0.4062,1.0,0.0,0.5777,0.0,1.0,0.0,0.5938,197,0,288,0,485
Case 3C,"Malicious URL (S_URL = 0.85, override 0.85)",60% DL / 10% ML / 30% URL,0.6,0.1,0.3,0.7,0.4062,0.4062,1.0,0.0,0.5777,0.0,1.0,0.0,0.5938,197,0,288,0,485
Case 3C,"Malicious URL (S_URL = 0.85, override 0.85)",60% DL / 10% ML / 30% URL,0.6,0.1,0.3,0.75,0.4062,0.4062,1.0,0.0,0.5777,0.0,1.0,0.0,0.5938,197,0,288,0,485
Case 3C,"Malicious URL (S_URL = 0.85, override 0.85)",60% DL / 10% ML / 30% URL,0.6,0.1,0.3,0.8,0.4062,0.4062,1.0,0.0,0.5777,0.0,1.0,0.0,0.5938,197,0,288,0,485
Case 3C,"Malicious URL (S_URL = 0.85, override 0.85)",60% DL / 10% ML / 30% URL,0.6,0.1,0.3,0.85,0.4062,0.4062,1.0,0.0,0.5777,0.0,1.0,0.0,0.5938,197,0,288,0,485
Case 3C,"Malicious URL (S_URL = 0.85, override 0.85)",60% DL / 10% ML / 30% URL,0.6,0.1,0.3,0.9,0.9155,1.0,0.7919,1.0,0.8839,0.7919,0.0,0.2081,0.4227,156,288,0,41,485
Full Population,Full Dataset Realistic Ensemble,50% DL / 25% ML / 25% URL (Current Backend Baseline),0.5,0.25,0.25,0.1,0.9218,0.8273,0.9982,0.8765,0.9047,0.8747,0.1235,0.0018,0.0809,1662,2462,347,3,4474
Full Population,Full Dataset Realistic Ensemble,50% DL / 25% ML / 25% URL (Current Backend Baseline),0.5,0.25,0.25,0.15,0.9473,0.8782,0.9964,0.9181,0.9336,0.9145,0.0819,0.0036,0.0581,1659,2579,230,6,4474
Full Population,Full Dataset Realistic Ensemble,50% DL / 25% ML / 25% URL (Current Backend Baseline),0.5,0.25,0.25,0.2,0.9582,0.9021,0.9958,0.9359,0.9466,0.9317,0.0641,0.0042,0.0481,1658,2629,180,7,4474
Full Population,Full Dataset Realistic Ensemble,50% DL / 25% ML / 25% URL (Current Backend Baseline),0.5,0.25,0.25,0.25,0.962,0.9141,0.991,0.9448,0.951,0.9358,0.0552,0.009,0.0514,1650,2654,155,15,4474
Full Population,Full Dataset Realistic Ensemble,50% DL / 25% ML / 25% URL (Current Backend Baseline),0.5,0.25,0.25,0.3,0.9669,0.9264,0.9898,0.9534,0.957,0.9432,0.0466,0.0102,0.0483,1648,2678,131,17,4474
Full Population,Full Dataset Realistic Ensemble,50% DL / 25% ML / 25% URL (Current Backend Baseline),0.5,0.25,0.25,0.35,0.9654,0.9319,0.9784,0.9576,0.9546,0.936,0.0424,0.0216,0.0668,1629,2690,119,36,4474
Full Population,Full Dataset Realistic Ensemble,50% DL / 25% ML / 25% URL (Current Backend Baseline),0.5,0.25,0.25,0.4,0.968,0.9404,0.976,0.9633,0.9579,0.9393,0.0367,0.024,0.0677,1625,2706,103,40,4474
Full Population,Full Dataset Realistic Ensemble,50% DL / 25% ML / 25% URL (Current Backend Baseline),0.5,0.25,0.25,0.45,0.9687,0.9441,0.9736,0.9658,0.9586,0.9394,0.0342,0.0264,0.0706,1621,2713,96,44,4474
Full Population,Full Dataset Realistic Ensemble,50% DL / 25% ML / 25% URL (Current Backend Baseline),0.5,0.25,0.25,0.5,0.9698,0.9511,0.9688,0.9705,0.9598,0.9392,0.0295,0.0312,0.0767,1613,2726,83,52,4474
Full Population,Full Dataset Realistic Ensemble,50% DL / 25% ML / 25% URL (Current Backend Baseline),0.5,0.25,0.25,0.55,0.9732,0.9612,0.967,0.9769,0.9641,0.9438,0.0231,0.033,0.076,1610,2744,65,55,4474
Full Population,Full Dataset Realistic Ensemble,50% DL / 25% ML / 25% URL (Current Backend Baseline),0.5,0.25,0.25,0.6,0.9765,0.9727,0.964,0.984,0.9683,0.9479,0.016,0.036,0.0771,1605,2764,45,60,4474
Full Population,Full Dataset Realistic Ensemble,50% DL / 25% ML / 25% URL (Current Backend Baseline),0.5,0.25,0.25,0.65,0.9768,0.9768,0.9604,0.9865,0.9685,0.9468,0.0135,0.0396,0.0823,1599,2771,38,66,4474
Full Population,Full Dataset Realistic Ensemble,50% DL / 25% ML / 25% URL (Current Backend Baseline),0.5,0.25,0.25,0.7,0.9768,0.9827,0.9544,0.99,0.9683,0.9444,0.01,0.0456,0.0912,1589,2781,28,76,4474
Full Population,Full Dataset Realistic Ensemble,50% DL / 25% ML / 25% URL (Current Backend Baseline),0.5,0.25,0.25,0.75,0.9738,0.9874,0.9417,0.9929,0.964,0.9346,0.0071,0.0583,0.1129,1568,2789,20,97,4474
Full Population,Full Dataset Realistic Ensemble,50% DL / 25% ML / 25% URL (Current Backend Baseline),0.5,0.25,0.25,0.8,0.97,0.9891,0.9297,0.9939,0.9585,0.9237,0.0061,0.0703,0.1346,1548,2792,17,117,4474
Full Population,Full Dataset Realistic Ensemble,50% DL / 25% ML / 25% URL (Current Backend Baseline),0.5,0.25,0.25,0.85,0.9656,0.9928,0.9141,0.9961,0.9518,0.9102,0.0039,0.0859,0.1623,1522,2798,11,143,4474
Full Population,Full Dataset Realistic Ensemble,50% DL / 25% ML / 25% URL (Current Backend Baseline),0.5,0.25,0.25,0.9,0.9428,0.9937,0.8517,0.9968,0.9172,0.8484,0.0032,0.1483,0.2781,1418,2800,9,247,4474
Full Population,Full Dataset Realistic Ensemble,60% DL / 20% ML / 20% URL,0.6,0.2,0.2,0.1,0.9332,0.8495,0.997,0.8953,0.9174,0.8923,0.1047,0.003,0.0713,1660,2515,294,5,4474
Full Population,Full Dataset Realistic Ensemble,60% DL / 20% ML / 20% URL,0.6,0.2,0.2,0.15,0.9515,0.8876,0.9958,0.9252,0.9386,0.921,0.0748,0.0042,0.0548,1658,2599,210,7,4474
Full Population,Full Dataset Realistic Ensemble,60% DL / 20% ML / 20% URL,0.6,0.2,0.2,0.2,0.9595,0.9068,0.9934,0.9395,0.9481,0.9329,0.0605,0.0066,0.0503,1654,2639,170,11,4474
Full Population,Full Dataset Realistic Ensemble,60% DL / 20% ML / 20% URL,0.6,0.2,0.2,0.25,0.9591,0.9149,0.9814,0.9459,0.947,0.9273,0.0541,0.0186,0.0686,1634,2657,152,31,4474
Full Population,Full Dataset Realistic Ensemble,60% DL / 20% ML / 20% URL,0.6,0.2,0.2,0.3,0.9618,0.924,0.9778,0.9523,0.9501,0.9301,0.0477,0.0222,0.0713,1628,2675,134,37,4474
Full Population,Full Dataset Realistic Ensemble,60% DL / 20% ML / 20% URL,0.6,0.2,0.2,0.35,0.964,0.9307,0.976,0.9569,0.9528,0.9329,0.0431,0.024,0.0717,1625,2688,121,40,4474
Full Population,Full Dataset Realistic Ensemble,60% DL / 20% ML / 20% URL,0.6,0.2,0.2,0.4,0.9667,0.9371,0.976,0.9612,0.9562,0.9372,0.0388,0.024,0.0691,1625,2700,109,40,4474
Full Population,Full Dataset Realistic Ensemble,60% DL / 20% ML / 20% URL,0.6,0.2,0.2,0.45,0.9674,0.9423,0.9718,0.9648,0.9568,0.9365,0.0352,0.0282,0.0747,1618,2710,99,47,4474
Full Population,Full Dataset Realistic Ensemble,60% DL / 20% ML / 20% URL,0.6,0.2,0.2,0.5,0.9665,0.9438,0.9676,0.9658,0.9555,0.9334,0.0342,0.0324,0.0818,1611,2713,96,54,4474
Full Population,Full Dataset Realistic Ensemble,60% DL / 20% ML / 20% URL,0.6,0.2,0.2,0.55,0.9683,0.9493,0.9664,0.9694,0.9577,0.9358,0.0306,0.0336,0.0818,1609,2723,86,56,4474
Full Population,Full Dataset Realistic Ensemble,60% DL / 20% ML / 20% URL,0.6,0.2,0.2,0.6,0.9712,0.961,0.9616,0.9769,0.9613,0.9384,0.0231,0.0384,0.0861,1601,2744,65,64,4474
Full Population,Full Dataset Realistic Ensemble,60% DL / 20% ML / 20% URL,0.6,0.2,0.2,0.65,0.9747,0.9714,0.9604,0.9833,0.9659,0.9436,0.0167,0.0396,0.0843,1599,2762,47,66,4474
Full Population,Full Dataset Realistic Ensemble,60% DL / 20% ML / 20% URL,0.6,0.2,0.2,0.7,0.9756,0.9779,0.9562,0.9872,0.9669,0.9433,0.0128,0.0438,0.0896,1592,2773,36,73,4474
Full Population,Full Dataset Realistic Ensemble,60% DL / 20% ML / 20% URL,0.6,0.2,0.2,0.75,0.9745,0.9814,0.9495,0.9893,0.9652,0.9389,0.0107,0.0505,0.1006,1581,2779,30,84,4474
Full Population,Full Dataset Realistic Ensemble,60% DL / 20% ML / 20% URL,0.6,0.2,0.2,0.8,0.9725,0.9867,0.9387,0.9925,0.9621,0.9313,0.0075,0.0613,0.1187,1563,2788,21,102,4474
Full Population,Full Dataset Realistic Ensemble,60% DL / 20% ML / 20% URL,0.6,0.2,0.2,0.85,0.9685,0.991,0.9237,0.995,0.9562,0.9187,0.005,0.0763,0.1451,1538,2795,14,127,4474
Full Population,Full Dataset Realistic Ensemble,60% DL / 20% ML / 20% URL,0.6,0.2,0.2,0.9,0.9479,0.9931,0.8661,0.9964,0.9252,0.8625,0.0036,0.1339,0.2515,1442,2799,10,223,4474
Full Population,Full Dataset Realistic Ensemble,40% DL / 30% ML / 30% URL,0.4,0.3,0.3,0.1,0.9095,0.8049,0.9988,0.8565,0.8915,0.8553,0.1435,0.0012,0.0923,1663,2406,403,2,4474
Full Population,Full Dataset Realistic Ensemble,40% DL / 30% ML / 30% URL,0.4,0.3,0.3,0.15,0.9403,0.8637,0.997,0.9067,0.9256,0.9037,0.0933,0.003,0.0641,1660,2547,262,5,4474
Full Population,Full Dataset Realistic Ensemble,40% DL / 30% ML / 30% URL,0.4,0.3,0.3,0.2,0.9546,0.8943,0.9958,0.9302,0.9423,0.926,0.0698,0.0042,0.0516,1658,2613,196,7,4474
Full Population,Full Dataset Realistic Ensemble,40% DL / 30% ML / 30% URL,0.4,0.3,0.3,0.25,0.9613,0.9108,0.9934,0.9423,0.9503,0.9357,0.0577,0.0066,0.0485,1654,2647,162,11,4474
Full Population,Full Dataset Realistic Ensemble,40% DL / 30% ML / 30% URL,0.4,0.3,0.3,0.3,0.9674,0.9264,0.991,0.9534,0.9576,0.9444,0.0466,0.009,0.046,1650,2678,131,15,4474
Full Population,Full Dataset Realistic Ensemble,40% DL / 30% ML / 30% URL,0.4,0.3,0.3,0.35,0.9712,0.9364,0.9898,0.9601,0.9623,0.9499,0.0399,0.0102,0.044,1648,2697,112,17,4474
Full Population,Full Dataset Realistic Ensemble,40% DL / 30% ML / 30% URL,0.4,0.3,0.3,0.4,0.9716,0.9414,0.985,0.9637,0.9627,0.9487,0.0363,0.015,0.0507,1640,2707,102,25,4474
Full Population,Full Dataset Realistic Ensemble,40% DL / 30% ML / 30% URL,0.4,0.3,0.3,0.45,0.9727,0.953,0.9748,0.9715,0.9638,0.9463,0.0285,0.0252,0.0648,1623,2729,80,42,4474
Full Population,Full Dataset Realistic Ensemble,40% DL / 30% ML / 30% URL,0.4,0.3,0.3,0.5,0.9772,0.9671,0.9718,0.9804,0.9694,0.9522,0.0196,0.0282,0.0648,1618,2754,55,47,4474
Full Population,Full Dataset Realistic Ensemble,40% DL / 30% ML / 30% URL,0.4,0.3,0.3,0.55,0.9783,0.9734,0.9682,0.9843,0.9708,0.9525,0.0157,0.0318,0.0691,1612,2765,44,53,4474
Full Population,Full Dataset Realistic Ensemble,40% DL / 30% ML / 30% URL,0.4,0.3,0.3,0.6,0.9781,0.9769,0.964,0.9865,0.9704,0.9504,0.0135,0.036,0.0755,1605,2771,38,60,4474
Full Population,Full Dataset Realistic Ensemble,40% DL / 30% ML / 30% URL,0.4,0.3,0.3,0.65,0.9776,0.9815,0.958,0.9893,0.9696,0.9473,0.0107,0.042,0.0849,1595,2779,30,70,4474
Full Population,Full Dataset Realistic Ensemble,40% DL / 30% ML / 30% URL,0.4,0.3,0.3,0.7,0.9754,0.9869,0.9465,0.9925,0.9663,0.9391,0.0075,0.0535,0.1042,1576,2788,21,89,4474
Full Population,Full Dataset Realistic Ensemble,40% DL / 30% ML / 30% URL,0.4,0.3,0.3,0.75,0.9721,0.9886,0.9357,0.9936,0.9614,0.9293,0.0064,0.0643,0.1236,1558,2791,18,107,4474
Full Population,Full Dataset Realistic Ensemble,40% DL / 30% ML / 30% URL,0.4,0.3,0.3,0.8,0.9685,0.9916,0.9231,0.9954,0.9561,0.9185,0.0046,0.0769,0.146,1537,2796,13,128,4474
Full Population,Full Dataset Realistic Ensemble,40% DL / 30% ML / 30% URL,0.4,0.3,0.3,0.85,0.9602,0.9934,0.8991,0.9964,0.9439,0.8955,0.0036,0.1009,0.19,1497,2799,10,168,4474
Full Population,Full Dataset Realistic Ensemble,40% DL / 30% ML / 30% URL,0.4,0.3,0.3,0.9,0.9356,0.9943,0.8318,0.9972,0.9058,0.829,0.0028,0.1682,0.3147,1385,2801,8,280,4474
Full Population,Full Dataset Realistic Ensemble,33.3% DL / 33.3% ML / 33.3% URL (Equal),0.3333,0.3333,0.3333,0.1,0.8967,0.7833,0.9988,0.8362,0.878,0.835,0.1638,0.0012,0.1051,1663,2349,460,2,4474
Full Population,Full Dataset Realistic Ensemble,33.3% DL / 33.3% ML / 33.3% URL (Equal),0.3333,0.3333,0.3333,0.15,0.9359,0.8541,0.9982,0.8989,0.9205,0.8971,0.1011,0.0018,0.0668,1662,2525,284,3,4474
Full Population,Full Dataset Realistic Ensemble,33.3% DL / 33.3% ML / 33.3% URL (Equal),0.3333,0.3333,0.3333,0.2,0.9526,0.8895,0.9964,0.9267,0.9399,0.9231,0.0733,0.0036,0.0527,1659,2603,206,6,4474
Full Population,Full Dataset Realistic Ensemble,33.3% DL / 33.3% ML / 33.3% URL (Equal),0.3333,0.3333,0.3333,0.25,0.96,0.9073,0.994,0.9398,0.9487,0.9338,0.0602,0.006,0.0489,1655,2640,169,10,4474
Full Population,Full Dataset Realistic Ensemble,33.3% DL / 33.3% ML / 33.3% URL (Equal),0.3333,0.3333,0.3333,0.3,0.9669,0.924,0.9928,0.9516,0.9572,0.9444,0.0484,0.0072,0.0438,1653,2673,136,12,4474
Full Population,Full Dataset Realistic Ensemble,33.3% DL / 33.3% ML / 33.3% URL (Equal),0.3333,0.3333,0.3333,0.35,0.9725,0.9386,0.991,0.9616,0.9641,0.9525,0.0384,0.009,0.0409,1650,2701,108,15,4474
Full Population,Full Dataset Realistic Ensemble,33.3% DL / 33.3% ML / 33.3% URL (Equal),0.3333,0.3333,0.3333,0.4,0.9756,0.9487,0.988,0.9683,0.9679,0.9563,0.0317,0.012,0.0422,1645,2720,89,20,4474
Full Population,Full Dataset Realistic Ensemble,33.3% DL / 33.3% ML / 33.3% URL (Equal),0.3333,0.3333,0.3333,0.45,0.9819,0.967,0.985,0.9801,0.9759,0.965,0.0199,0.015,0.0405,1640,2753,56,25,4474
Full Population,Full Dataset Realistic Ensemble,33.3% DL / 33.3% ML / 33.3% URL (Equal),0.3333,0.3333,0.3333,0.5,0.9803,0.9736,0.9736,0.9843,0.9736,0.9579,0.0157,0.0264,0.059,1621,2765,44,44,4474
Full Population,Full Dataset Realistic Ensemble,33.3% DL / 33.3% ML / 33.3% URL (Equal),0.3333,0.3333,0.3333,0.55,0.9794,0.9764,0.9682,0.9861,0.9723,0.9543,0.0139,0.0318,0.0679,1612,2770,39,53,4474
Full Population,Full Dataset Realistic Ensemble,33.3% DL / 33.3% ML / 33.3% URL (Equal),0.3333,0.3333,0.3333,0.6,0.9783,0.9798,0.9616,0.9883,0.9706,0.9498,0.0117,0.0384,0.0789,1601,2776,33,64,4474
Full Population,Full Dataset Realistic Ensemble,33.3% DL / 33.3% ML / 33.3% URL (Equal),0.3333,0.3333,0.3333,0.65,0.9772,0.9857,0.9526,0.9918,0.9688,0.9444,0.0082,0.0474,0.0934,1586,2786,23,79,4474
Full Population,Full Dataset Realistic Ensemble,33.3% DL / 33.3% ML / 33.3% URL (Equal),0.3333,0.3333,0.3333,0.7,0.9745,0.988,0.9429,0.9932,0.965,0.9362,0.0068,0.0571,0.1104,1570,2790,19,95,4474
Full Population,Full Dataset Realistic Ensemble,33.3% DL / 33.3% ML / 33.3% URL (Equal),0.3333,0.3333,0.3333,0.75,0.9703,0.9898,0.9297,0.9943,0.9588,0.924,0.0057,0.0703,0.1343,1548,2793,16,117,4474
Full Population,Full Dataset Realistic Ensemble,33.3% DL / 33.3% ML / 33.3% URL (Equal),0.3333,0.3333,0.3333,0.8,0.966,0.9922,0.9159,0.9957,0.9525,0.9116,0.0043,0.0841,0.1591,1525,2797,12,140,4474
Full Population,Full Dataset Realistic Ensemble,33.3% DL / 33.3% ML / 33.3% URL (Equal),0.3333,0.3333,0.3333,0.85,0.9566,0.994,0.8889,0.9968,0.9385,0.8857,0.0032,0.1111,0.2088,1480,2800,9,185,4474
Full Population,Full Dataset Realistic Ensemble,33.3% DL / 33.3% ML / 33.3% URL (Equal),0.3333,0.3333,0.3333,0.9,0.9285,0.9941,0.8126,0.9972,0.8942,0.8098,0.0028,0.1874,0.3505,1353,2801,8,312,4474
Full Population,Full Dataset Realistic Ensemble,70% DL / 15% ML / 15% URL,0.7,0.15,0.15,0.1,0.9397,0.8627,0.9964,0.906,0.9247,0.9024,0.094,0.0036,0.0657,1659,2545,264,6,4474
Full Population,Full Dataset Realistic Ensemble,70% DL / 15% ML / 15% URL,0.7,0.15,0.15,0.15,0.9537,0.8945,0.9928,0.9306,0.9411,0.9234,0.0694,0.0072,0.057,1653,2614,195,12,4474
Full Population,Full Dataset Realistic Ensemble,70% DL / 15% ML / 15% URL,0.7,0.15,0.15,0.2,0.9564,0.9065,0.9844,0.9398,0.9439,0.9242,0.0602,0.0156,0.0668,1639,2640,169,26,4474
Full Population,Full Dataset Realistic Ensemble,70% DL / 15% ML / 15% URL,0.7,0.15,0.15,0.25,0.9586,0.9157,0.979,0.9466,0.9463,0.9256,0.0534,0.021,0.0726,1630,2659,150,35,4474
Full Population,Full Dataset Realistic Ensemble,70% DL / 15% ML / 15% URL,0.7,0.15,0.15,0.3,0.9602,0.9217,0.976,0.9509,0.9481,0.9268,0.0491,0.024,0.0755,1625,2671,138,40,4474
Full Population,Full Dataset Realistic Ensemble,70% DL / 15% ML / 15% URL,0.7,0.15,0.15,0.35,0.9627,0.9275,0.976,0.9548,0.9511,0.9308,0.0452,0.024,0.0731,1625,2682,127,40,4474
Full Population,Full Dataset Realistic Ensemble,70% DL / 15% ML / 15% URL,0.7,0.15,0.15,0.4,0.9638,0.9321,0.9736,0.958,0.9524,0.9316,0.042,0.0264,0.0755,1621,2691,118,44,4474
Full Population,Full Dataset Realistic Ensemble,70% DL / 15% ML / 15% URL,0.7,0.15,0.15,0.45,0.9654,0.94,0.9688,0.9633,0.9542,0.9321,0.0367,0.0312,0.0811,1613,2706,103,52,4474
Full Population,Full Dataset Realistic Ensemble,70% DL / 15% ML / 15% URL,0.7,0.15,0.15,0.5,0.966,0.9427,0.9676,0.9651,0.9549,0.9327,0.0349,0.0324,0.0823,1611,2711,98,54,4474
Full Population,Full Dataset Realistic Ensemble,70% DL / 15% ML / 15% URL,0.7,0.15,0.15,0.55,0.9662,0.9448,0.9658,0.9665,0.9552,0.9323,0.0335,0.0342,0.0847,1608,2715,94,57,4474
Full Population,Full Dataset Realistic Ensemble,70% DL / 15% ML / 15% URL,0.7,0.15,0.15,0.6,0.9683,0.9535,0.9616,0.9722,0.9575,0.9338,0.0278,0.0384,0.089,1601,2731,78,64,4474
Full Population,Full Dataset Realistic Ensemble,70% DL / 15% ML / 15% URL,0.7,0.15,0.15,0.65,0.9698,0.9597,0.9592,0.9761,0.9594,0.9353,0.0239,0.0408,0.091,1597,2742,67,68,4474
Full Population,Full Dataset Realistic Ensemble,70% DL / 15% ML / 15% URL,0.7,0.15,0.15,0.7,0.9738,0.9725,0.9568,0.984,0.9646,0.9407,0.016,0.0432,0.0905,1593,2764,45,72,4474
Full Population,Full Dataset Realistic Ensemble,70% DL / 15% ML / 15% URL,0.7,0.15,0.15,0.75,0.9732,0.9766,0.9508,0.9865,0.9635,0.9372,0.0135,0.0492,0.1001,1583,2771,38,82,4474
Full Population,Full Dataset Realistic Ensemble,70% DL / 15% ML / 15% URL,0.7,0.15,0.15,0.8,0.9732,0.9807,0.9465,0.989,0.9633,0.9355,0.011,0.0535,0.1064,1576,2778,31,89,4474
Full Population,Full Dataset Realistic Ensemble,70% DL / 15% ML / 15% URL,0.7,0.15,0.15,0.85,0.9698,0.9854,0.9327,0.9918,0.9583,0.9245,0.0082,0.0673,0.1303,1553,2786,23,112,4474
Full Population,Full Dataset Realistic Ensemble,70% DL / 15% ML / 15% URL,0.7,0.15,0.15,0.9,0.9557,0.992,0.8883,0.9957,0.9373,0.884,0.0043,0.1117,0.2105,1479,2797,12,186,4474
Full Population,Full Dataset Realistic Ensemble,40% DL / 20% ML / 40% URL (Heavy URL),0.4,0.2,0.4,0.1,0.9236,0.8306,0.9982,0.8793,0.9067,0.8775,0.1207,0.0018,0.0791,1662,2470,339,3,4474
Full Population,Full Dataset Realistic Ensemble,40% DL / 20% ML / 40% URL (Heavy URL),0.4,0.2,0.4,0.15,0.9479,0.8796,0.9964,0.9192,0.9344,0.9156,0.0808,0.0036,0.0574,1659,2582,227,6,4474
Full Population,Full Dataset Realistic Ensemble,40% DL / 20% ML / 40% URL (Heavy URL),0.4,0.2,0.4,0.2,0.9595,0.905,0.9958,0.9381,0.9482,0.9339,0.0619,0.0042,0.0467,1658,2635,174,7,4474
Full Population,Full Dataset Realistic Ensemble,40% DL / 20% ML / 40% URL (Heavy URL),0.4,0.2,0.4,0.25,0.9633,0.9172,0.991,0.947,0.9527,0.9379,0.053,0.009,0.0501,1650,2660,149,15,4474
Full Population,Full Dataset Realistic Ensemble,40% DL / 20% ML / 40% URL (Heavy URL),0.4,0.2,0.4,0.3,0.9683,0.9295,0.9898,0.9555,0.9587,0.9453,0.0445,0.0102,0.0469,1648,2684,125,17,4474
Full Population,Full Dataset Realistic Ensemble,40% DL / 20% ML / 40% URL (Heavy URL),0.4,0.2,0.4,0.35,0.9656,0.9325,0.9784,0.958,0.9549,0.9364,0.042,0.0216,0.0666,1629,2691,118,36,4474
Full Population,Full Dataset Realistic Ensemble,40% DL / 20% ML / 40% URL (Heavy URL),0.4,0.2,0.4,0.4,0.9687,0.942,0.976,0.9644,0.9587,0.9404,0.0356,0.024,0.0671,1625,2709,100,40,4474
Full Population,Full Dataset Realistic Ensemble,40% DL / 20% ML / 40% URL (Heavy URL),0.4,0.2,0.4,0.45,0.9698,0.9468,0.9736,0.9676,0.96,0.9412,0.0324,0.0264,0.0695,1621,2718,91,44,4474
Full Population,Full Dataset Realistic Ensemble,40% DL / 20% ML / 40% URL (Heavy URL),0.4,0.2,0.4,0.5,0.9712,0.9544,0.9688,0.9726,0.9615,0.9414,0.0274,0.0312,0.0753,1613,2732,77,52,4474
Full Population,Full Dataset Realistic Ensemble,40% DL / 20% ML / 40% URL (Heavy URL),0.4,0.2,0.4,0.55,0.9743,0.9641,0.967,0.9786,0.9655,0.9456,0.0214,0.033,0.0749,1610,2749,60,55,4474
Full Population,Full Dataset Realistic Ensemble,40% DL / 20% ML / 40% URL (Heavy URL),0.4,0.2,0.4,0.6,0.9772,0.9745,0.964,0.985,0.9692,0.949,0.015,0.036,0.0764,1605,2767,42,60,4474
Full Population,Full Dataset Realistic Ensemble,40% DL / 20% ML / 40% URL (Heavy URL),0.4,0.2,0.4,0.65,0.9768,0.9768,0.9604,0.9865,0.9685,0.9468,0.0135,0.0396,0.0823,1599,2771,38,66,4474
Full Population,Full Dataset Realistic Ensemble,40% DL / 20% ML / 40% URL (Heavy URL),0.4,0.2,0.4,0.7,0.9768,0.9827,0.9544,0.99,0.9683,0.9444,0.01,0.0456,0.0912,1589,2781,28,76,4474
Full Population,Full Dataset Realistic Ensemble,40% DL / 20% ML / 40% URL (Heavy URL),0.4,0.2,0.4,0.75,0.9738,0.9874,0.9417,0.9929,0.964,0.9346,0.0071,0.0583,0.1129,1568,2789,20,97,4474
Full Population,Full Dataset Realistic Ensemble,40% DL / 20% ML / 40% URL (Heavy URL),0.4,0.2,0.4,0.8,0.97,0.9891,0.9297,0.9939,0.9585,0.9237,0.0061,0.0703,0.1346,1548,2792,17,117,4474
Full Population,Full Dataset Realistic Ensemble,40% DL / 20% ML / 40% URL (Heavy URL),0.4,0.2,0.4,0.85,0.9656,0.9928,0.9141,0.9961,0.9518,0.9102,0.0039,0.0859,0.1623,1522,2798,11,143,4474
Full Population,Full Dataset Realistic Ensemble,40% DL / 20% ML / 40% URL (Heavy URL),0.4,0.2,0.4,0.9,0.941,0.9937,0.8468,0.9968,0.9144,0.8436,0.0032,0.1532,0.287,1410,2800,9,255,4474
Full Population,Full Dataset Realistic Ensemble,50% DL / 15% ML / 35% URL,0.5,0.15,0.35,0.1,0.9356,0.8543,0.997,0.8993,0.9202,0.8962,0.1007,0.003,0.0688,1660,2526,283,5,4474
Full Population,Full Dataset Realistic Ensemble,50% DL / 15% ML / 35% URL,0.5,0.15,0.35,0.15,0.9519,0.8898,0.994,0.927,0.939,0.921,0.073,0.006,0.057,1655,2604,205,10,4474
Full Population,Full Dataset Realistic Ensemble,50% DL / 15% ML / 35% URL,0.5,0.15,0.35,0.2,0.9607,0.9097,0.9928,0.9416,0.9495,0.9344,0.0584,0.0072,0.0501,1653,2645,164,12,4474
Full Population,Full Dataset Realistic Ensemble,50% DL / 15% ML / 35% URL,0.5,0.15,0.35,0.25,0.9602,0.9179,0.9808,0.948,0.9483,0.9288,0.052,0.0192,0.0684,1633,2663,146,32,4474
Full Population,Full Dataset Realistic Ensemble,50% DL / 15% ML / 35% URL,0.5,0.15,0.35,0.3,0.9629,0.9266,0.9778,0.9541,0.9515,0.9319,0.0459,0.0222,0.0702,1628,2680,129,37,4474
Full Population,Full Dataset Realistic Ensemble,50% DL / 15% ML / 35% URL,0.5,0.15,0.35,0.35,0.9645,0.9318,0.976,0.9576,0.9534,0.9336,0.0424,0.024,0.0713,1625,2690,119,40,4474
Full Population,Full Dataset Realistic Ensemble,50% DL / 15% ML / 35% URL,0.5,0.15,0.35,0.4,0.9658,0.9355,0.9754,0.9601,0.955,0.9355,0.0399,0.0246,0.0709,1624,2697,112,41,4474
Full Population,Full Dataset Realistic Ensemble,50% DL / 15% ML / 35% URL,0.5,0.15,0.35,0.45,0.9674,0.9423,0.9718,0.9648,0.9568,0.9365,0.0352,0.0282,0.0747,1618,2710,99,47,4474
Full Population,Full Dataset Realistic Ensemble,50% DL / 15% ML / 35% URL,0.5,0.15,0.35,0.5,0.9676,0.9465,0.9676,0.9676,0.9569,0.9352,0.0324,0.0324,0.0807,1611,2718,91,54,4474
Full Population,Full Dataset Realistic Ensemble,50% DL / 15% ML / 35% URL,0.5,0.15,0.35,0.55,0.968,0.9492,0.9658,0.9694,0.9574,0.9351,0.0306,0.0342,0.0829,1608,2723,86,57,4474
Full Population,Full Dataset Realistic Ensemble,50% DL / 15% ML / 35% URL,0.5,0.15,0.35,0.6,0.9714,0.9616,0.9616,0.9772,0.9616,0.9388,0.0228,0.0384,0.0858,1601,2745,64,64,4474
Full Population,Full Dataset Realistic Ensemble,50% DL / 15% ML / 35% URL,0.5,0.15,0.35,0.65,0.9754,0.9732,0.9604,0.9843,0.9667,0.9447,0.0157,0.0396,0.0836,1599,2765,44,66,4474
Full Population,Full Dataset Realistic Ensemble,50% DL / 15% ML / 35% URL,0.5,0.15,0.35,0.7,0.975,0.9761,0.9562,0.9861,0.966,0.9423,0.0139,0.0438,0.0903,1592,2770,39,73,4474
Full Population,Full Dataset Realistic Ensemble,50% DL / 15% ML / 35% URL,0.5,0.15,0.35,0.75,0.9745,0.9796,0.9514,0.9883,0.9653,0.9396,0.0117,0.0486,0.0979,1584,2776,33,81,4474
Full Population,Full Dataset Realistic Ensemble,50% DL / 15% ML / 35% URL,0.5,0.15,0.35,0.8,0.9723,0.9843,0.9405,0.9911,0.9619,0.9316,0.0089,0.0595,0.1162,1566,2784,25,99,4474
Full Population,Full Dataset Realistic Ensemble,50% DL / 15% ML / 35% URL,0.5,0.15,0.35,0.85,0.9689,0.9897,0.9261,0.9943,0.9569,0.9204,0.0057,0.0739,0.141,1542,2793,16,123,4474
Full Population,Full Dataset Realistic Ensemble,50% DL / 15% ML / 35% URL,0.5,0.15,0.35,0.9,0.9504,0.9932,0.8727,0.9964,0.929,0.8691,0.0036,0.1273,0.2392,1453,2799,10,212,4474
Full Population,Full Dataset Realistic Ensemble,60% DL / 10% ML / 30% URL,0.6,0.1,0.3,0.1,0.9426,0.8701,0.994,0.9121,0.928,0.9061,0.0879,0.006,0.0664,1655,2562,247,10,4474
Full Population,Full Dataset Realistic Ensemble,60% DL / 10% ML / 30% URL,0.6,0.1,0.3,0.15,0.9544,0.8959,0.9928,0.9316,0.9419,0.9244,0.0684,0.0072,0.0563,1653,2617,192,12,4474
Full Population,Full Dataset Realistic Ensemble,60% DL / 10% ML / 30% URL,0.6,0.1,0.3,0.2,0.9566,0.9079,0.9832,0.9409,0.9441,0.9241,0.0591,0.0168,0.0684,1637,2643,166,28,4474
Full Population,Full Dataset Realistic Ensemble,60% DL / 10% ML / 30% URL,0.6,0.1,0.3,0.25,0.9589,0.9172,0.9778,0.9477,0.9465,0.9254,0.0523,0.0222,0.0742,1628,2662,147,37,4474
Full Population,Full Dataset Realistic Ensemble,60% DL / 10% ML / 30% URL,0.6,0.1,0.3,0.3,0.9609,0.9233,0.976,0.9519,0.9489,0.9279,0.0481,0.024,0.0749,1625,2674,135,40,4474
Full Population,Full Dataset Realistic Ensemble,60% DL / 10% ML / 30% URL,0.6,0.1,0.3,0.35,0.9638,0.9302,0.976,0.9566,0.9525,0.9325,0.0434,0.024,0.072,1625,2687,122,40,4474
Full Population,Full Dataset Realistic Ensemble,60% DL / 10% ML / 30% URL,0.6,0.1,0.3,0.4,0.9638,0.9326,0.973,0.9583,0.9524,0.9313,0.0417,0.027,0.0764,1620,2692,117,45,4474
Full Population,Full Dataset Realistic Ensemble,60% DL / 10% ML / 30% URL,0.6,0.1,0.3,0.45,0.9654,0.94,0.9688,0.9633,0.9542,0.9321,0.0367,0.0312,0.0811,1613,2706,103,52,4474
Full Population,Full Dataset Realistic Ensemble,60% DL / 10% ML / 30% URL,0.6,0.1,0.3,0.5,0.9662,0.9427,0.9682,0.9651,0.9553,0.9333,0.0349,0.0318,0.0811,1612,2711,98,53,4474
Full Population,Full Dataset Realistic Ensemble,60% DL / 10% ML / 30% URL,0.6,0.1,0.3,0.55,0.9658,0.9452,0.964,0.9669,0.9545,0.9309,0.0331,0.036,0.0878,1605,2716,93,60,4474
Full Population,Full Dataset Realistic Ensemble,60% DL / 10% ML / 30% URL,0.6,0.1,0.3,0.6,0.9667,0.9496,0.9616,0.9697,0.9555,0.9313,0.0303,0.0384,0.0905,1601,2724,85,64,4474
Full Population,Full Dataset Realistic Ensemble,60% DL / 10% ML / 30% URL,0.6,0.1,0.3,0.65,0.9705,0.9615,0.9592,0.9772,0.9603,0.9364,0.0228,0.0408,0.0903,1597,2745,64,68,4474
Full Population,Full Dataset Realistic Ensemble,60% DL / 10% ML / 30% URL,0.6,0.1,0.3,0.7,0.9725,0.9684,0.9574,0.9815,0.9629,0.9388,0.0185,0.0426,0.091,1594,2757,52,71,4474
Full Population,Full Dataset Realistic Ensemble,60% DL / 10% ML / 30% URL,0.6,0.1,0.3,0.75,0.973,0.9765,0.9502,0.9865,0.9632,0.9366,0.0135,0.0498,0.1013,1582,2771,38,83,4474
Full Population,Full Dataset Realistic Ensemble,60% DL / 10% ML / 30% URL,0.6,0.1,0.3,0.8,0.9725,0.9795,0.9459,0.9883,0.9624,0.9342,0.0117,0.0541,0.108,1575,2776,33,90,4474
Full Population,Full Dataset Realistic Ensemble,60% DL / 10% ML / 30% URL,0.6,0.1,0.3,0.85,0.9707,0.983,0.9375,0.9904,0.9597,0.9279,0.0096,0.0625,0.1223,1561,2782,27,104,4474
Full Population,Full Dataset Realistic Ensemble,60% DL / 10% ML / 30% URL,0.6,0.1,0.3,0.9,0.9575,0.9907,0.8943,0.995,0.94,0.8893,0.005,0.1057,0.1998,1489,2795,14,176,4474
