SIM Network,Date and Time,Sender,Message,Language,Classification
,"13 April 2025, 03:28",GoTyme Bank,"Never share your OTP 385535 or enter it on suspicious forms/sites from SMS links. Only use it in the GoTyme Bank app. If you didn't request it, call #468888.",English,Benign
,"11 April 2025, 15:45",BDO,"Secure your accounts and cards your way with BDO Online! Confirm app transactions with biometrics or 6-digit PIN, and web transactions with SMS OTP. Lock or unlock Debit and Credit Cards, set limits for Debit Cards, enable or disable overseas Debit Card transactions. Log in now!",English,Benign
,"11 April 2025, 10:53",GOMO,"This deal's as hot as summer. Get GOMO FIBER and enjoy speeds of up to 100Mbps for a one-time installation fee of just P999. Apply now and get FREE UNLI FIBER for 30 days! Offer is extended until April 30, 2025 only. No advisories? Text OFF to 2686 for free.",English,Benign
,"11 April 2025, 08:29",TNT,"Gusto naming ready ka kausapin ang Tropa! You get total of 17 GB and Unli Allnet Calls & Texts! That's (FREE 9 GB ALL ACCESS DATA for 3 days from us) when you avail DOBLE GIGA VIDEO+ 75 with 2 GB + 2 GB/day for YouTube, Netflix & MORE + UNLI ALLNET CALLS & TEXTS! For TODAY only! Load via Smart App o *123#",English,Benign
,"10 April 2025, 18:07",GOMO,Need UNSTPPBL Data? You can still get your favorite GOMO promos and pay using GCash via the GOMO PH app! Just visit the Shop tab and select Data Offers. No advisories? Text OFF to 2686 for free.,English,Benign
,"9 April 2025, 12:08",TNT,Laging suliting ang load bago pa ito mag-expire! Expired na ang promo? Load your fave TIKTOK SAYA 50 with just a tap sa Smart App o sa suking tindahan!,Tag-Lish,Benign
,"7 April 2025, 22:13",GCash,"Did you request to do BANK TRANSFER to BDO Unibank, Inc. account no. ending in 6177 with amount of PHP 1600.00? If not, DON'T ENTER YOUR OTP ON ANY SITE OR SEND IT TO ANYONE because IT'S A SCAM! If you requested, your OTP is 672482.",English,Benign
,"7 April 2025, 08:49",TNT,May promo pa rin? Sulitin mo na 'yan bago pa mag-expire! Expired na ang promo? Load your fave TIKTOK SAYA 50 with just a tap sa Smart App o sa suking tindahan!,Tagalog,Benign
,"6 April 2025, 20:35",GCash,Your payment of P149.00 to Netflix has been successfully processed on 04-06-25 08:35:17 PM. Ref. No. 067285940,English,Benign
,"6 April 2025, 10:31",GCash,Kaya palang humiram ng BIGGER and BETTER load promos up to P99! Mag-load na with Borrow Load!,Tag-Lish,Benign
,"5 April 2025, 13:58",TNT,Never run out of data. Always check your load balance and subscriptions with just a tap on smrt.ph/CheckUsage,English,Benign
,"5 April 2025, 13:58",TNT,You're trying to access sites not included in your promo OR haven't subscribed to one yet.,English,Benign
,"5 April 2025, 10:51",GOMO,Yassss! You've successfully registered to 15GB Data. You may view your promo details in the Account section of the GOMO PH app.,English,Benign
,"4 April 2025, 16:38",BDO,"View, manage, add or remove, and group your BDO accounts and cards on BDO Online! Log in now!",English,Benign
,"4 April 2025, 13:35",GCash,"NEVER SHARE YOUR OTP OR USE IT IN ANY LINK. You are about to pay PHP 265.56 to Seamoney Credit. Your OTP is 180803. If you DID NOT make this request, please ignore this message.",English,Benign
,"4 April 2025, 13:02",TNT,Never run out of data. Always check your load balance and subscriptions with just a tap on smrt.ph/CheckUsage,English,Benign
,"4 April 2025, 13:02",TNT,You're trying to access sites not included in your promo OR haven't subscribed to one yet.,English,Benign
,"4 April 2025, 13:02",GCash,You have received P237.60 GCash from Philippine Seven Corporation w/ MSG - PSC Cashin. Your new balance is P280.79 04-04-25 1:02PM. Ref no. 0027434731892.,English,Benign
,"4 April 2025, 12:12",Shopee,"[Important] You have an SPayLater bill of PHP , due on 04-05-2025. To avoid your account being suspended and incurring late penalties, please pay now via https://shp.ee/mvbcukc . For queries, please visit https://shp.ee/c2eni6k",Unknown,Benign
,"4 April 2025, 09:08",TNT,Isang linggo pa bago magka-budget? Mag TNT UTANG NA LOAD ka muna ng up to 1 GB! Dial *5623# NOW!,Tagalog,Benign
,"3 April 2025, 12:42",TNT,Never run out of data. Always check your load balance and subscriptions with just a tap on smrt.ph/CheckUsage,English,Benign
,"3 April 2025, 12:41",TNT,You're trying to access sites not included in your promo OR haven't subscribed to one yet.,English,Benign
,"3 April 2025, 08:23",TNT,May promo pa rin? Sulitin mo na 'yan bago pa mag-expire! Expired na ang promo? Load your fave TIKTOK SAYA 50 with just a tap sa Smart App o sa suking tindahan!,Tagalog,Benign
,"3 April 2025, 00:26",TNT,Tuloy ang Saya! Load SAYA ALL 99 sa smrt.ph/SmartApp para UNLI ang fave apps mo at may 6 GB ka pa! Kulang sa budget? May TNT Utang Na Load! Dial *5623# now!,Tagalog,Benign
,"3 April 2025, 00:25",TNT,Nag-expire na ang Open Access Data mo.,Tagalog,Benign
,"2 April 2025, 23:25",TNT,"Never run out of data. Manage your subscriptions and check out the Smart App for Bigger & Longer Data, No Expiry offers and MORE! smrt.ph/SmartApp",English,Benign
,"2 April 2025, 23:25",TNT,May 60 minutes ka na lang sa Open Access Data mo.,Tagalog,Benign
,"2 April 2025, 13:06",GCash,"More data para ‘di bitin? With Borrow Load, kaya palang mag-upgrade to ALL ACCESS 99 for 15 days of sulit data!",Tag-Lish,Benign
,"2 April 2025, 00:24",SmartLoad,1/1 02-Apr 00:24: UTANG NA LOAD approved. May 200 MB data ka na for 1 day. P10 will be deducted sa iyong next reload. Ref:781064603965,English,Benign
,"1 April 2025, 12:38",GCash,"Did you request to do BANK TRANSFER to BDO Unibank, Inc. account no. ending in 6177 with amount of PHP 2000.00? If not, DON'T ENTER YOUR OTP ON ANY SITE OR SEND IT TO ANYONE because IT'S A SCAM! If you requested, your OTP is 600353.",English,Benign
,"1 April 2025, 11:36",TNT,Never run out of data. Always check your load balance and subscriptions with just a tap on smrt.ph/CheckUsage,English,Benign
,"1 April 2025, 11:36",TNT,You're trying to access sites not included in your promo OR haven't subscribed to one yet.,English,Benign
,"1 April 2025, 03:33",TNT,Nag-expire na ang Unli Texts mo.,Tagalog,Benign
,"1 April 2025, 03:33",TNT,Tuloy ang Saya! Load SAYA ALL 99 sa smrt.ph/SmartApp para UNLI ang fave apps mo at may 6 GB ka pa! Kulang sa budget? May TNT Utang Na Load! Dial *5623# now!,Tagalog,Benign
,"1 April 2025, 03:33",TNT,Nag-expire na ang Unli Calls mo.,Tagalog,Benign
,"1 April 2025, 03:33",TNT,Nag-expire na ang Open Access Data mo.,Tagalog,Benign
,"1 April 2025, 03:33",TNT,Nag-expire na ang FREE UNLI TIKTOK ARAW-ARAW mo.,Tagalog,Benign
,"1 April 2025, 02:33",TNT,"Never run out of data. Manage your subscriptions and check out the Smart App for Bigger & Longer Data, No Expiry offers and MORE! smrt.ph/SmartApp",English,Benign
,"1 April 2025, 02:33",TNT,"Always stay connected. Manage your subscriptions and check out the Smart App for Bigger & Longer Offers, No Expiry offer and MORE! smrt.ph/SmartApp",English,Benign
,"1 April 2025, 02:33",TNT,"Always stay connected. Manage your subscriptions and check out the Smart App for Bigger & Longer Offers, No Expiry offer and MORE! smrt.ph/SmartApp",English,Benign
,"1 April 2025, 02:33",TNT,"Never run out of data. Manage your subscriptions and check out the Smart App for Bigger & Longer Data, No Expiry offers and MORE! smrt.ph/SmartApp",English,Benign
,"1 April 2025, 02:33",TNT,May 60 minutes ka na lang sa FREE UNLI TIKTOK ARAW-ARAW mo.,Tagalog,Benign
,"1 April 2025, 02:33",TNT,May 60 minutes ka na lang sa Unli Texts mo.,Tagalog,Benign
,"1 April 2025, 02:33",TNT,May 60 minutes ka na lang sa Open Access Data mo.,Tagalog,Benign
,"1 April 2025, 02:33",TNT,May 60 minutes ka na lang sa Unli Calls mo.,Tagalog,Benign
,"31 March 2025, 18:46",TNT,"Last chance mo nang manalo ng group date with Kathryn Bernardo at Joshua Garcia sa TNT Max Saya Bonding Raffle! May cash prizes pa sa araw ng event! To join: Text TNT25 to 5858 at abangan ang confirmation na kasali ka. To earn raffle entries: Dial *123# and load Saya All 149 from Feb 28-Mar 31. 1 promo = 1 raffle entry. Sa pag-text nito, sumasang-ayon ka sa T&Cs at Privacy Notice ng promo. For more info, visit the TNT Anibersaya webpage!",Tag-Lish,Benign
,"31 March 2025, 11:24",TNT,"Para hindi maubusan ng data, download the smrt.ph/SmartApp for offers na exclusive for you. Kulang sa budget? May TNT Utang Na Load! Dial *5623# now!",Tag-Lish,Benign
,"31 March 2025, 11:24",TNT,Naubos na ang FREE 5G DATA mo.,Tagalog,Benign
,"31 March 2025, 08:23",TNT,"Never run out of data. Manage your subscriptions and check out the Smart App for Bigger & Longer Data, No Expiry offers and MORE! smrt.ph/SmartApp",English,Benign
,"31 March 2025, 08:23",TNT,May 500 MB ka na lang sa FREE 5G DATA mo.,Tagalog,Benign
,"29 March 2025, 10:24",TNT,May promo pa rin? Sulitin mo na 'yan bago pa mag-expire! Expired na ang promo? Load your fave ALLNET 20 with just a tap sa Smart App o sa suking tindahan!,Tagalog,Benign
,"29 March 2025, 08:36",GOMO,"SCAM ALERT: If someone sends a link or asks for your OTP... STOP! It might be a scam! Scammers pretend to be from your telco, bank, or other trusted institutions to steal your info and initiate unauthorized transactions. Never share your OTP! Transact only via official apps and websites. Stay safe, Fam!",English,Benign
,"29 March 2025, 07:06",TNT,"FREE DATA for you, KaTropa! Meron kang FREE 2.5 GB 5G DATA ACCESS dahil nagload ka ng TIKTOK SAYA 50 today! Load lang nang load at baka makakuha ka pa ng surprise freebies! Just go to https://smrt.ph/GetSmartApp o dial *123#",Tag-Lish,Benign
,"29 March 2025, 03:33",TNT,Tuloy ang Saya! May UNLI TikTok + 3 GB + Unli Calls & Texts ka na with TIKTOK SAYA 50 for 3 days.,Tag-Lish,Benign
,"29 March 2025, 03:33",TNT,"Load NOW and check out Free Promo Load, Unli TikTok, Bigger & Longer Data, No Expiry Offers and MORE at smrt.ph/SmartApp!",English,Benign
,"29 March 2025, 03:33",TNT,"Iba talaga 'pag 'di ka bitin sa SAYA! Mag UNLI TikTok, FB & MLBB + 6 GB + Unli Calls & Texts for 7 days na w/ SAYA ALL 99. Buy NOW at Smart App!",Tagalog,Benign
,"29 March 2025, 03:33",TNT,Your regular load is low on balance. Add Regular Load NOW to continue enjoying our promos and services.,English,Benign
,"29 March 2025, 03:08",TNTLOAD,"2/2 Stay always connected! Manage your subscriptions and check out the Smart App for Bigger & Longer Data, No Expiry offers and MORE! smrt.ph/SmartApp",English,Benign
,"29 March 2025, 03:08",TNTLOAD,1/2 29-Mar 03:08: P50 loaded to 09129094503 from XXXXXXXX7428 for 1 year. Ref:CCT7I7KA57. Get MORE with PROMO LOAD in the Smart App!,English,Benign
,"28 March 2025, 13:13",TNT,Never run out of data. Always check your load balance and subscriptions with just a tap on smrt.ph/CheckUsage,English,Benign
,"28 March 2025, 13:13",TNT,You're trying to access sites not included in your promo OR haven't subscribed to one yet.,English,Benign
,"28 March 2025, 13:05",BDO,"FINAL REMINDER: The old Online Banking website will no longer be available on March 31, 2025. Log in to the new BDO Online website now to avoid any inconvenience. Go to the BDO website > Login > Personal > BDO Online Banking (New). If you use the BDO Online or BDO Pay apps, log in with your username and password. Otherwise, log in with your old Online Banking website username and password. If you are unable to log in, go to ""Need help logging in?"" to retrieve your username or reset your password.",English,Benign
,"28 March 2025, 12:26",RD PAWNSHOP,"Hi Mr/Ms <NAME>, RDCN 47972 can be claimed at any RDPawnshop, Penbank and TrueMoney branches. Please present valid ID. Thank you!",English,Benign
,"28 March 2025, 11:46",TNT,"KaTropa! 'Wag palampasin ang iyong FREE VIU VOUCHER! Mag-load lang ng TNT SURFSAYA 49 para may all access data + UNLI calls & texts to all ka na for 7 days, may FREE 7-day Viu voucher ka pa! Simulan na ang pag-bingewatch this weekend! Load na sa Smart App! DTI216150",Tag-Lish,Benign
,"28 March 2025, 08:05",GCash,Kaya mo nang i-checkout ang nasa cart mo! Treat yourself this weekend & pay later with GGives for affordable installments. I-GGives mo na!,Tag-Lish,Benign
,"27 March 2025, 22:04",GCash,"NEVER SHARE YOUR OTP OR USE IT IN ANY LINK. You are about to pay PHP 220.00 to Shopee Philippines Inc. Your OTP is 150839. If you DID NOT make this request, please ignore this message.",English,Benign
,"27 March 2025, 22:02",GCash,"NEVER SHARE YOUR OTP OR USE IT IN ANY LINK. You are about to pay PHP 220.00 to Shopee Philippines Inc. Your OTP is 106167. If you DID NOT make this request, please ignore this message.",English,Benign
,"27 March 2025, 16:55",BDO,"REMINDER: The old Online Banking website will no longer be available on March 31, 2025. Log in to the new BDO Online website now to avoid any inconvenience. Go to the BDO website > Login > Personal > BDO Online Banking (New). If you use the BDO Online or BDO Pay apps, log in with your username and password. Otherwise, log in with your old Online Banking website username and password. If you are unable to log in, go to ""Need help logging in?"" to retrieve your username or reset your password.",English,Benign
,"27 March 2025, 13:08",TNT,Never run out of data. Always check your load balance and subscriptions with just a tap on smrt.ph/CheckUsage,English,Benign
,"27 March 2025, 13:08",TNT,You're trying to access sites not included in your promo OR haven't subscribed to one yet.,English,Benign
,"27 March 2025, 09:45",TNT,Walang laman ang e-wallet pang-load? TNT UTANG NA LOAD ka na muna! Get up to 1 GB or P50 load. Dial *5623# NOW!,Tag-Lish,Benign
,"26 March 2025, 18:30",GOMO,"UNSTPPBL SPEED for all your gadgets at home! Get GOMO FIBER and enjoy speeds of up to 100Mbps for a one-time installation fee of just P999. Apply now and get FREE UNLI FIBER for 30 days! To apply, just open the GOMO app, select the SHOP tab, and look for GOMO Fiber. Offer is valid until March 31, 2025 only. No advisories? Text OFF to 2686 for free.",English,Benign
,"26 March 2025, 14:26",BDO Deals,"Last chance to get up to P300 cashback when you pay using BDO Pay at ACE Hardware, Our Home, and other participating SM Retail stores via Scan to Pay. T&Cs apply. DTI213132. Scan to Pay limit for Credit Card is up to the available credit limit. For Bank Account, the daily limit is P50,000. Download BDO Pay now!",English,Benign
,"26 March 2025, 09:04",TNT,Never run out of data. Always check your load balance and subscriptions with just a tap on smrt.ph/CheckUsage,English,Benign
,"26 March 2025, 09:04",TNT,You're trying to access sites not included in your promo OR haven't subscribed to one yet.,English,Benign
,"25 March 2025, 22:58",TNT,Nag-expire na ang FREE 5G DATA mo.,Tagalog,Benign
,"25 March 2025, 22:58",TNT,Tuloy ang Saya! Load SAYA ALL 99 sa smrt.ph/SmartApp para UNLI ang fave apps mo at may 6 GB ka pa! Kulang sa budget? May TNT Utang Na Load! Dial *5623# now!,Tagalog,Benign
,"25 March 2025, 22:57",TNT,Tuloy ang Saya! Load SAYA ALL 99 sa smrt.ph/SmartApp para UNLI ang fave apps mo at may 6 GB ka pa! Kulang sa budget? May TNT Utang Na Load! Dial *5623# now!,Tagalog,Benign
,"25 March 2025, 22:57",TNT,Tuloy ang Saya! Load SAYA ALL 99 sa smrt.ph/SmartApp para UNLI ang fave apps mo at may 6 GB ka pa! Kulang sa budget? May TNT Utang Na Load! Dial *5623# now!,Tagalog,Benign
,"25 March 2025, 22:57",TNT,Nag-expire na ang Open Access Data mo.,Tagalog,Benign
,"25 March 2025, 22:57",TNT,Tuloy ang Saya! Load SAYA ALL 99 sa smrt.ph/SmartApp para UNLI ang fave apps mo at may 6 GB ka pa! Kulang sa budget? May TNT Utang Na Load! Dial *5623# now!,Tagalog,Benign
,"25 March 2025, 22:57",TNT,Nag-expire na ang Unli Calls mo.,Tagalog,Benign
,"25 March 2025, 22:57",TNT,Nag-expire na ang FREE UNLI TIKTOK ARAW-ARAW mo.,Tagalog,Benign
,"25 March 2025, 22:57",TNT,Nag-expire na ang Unli Texts mo.,Tagalog,Benign
,"25 March 2025, 21:59",TNT,"Never run out of data. Manage your subscriptions and check out the Smart App for Bigger & Longer Data, No Expiry offers and MORE! smrt.ph/SmartApp",English,Benign
,"25 March 2025, 21:59",TNT,May 60 minutes ka na lang para gamitin ang FREE 5G DATA mo.,Tagalog,Benign
,"25 March 2025, 21:57",TNT,"Never run out of data. Manage your subscriptions and check out the Smart App for Bigger & Longer Data, No Expiry offers and MORE! smrt.ph/SmartApp",English,Benign
,"25 March 2025, 21:57",TNT,"Never run out of data. Manage your subscriptions and check out the Smart App for Bigger & Longer Data, No Expiry offers and MORE! smrt.ph/SmartApp",English,Benign
,"25 March 2025, 21:57",TNT,May 60 minutes ka na lang sa FREE UNLI TIKTOK ARAW-ARAW mo.,Tagalog,Benign
,"25 March 2025, 21:57",TNT,May 60 minutes ka na lang sa Open Access Data mo.,Tagalog,Benign
,"25 March 2025, 21:57",TNT,"Always stay connected. Manage your subscriptions and check out the Smart App for Bigger & Longer Offers, No Expiry offer and MORE! smrt.ph/SmartApp",English,Benign
,"25 March 2025, 21:57",TNT,"Always stay connected. Manage your subscriptions and check out the Smart App for Bigger & Longer Offers, No Expiry offer and MORE! smrt.ph/SmartApp",English,Benign
,"25 March 2025, 21:57",TNT,May 60 minutes ka na lang sa Unli Calls mo.,Tagalog,Benign
,"25 March 2025, 21:57",TNT,May 60 minutes ka na lang sa Unli Texts mo.,Tagalog,Benign
,"24 March 2025, 15:59",BDO,Forget the hassle of cashing in and transferring funds from your bank account to an e-wallet. Want simple? Try BDO Pay. Download now!,English,Benign
,"24 March 2025, 11:08",BDO,"The old Online Banking website will no longer be available on March 31, 2025. Log in to the new BDO Online website now to avoid any inconvenience. If you use the BDO Online or BDO Pay apps, log in with your username and password. Otherwise, log in with your old Online Banking website username and password. If you are unable to log in, go to ""Need help logging in?"" to retrieve your username or reset your password.",English,Benign
,"23 March 2025, 03:12",TNT,"FREE DATA for you, KaTropa! Meron kang FREE 2.5 GB 5G DATA ACCESS dahil nagload ka ng TIKTOK SAYA 50 today! Load lang nang load at baka makakuha ka pa ng surprise freebies! Just go to https://smrt.ph/GetSmartApp o dial *123#",Tag-Lish,Benign
,"22 March 2025, 22:56",TNT,Mas pahabain pa ang UNLI TIKTOK SAYA! Get up to 30 DAYS of UNLI Tiktok + 20 GB + Unli Calls & Texts. Load na at smrt.ph/SmartApp,Tag-Lish,Benign
,"22 March 2025, 22:56",TNT,Tuloy ang Saya! May UNLI TikTok + 3 GB + Unli Calls & Texts ka na with TIKTOK SAYA 50 for 3 days.,Tag-Lish,Benign
,"22 March 2025, 22:56",TNT,"Load NOW and check out Free Promo Load, Unli TikTok, Bigger & Longer Data, No Expiry Offers and MORE at smrt.ph/SmartApp!",English,Benign
,"22 March 2025, 22:56",TNT,Your regular load is low on balance. Add Regular Load NOW to continue enjoying our promos and services.,English,Benign
,"22 March 2025, 22:52",TNTLOAD,"2/2 Stay always connected! Manage your subscriptions and check out the Smart App for Bigger & Longer Data, No Expiry offers and MORE! smrt.ph/SmartApp",English,Benign
,"22 March 2025, 22:52",TNTLOAD,1/2 22-Mar 22:52: P50 loaded to 09129094503 from XXXXXXXX7428 for 1 year. Ref:CCM9HNF0BX. Get MORE with PROMO LOAD in the Smart App!,English,Benign
,"22 March 2025, 21:34",TNT,Never run out of data. Always check your load balance and subscriptions with just a tap on smrt.ph/CheckUsage,English,Benign
,"22 March 2025, 21:34",TNT,You're trying to access sites not included in your promo OR haven't subscribed to one yet.,English,Benign
,"22 March 2025, 17:16",BDO Alert,#BDOStopScam: Make sure you're on the correct BDO Online website before logging in. Always type the official URL in your browser & DON'T CLICK LINKS!,English,Benign
,"22 March 2025, 08:13",GCash,May budget ka pa rin kahit di pa payday! Maximize your GGives credit limit para tuloy-tuloy pa rin ang shopping this weekend! Tap Borrow > GGives on GCash now.,Tag-Lish,Benign
,"20 March 2025, 16:19",BDO,Save your frequent billers & recipients as Favorites on the new BDO Online website for easier & faster transactions! Just click More > Manage Favorites. Log in now!,English,Benign
,"20 March 2025, 12:53",TNT,Never run out of data. Always check your load balance and subscriptions with just a tap on smrt.ph/CheckUsage,English,Benign
,"20 March 2025, 12:53",TNT,You're trying to access sites not included in your promo OR haven't subscribed to one yet.,English,Benign
,"20 March 2025, 11:08",TNT,"Nakapag-SAYA ALL 149 na ba ang lahat? 'Wag palalampasin ang chance to win a group date with Kathryn Bernardo at Joshua Garcia sa TNT Max Saya Bonding Raffle! To join: Text TNT25 to 5858 at abangan ang confirmation na kasali ka. For raffle entries: Load Saya All 149 from Feb 28-Mar 31. 1 promo = 1 raffle entry. Sa pag-text nito, sumasang-ayon ka sa T&Cs at Privacy Notice ng promo. For more info, visit https://www.tntph.com/Pages/Anibersaya2025",Tag-Lish,Benign
,"20 March 2025, 08:14",BDO,"This is the final reminder to check your recent login using username and password to access BDO Online Banking or BDO Pay. Your account verification is almost complete. If this was not you, reset your password immediately.",English,Benign
,"19 March 2025, 23:03",GCash,"Did you request to do BANK TRANSFER to BDO Unibank, Inc. account no. ending in 6177 with amount of PHP 1900.00? If not, DON'T ENTER YOUR OTP ON ANY SITE OR SEND IT TO ANYONE because IT'S A SCAM! If you requested, your OTP is 591199.",English,Benign
,"19 March 2025, 22:59",GCash,"Did you request to do BANK TRANSFER to BDO Unibank, Inc. account no. ending in 6177 with amount of PHP 100.00? If not, DON'T ENTER YOUR OTP ON ANY SITE OR SEND IT TO ANYONE because IT'S A SCAM! If you requested, your OTP is 456332.",English,Benign
,"19 March 2025, 22:56",BDO OTP,"DO NOT SHARE YOUR OTP. You're making a digital transaction. Your One-Time PIN is 111349. If you did not make this request, change your password immediately and call BDO at (02) 8888-0000 for Local Numbers or (Intl. Access Code) 800-8-2255236 for International Numbers.",English,Benign
,"19 March 2025, 22:56",BDO,"We noticed a recent login using your Online Banking username and password in the BDO Online app on 03-19-2025 at 10:56 PM PHT. For your security, your account is currently being verified. Your access will temporarily be limited until verification has been completed. If this was not you, reset your password and call us immediately at (02) 8888-0000.",English,Benign
,"19 March 2025, 22:50",BDO OTP,"Your One-Time PIN is 396649. DO NOT SHARE THIS WITH ANYONE. If you did not request for an OTP, pls call BDO at (02)8888-0000.",English,Benign
,"19 March 2025, 15:58",BDO Deals,"Last 2 weeks to enjoy cashback as you treat yourself to some beauty and fashion at SM, Watsons, Kultura, and other participating SM Retail stores. Get P100 every P2K spend, redeemable up to 3 times! T&Cs apply. DTI213132. Scan to Pay limit for Credit Card is up to the available credit limit. For Bank Account, the daily limit is P50,000. Download BDO Pay now!",English,Benign
,"18 March 2025, 16:32",BDO,"ADVISORY: The old Online Banking website will no longer be available on March 31, 2025. Log in to the new BDO Online website now to avoid any inconvenience. If you use the BDO Online or BDO Pay apps, log in with your username and password. Otherwise, log in with your old Online Banking website username and password. If you are unable to log in, go to ""Need help logging in?"" to retrieve your username or reset your password.",English,Benign
,"18 March 2025, 15:01",TNT,"Nakapag-SAYA ALL 149 na ba ang lahat? 'Wag palalampasin ang chance to win a group date with Kathryn Bernardo at Joshua Garcia sa TNT Max Saya Bonding Raffle! To join: Text TNT25 to 5858 at abangan ang confirmation na kasali ka. For raffle entries: Load Saya All 149 from Feb 28-Mar 31. 1 promo = 1 raffle entry. Sa pag-text nito, sumasang-ayon ka sa T&Cs at Privacy Notice ng promo. For more info, visit https://www.tntph.com/Pages/Anibersaya2025",Tag-Lish,Benign
,"18 March 2025, 10:34",TNT,Never run out of data. Always check your load balance and subscriptions with just a tap on smrt.ph/CheckUsage,English,Benign
,"18 March 2025, 10:34",TNT,You're trying to access sites not included in your promo OR haven't subscribed to one yet.,English,Benign
,"17 March 2025, 16:47",BDO,Send Money seamlessly from your BDO account to another BDO account for FREE. Enjoy a minimal InstaPay fee of P10 for transfers to other banks and wallets. Download BDO Pay now!,English,Benign
,"17 March 2025, 12:49",BDO,Logging in on the new BDO Online website is now more secure with push authentication through the BDO Online app. No need to wait for an OTP via SMS! Just make sure that push notifications are enabled on your device settings.,English,Benign
,"16 March 2025, 18:24",TNT,Trouble in paradise? I-stream na ang The White Lotus at iba pang fave shows mo sa Max for as low as P149/month lang! I-download na ang Max app at pumunta sa https://smart.com.ph/shopmax para maka-subscribe gamit ang TNT load mo.,Tag-Lish,Benign
,"16 March 2025, 15:12",RD PAWNSHOP,"Hi Mr/Ms <NAME>, RDCN 27458 can be claimed at any RDPawnshop, Penbank and TrueMoney branches. Please present valid ID. Thank you!",English,Benign
,"16 March 2025, 14:01",GCash,Sagot ni GGives ang bigating shopping mo this weekend! Checkout with GGives para sa abot-kayang hulugan na up to 24 mos. Tap Borrow > GGives sa GCash app to view your available credit limit.,Tag-Lish,Benign
,"15 March 2025, 16:38",TNT,"Uy, weekend na! Mag-binge watch gamit ang iyong FREE VIU VOUCHER! Mag-load lang ng TNT ALL DATA 99 with 2 GB data. May kasama rin itong FREE 7-day Viu Voucher, perfect pang-stream ng fave KDrama series mo! Load na sa Smart App https://smrt.ph/GetSmartApp DTI216150",Tag-Lish,Benign
,"15 March 2025, 14:16",GOMO,"Happy payday, GOMO Fam! Wanna get more out of Shopee's Payday Sale? Convert your 3.5GB to a P50 Shopee voucher! Just open your GOMO PH app and go to the 'Mo Creds tab to start swappin'. No advisories? Text OFF to 2686 for free.",English,Benign
,"15 March 2025, 10:37",GOMO,"Fast, UNSTPPBL internet with GOMO Fiber! Apply and get FREE 30 Days UNLI FIBER with speeds up to 50Mbps for only P999. Hurry, this offer ends on March 31, 2025. So don't miss out! No advisories? Text OFF to 2686 for free.",English,Benign
,"14 March 2025, 20:15",BDO Alert,"#BDOStopScam: Mag-ingat sa text na may link, kahit galing sa ""BDO."" Gumagamit ng fake cell sites ang scammers to send these scam texts. Don't click links!",Tag-Lish,Benign
,"14 March 2025, 14:58",GCash,"Kaya today ang bagong furnitures dahil walang downpayment ang installments ng GGives! On GCash, go to Borrow > GGives to view your credit limit.",Tag-Lish,Benign
,"14 March 2025, 11:57",BDO,Add your Joint OR accounts on the new BDO Online website! Click Manage Accounts > Add Own Account. Log in now! Just use your existing username and password.,English,Benign
,"13 March 2025, 21:20",LBCEXPRESS,Hi Ka-LBC! We will deliver your shipment 127400351158 today. Provide authorization & ID if not around. Photo may be taken as proof of delivery. Thanks,English,Benign
,"13 March 2025, 09:39",TNT,"Nakapag-SAYA ALL 149 na ba ang lahat? 'Wag palalampasin ang chance to win a group date with Kathryn Bernardo at Joshua Garcia sa TNT Max Saya Bonding Raffle! To join: Text TNT25 to 5858 at abangan ang confirmation na kasali ka. For raffle entries: Load Saya All 149 from Feb 28-Mar 31. 1 promo = 1 raffle entry. Sa pag-text nito, sumasang-ayon ka sa T&Cs at Privacy Notice ng promo. For more info, visit https://www.tntph.com/Pages/Anibersaya2025",Tag-Lish,Benign
,"11 March 2025, 16:21",BDO,"Manage accounts and transactions your way with BDO Online! Add, remove, or group accounts, update your profile, save and manage Favorites, schedule transactions and more! Log in now!",English,Benign
,"11 March 2025, 14:30",BDO Deals,"Shop at SM Store, Our Home, Toy Kingdom, and other participating SM Retail stores. Get P100 cashback for every P2K spend w/ BDO Pay. T&Cs apply. DTI213132. Scan to Pay limit for Credit Card is up to the available credit limit. For Bank Account, the daily limit is P50,000. Download BDO Pay now!",English,Benign
,"11 March 2025, 09:49",TNT,"Nakapag-SAYA ALL 149 na ba ang lahat? 'Wag palalampasin ang chance to win a group date with Kathryn Bernardo at Joshua Garcia sa TNT Max Saya Bonding Raffle! To join: Text TNT25 to 5858 at abangan ang confirmation na kasali ka. For raffle entries: Load Saya All 149 from Feb 28-Mar 31. 1 promo = 1 raffle entry. Sa pag-text nito, sumasang-ayon ka sa T&Cs at Privacy Notice ng promo. For more info, visit https://www.tntph.com/Pages/Anibersaya2025",Tag-Lish,Benign
,"10 March 2025, 14:07",GCash,"NEVER SHARE YOUR OTP OR USE IT IN ANY LINK. You are about to pay PHP 156.00 to Shopee Philippines Inc. Your OTP is 611434. If you DID NOT make this request, please ignore this message.",English,Benign
,"8 March 2025, 15:48",GCash,"Did you request to SEND MONEY to NH**L AL***N P.'s GCash number, 09564853683 with amount of PHP 25.00? If not, DON'T ENTER YOUR OTP ON ANY SITE OR SEND IT TO ANYONE because IT'S A SCAM! If you requested, your OTP is 559238.",English,Benign
,"8 March 2025, 00:03",TNT,Never run out of data. Always check your load balance and subscriptions with just a tap on smrt.ph/CheckUsage,English,Benign
,"8 March 2025, 00:03",TNT,You're trying to access sites not included in your promo OR haven't subscribed to one yet.,English,Benign
,"7 March 2025, 15:34",GCash,Upgrade your gadget with GGives & pay in easy monthly installments! Tap Borrow > GGives in the GCash app to check your available credit limit now.,English,Benign
,"7 March 2025, 10:46",GCash,Paubos na ang data! 'Pano ang win-streak? Palista muna ng EASYSURF50! Kaya today with Borrow Load.,Tag-Lish,Benign
,"7 March 2025, 09:52",TNT,Isang linggo pa bago sweldo? Mag TNT UTANG NA LOAD ka muna para may pang up to 4hrs ng FB! Dial *5623# NOW!,Tagalog,Benign
,"7 March 2025, 08:20",,"Your package PH255228007557M is out for delivery. Your rider is 09568136334. To report no attempt, please contact us at (02) 8539-4002.",English,Benign
,"6 March 2025, 17:33",TNT,"Nakapag-SAYA ALL 149 na ba ang lahat? 'Wag palalampasin ang chance to win a group date with Kathryn Bernardo at Joshua Garcia sa TNT Max Saya Bonding Raffle! To join: Text TNT25 to 5858 at abangan ang confirmation na kasali ka. For raffle entries: Load Saya All 149 from Feb 28-Mar 31. 1 promo = 1 raffle entry. Sa pag-text nito, sumasang-ayon ka sa T&Cs at Privacy Notice ng promo. For more info, visit https://www.tntph.com/Pages/Anibersaya2025",Tag-Lish,Benign
,"6 March 2025, 16:32",BDO,"View statements, reorder checkbooks, avail installment plans, request loan documents and more. Log in to BDO Online now and bank your way!",English,Benign
,"5 March 2025, 10:08",TNT,"Get a chance to win a group date with Kathryn Bernardo at Joshua Garcia sa TNT Max Saya Bonding Raffle! To join: Text TNT25 to 5858 at abangan ang confirmation na kasali ka. For raffle entries: Load Saya All 149 from Feb 28-Mar 31. 1 promo = 1 raffle entry Sa pag-text nito, sumasang-ayon ka sa T&Cs at Privacy Notice ng promo. For more info, visit https://www.tntph.com/Pages/Anibersaya2025",Tag-Lish,Benign
,"4 March 2025, 17:12",BDO,Easily schedule transactions on the new BDO Online website! Just select Later or Recurring when entering your transaction details. Remember to delete scheduled transactions set in the old Online Banking website to avoid any duplicate debits.,English,Benign
,"4 March 2025, 04:32",Grab,"655096 is your GRAB verification code. It expires in 2 minutes. Do not share it with anyone, including GRAB.",English,Benign
,"4 March 2025, 04:31",Grab,"331973 - Grab OTP for Udemy - PH PHP509. Valid for 2 mins. Do not share it with anyone. If unauthorised, report via in-app chat.",English,Benign
,"4 March 2025, 04:30",GCash,"Did you request to do BANK TRANSFER to GrabPay account no. ending in 4503 with amount of PHP 510.00? If not, DON'T ENTER YOUR OTP ON ANY SITE OR SEND IT TO ANYONE because IT'S A SCAM! If you requested, your OTP is 019302.",English,Benign
,"4 March 2025, 04:26",Grab,"640500 - Grab OTP for Udemy - PH PHP509. Valid for 2 mins. Do not share it with anyone. If unauthorised, report via in-app chat.",English,Benign
,"4 March 2025, 04:25",Grab,"<#> 372886 is your GRAB verification code. It expires in 2 minutes. Do not share it with anyone, including GRAB. H9CMNjtZ1r6",English,Benign
,"3 March 2025, 14:56",BDO,BDO Online app and website now lets you group your accounts together to easily view and manage them. Log in now!,English,Benign
,"3 March 2025, 12:55",LBCEXPRESS,"Ka-LBC! Your shipment 142032398832 was received by <NAME> on 03-03-2025. Share your experience, click bit.ly/CSATPh. Thanks",English,Benign
,"3 March 2025, 09:16",GCash,"Congrats, your GGives credit limit has increased to P25k! Book with GGives & pay in easy installments. Go to Borrow > GGives to view your new credit limit, valid until March 17.",English,Benign
,"2 March 2025, 12:22",GCash,Di pa tapos pumili sa online shops? Mag-Borrow Load 'pag nabitin ang data! 'Di ka na lalayo para walang abala sa online shopping!,Tagalog,Benign
,"2 March 2025, 09:37",GOMO,"Lace up, GOMO Fam! Set new PRs and register for the Sante Barley Trilogy Run Asia presented by Hoka and GOMO this March. Get P500 OFF your race kit when you swap 10GB of No Expiry Data via 'Mo Creds. Go to the GOMO App and swap now! No advisories? Text OFF to 2686 for free.",English,Benign
,"2 March 2025, 08:58",BDO Alert,"#BDOStopScam: Ingat sa fake rewards o points redemption scams! 'Pag hiningi ang iyong OTP, username, o password, scam 'yan! Never share your personal info.",Tag-Lish,Benign
,"2 March 2025, 02:54",GCash,"NEVER SHARE YOUR OTP OR USE IT IN ANY LINK. You are about to pay PHP 626.00 to Shopee Philippines Inc. Your OTP is 486453. If you DID NOT make this request, please ignore this message.",English,Benign
,"1 March 2025, 00:16",GCash,You have received P891.00 GCash from Philippine Seven Corporation w/ MSG - PSC Cashin. Your new balance is P958.69 03-01-25 12:16AM. Ref no. 0026220022329.,English,Benign
,"27 February 2025, 19:02",GCash,"NEVER SHARE YOUR OTP OR USE IT IN ANY LINK. You are about to pay PHP 265.56 to Seamoney Credit. Your OTP is 935762. If you DID NOT make this request, please ignore this message.",English,Benign
,"27 February 2025, 16:25",BDO,Logging in on the new BDO Online website is now more secure with push authentication through the BDO Online app. No need to wait for an OTP via SMS! Just make sure that push notifications are enabled on your device settings.,English,Benign
,"24 February 2025, 17:08",NocodePH,"Hi Christopher, see you 6PM at The Bloom for ""Build Apps Without Code: A Beginner’s Workshop on Adalo"". Please check your email for the Adalo Quick Start Guide, and don't forget to join our exclusive Discord channel. Got questions? Text Crystal at 09177010616.",English,Benign
,"23 February 2025, 22:09",NocodePH,"Christopher, Build Apps Without Code: A Beginner’s Workshop on Adalo is happening tomorrow, 6PM at The Bloom. Check your email for your complimentary ticket!",English,Benign
,"23 February 2025, 15:48",TNT,Get the most of your device with Google One! May additional 100 GB for as low as P89/month. Mag-subscribe na gamit ang TNT load! More info: https://smart.com.ph/googleone,English,Benign
,"21 February 2025, 15:12",Google,G-625112 is your Google verification code. Don't share your code with anyone.,English,Benign
,"21 February 2025, 09:37",TNT,May TNT UTANG NA LOAD na laging masasandalan! Avail up to 1 GB or P50 regular load! Dial *5623# NOW!,Tag-Lish,Benign
,"20 February 2025, 22:43",GCash,"Did you request to SEND MONEY to SE*H AM**L C.'s GCash number, 09947128810 with amount of PHP 5.00? If not, DON'T ENTER YOUR OTP ON ANY SITE OR SEND IT TO ANYONE because IT'S A SCAM! If you requested, your OTP is 296825.",English,Benign
,"20 February 2025, 16:55",BDO,The new BDO Online website is here! Visit the BDO website > Login > Personal > BDO Online Banking (New) and log in with your existing username and password to experience a fresh new interface.,English,Benign
,"18 February 2025, 17:20",GCash,"NEVER SHARE YOUR OTP especially on social media and SMS or email links. GCash will only need your MPIN or OTP when using the GCash App. Your OTP to link your device is 795733. If this was not you, please ignore. yyAfcYn/qSW.",English,Benign
,"18 February 2025, 08:51",TNT,"Lamang ka sa susunod mong load up, DALI! Subscribe to DOBLE GIGA STORIES or any promo at least P20 to get EXTRA 2 GB for 3 days FREE! Load na sa https://smrt.ph/GetSmartApp o i-dial ang *123# NOW NA!",Tag-Lish,Benign
,"17 February 2025, 14:44",SmartApp,Your number has been unlinked in the Smart app by 09XX XXX 7951.,English,Benign
,"17 February 2025, 14:43",SmartApp,Your number has been unlinked in the Smart app by 09XX XXX 7951.,English,Benign
,"17 February 2025, 13:37",GCash,"Di ka na mahuhuli sa mga trending! With Borrow Load, 'di ka na lalayo 'pag paubos na ang data! Magpalista na sa Borrow Load!",Tagalog,Benign
,"17 February 2025, 12:33",TNT,Never run out of data. Always check your load balance and subscriptions with just a tap on smrt.ph/CheckUsage,English,Benign
,"17 February 2025, 12:33",TNT,You're trying to access sites not included in your promo OR haven't subscribed to one yet.,English,Benign
,"16 February 2025, 16:05",TNT,Keep your devices safe with Smart Phone Protect! Punta na sa https://smart.iglooinsure.com/ at mag-subscribe na gamit ang TNT load!,Tag-Lish,Benign
,"15 February 2025, 08:38",TNT,"Ituloy ang saya to stay online with FREE data! May FREE 500 MB for 4 days para sa'yo! Paano? Magsend lang ng 'YAY' to 5858 now! Available lang ito for today, so sulitin mo na KaTropa bago pa mawala!",Tag-Lish,Benign
,"14 February 2025, 14:15",GCash,"Need more data para makapag-check out ng cart? Borrow NEW POWER ALL 99! Ang palista na walang abala, Kaya Today with Borrow Load!",Tag-Lish,Benign
,"14 February 2025, 13:37",Maya,"Someone sent you a P500 Valentine's day gift card! Click the link now before it expires. STOP! Maya will NEVER send links. Scammers lang gumagawa nun. Using a text hijacking device, nagpapanggap sila na Maya at ibang brands para magtext ng link at manakaw ang pera mo. Never share OTPs, passwords, or open links.",Tag-Lish,Benign
,"14 February 2025, 11:29",RD PAWNSHOP,"Hi Mr/Ms <NAME>, RDCN 34532 can be claimed at any RDPawnshop, Penbank and TrueMoney branches. Please present valid ID. Thank you!",English,Benign
,"13 February 2025, 11:45",TNT,"UNLI na ang favorite apps mo with TNT SAYA ALL 99! May Unli FB, Messenger, IG, TikTok at ML plus may 6 GB ka pa for all apps and sites, at unli calls & texts to all pa! At kung mag-load ka bago Feb 14, may makukuha kang EXTRA FREE DATA. Load na, KaTropa!",Tag-Lish,Benign
,"12 February 2025, 15:59",BDO Deals,"Get up to P300 cashback as you shop and scan using BDO Pay at SM Store and other participating SM Retail stores from February 12 to March 31, 2025. T&Cs apply. DTI213132. Scan to Pay limit for Credit Card is up to the available credit limit. For Bank Account, the daily limit is P50,000. Download now!",English,Benign
,"12 February 2025, 09:04",TNT,"Ituloy ang saya to stay online with FREE data! May FREE 500 MB for 4 days para sa'yo! Paano? Magsend lang ng 'YAY' to 5858 now! Available lang ito for today, so sulitin mo na KaTropa bago pa mawala!",Tag-Lish,Benign
,"11 February 2025, 15:21",TNT,Pwede nang mag-enjoy ng Ad Free viewing with Youtube Premium. Mag-subscribe for only P159/month gamit ang TNT load!,Tag-Lish,Benign
,"11 February 2025, 14:49",BDO,"Can't find your Debit or Credit Card? Easily lock your card on the BDO Online app, then unlock it once you find it - all in real-time. Try it now!",English,Benign
,"11 February 2025, 12:09",LBCEXPRESS,"Ka-LBC! Your shipment 142021720392 was received by HER HERO on 11-02-2025. Share your experience, click bit.ly/CSATPh. Thanks",English,Benign
,"10 February 2025, 13:35",GCash,Nagpaplano ng 2025 ganap ang barkada pero paubos na ang data mo? Mag-Borrow Load na para di ka na lalayo at wala ka nang ma-miss sa usapan ng barkada!,Tagalog,Benign
,"10 February 2025, 06:06",,431189 is your Facebook code. Don't share it.,English,Benign
,"10 February 2025, 04:58",,850769 is your Facebook code. Don't share it.,English,Benign
,"9 February 2025, 13:31",TNT,Feel Legendary sa bawat game with Codashop! Enjoy hassle free payments gamit ang TNT load!,Tag-Lish,Benign
,"8 February 2025, 17:39",BDO Alert,"#BDOStopScam: Mag-ingat sa text na may link, kahit galing sa ""BDO."" Gumagamit ng fake cell sites ang scammers to send these scam texts. Don't click links!",Tag-Lish,Benign
,"8 February 2025, 16:33",RD PAWNSHOP,"Hi Mr/Ms <NAME>, RDCN 18882 can be claimed at any RDPawnshop, Penbank and TrueMoney branches. Please present valid ID. Thank you!",English,Benign
,"8 February 2025, 08:43",TNT,"Ituloy ang saya to stay online with FREE data! May FREE 500 MB for 4 days para sa'yo! Paano? Magsend lang ng 'YAY' to 5858 now! Available lang ito for today, so sulitin mo na KaTropa bago pa mawala!",Tag-Lish,Benign
,"7 February 2025, 09:30",TNT,Aga pa pero petsa de peligro na? TNT UTANG NA LOAD muna! Up to 1 GB or P50 regular load! Dial *5623# NOW!,Tag-Lish,Benign
,"7 February 2025, 08:39",GCash,Kulang ang data para makapag-checkout? Mag-Borrow Load na! 'Di ka na lalayo para walang abala sa online shopping!,Tagalog,Benign
,"6 February 2025, 08:27",TNT,"Gusto naming ready ka kausapin ang Tropa! You get total of 16 GB and Unli Allnet Calls & Texts! That's (FREE 8 GB ALL ACCESS DATA for 3 days from us) when you avail DOBLE GIGA VIDEO+ 75 with 2 GB + 2 GB/day for YouTube, Netflix & MORE + UNLI ALLNET CALLS & TEXTS! For TODAY only! Load via https://smrt.ph/GetSmartApp o *123#",English,Benign
,"5 February 2025, 13:15",RD PAWNSHOP,"Hi Mr/Ms <NAME>, RDCN 24987 can be claimed at any RDPawnshop, Penbank and TrueMoney branches. Please present valid ID. Thank you!",English,Benign
,"5 February 2025, 09:33",RD PAWNSHOP,"Hi Mr/Ms <NAME>, RDCN 43298 can be claimed at any RDPawnshop, Penbank and TrueMoney branches. Please present valid ID. Thank you!",English,Benign
,"4 February 2025, 18:24",BDO,"Transactions are made even more convenient when you use QR! Just log in to the BDO Online app, and tap QR to select from these transactions: Send Money, Request Money, Withdraw Money or Deposit Money. Try it now!",English,Benign
,"4 February 2025, 15:44",TNT,Never run out of data. Always check your load balance and subscriptions with just a tap on smrt.ph/CheckUsage,English,Benign
,"4 February 2025, 15:44",TNT,You're trying to access sites not included in your promo OR haven't subscribed to one yet.,English,Benign
,"4 February 2025, 14:06",TNT,"Don't miss the live games from your fave local and international sports leagues like PVL, UAAP, NBA TV! Mag-subscribe na for only P149/month gamit ang TNT load!",English,Benign
,"3 February 2025, 15:51",BDO Alert,"#BDOStopScam: BDO will NEVER send links. Scammers are using fake cell towers to hijack BDO's sender ID. If you receive a ""BDO"" alert with a link, it's a scam!",English,Benign
,"3 February 2025, 08:59",TNT,"Gusto naming ready ka kausapin ang Tropa! You get total of 16 GB and Unli Allnet Calls & Texts! That's (FREE 8 GB ALL ACCESS DATA for 3 days from us) when you avail DOBLE GIGA VIDEO+ 75 with 2 GB + 2 GB/day for YouTube, Netflix & MORE + UNLI ALLNET CALLS & TEXTS! For TODAY only! Load via https://smrt.ph/GetSmartApp o *123#",English,Benign
,"1 February 2025, 09:43",TNT,"Gusto naming ready ka kausapin ang Tropa! You get total of 16 GB and Unli Allnet Calls & Texts! That's (FREE 8 GB ALL ACCESS DATA for 3 days from us) when you avail DOBLE GIGA VIDEO+ 75 with 2 GB + 2 GB/day for YouTube, Netflix & MORE + UNLI ALLNET CALLS & TEXTS! For TODAY only! Load via https://smrt.ph/GetSmartApp o *123#",English,Benign
,"31 January 2025, 16:20",BDO,"Secure your accounts and cards your way with the BDO Online app! Confirm transactions with biometrics or 6-digit PIN, lock or unlock Debit and Credit Cards, set limits for Debit Cards, enable or disable overseas Debit Card transactions. Try it now!",English,Benign
,"31 January 2025, 15:02",TNT,Never run out of data. Always check your load balance and subscriptions with just a tap on smrt.ph/CheckUsage,English,Benign
,"31 January 2025, 15:02",TNT,You're trying to access sites not included in your promo OR haven't subscribed to one yet.,English,Benign
,"31 January 2025, 14:13",TNT,"UNLI DATA na P10 lang? Kaya yan sa TNT SAYA SOCIALS TIME! Sa SAYA SOCIALS TIME 10 merong UNLI DATA pang FB, TikTok, at IG for 30 minutes! Pumunta lang sa Smart App (Wais Hacks > Hot Deals) https://smrt.ph/GetSmartApp o i-dial ang *123#2# para makita kung may PINASAYA pang SAYA SOCIALS TIME para sa'yo!",Tagalog,Benign
,"30 January 2025, 12:08",TNT,Never run out of data. Always check your load balance and subscriptions with just a tap on smrt.ph/CheckUsage,English,Benign
,"30 January 2025, 12:08",TNT,You're trying to access sites not included in your promo OR haven't subscribed to one yet.,English,Benign
,"29 January 2025, 19:22",TNT,"P10 lang para sa UNLI DATA? TNT SAYA SOCIALS TIME ang sagot! Sa SAYA SOCIALS TIME 10, may UNLI FB, IG & TikTok ka na for 30 minutes! Pumunta lang sa Smart App (Wais Hacks > Hot Deals) https://smrt.ph/GetSmartApp o i-dial ang *123#2# para makita kung may PINASAYA pang SAYA SOCIALS TIME para sa'yo!",Tagalog,Benign
,"29 January 2025, 14:39",GCash,Add-to-cart lang kahit paubos na ang data. Palista muna ng GIGA STORIES 50. Kaya Today with Borrow Load!,Tagalog,Benign
,"29 January 2025, 13:47",BDO Alert,"#BDOStopScam: This new year, make it a resolution to ignore emails with links or calls asking for an OTP. Commit to not clicking links or sharing your OTP.",English,Benign
,"29 January 2025, 12:39",GOMO,"Happy Chinese New Year, GOMO Fam! Wishing you UNSTPPBL luck this 2025.",English,Benign
,"29 January 2025, 12:29",GCash,"Congrats! Your GGives credit limit has increased to P25k! Shop with GGives this Chinese New Year para sa abot-kayang installments. Go to Borrow > GGives to view your new credit limit, valid until Feb 10.",English,Benign
,"29 January 2025, 06:47",Maya,"Gong xi fa cai! You earned P500 cashback from your last transaction. Click below to claim! STOP! Maya will NEVER send links. Scammers lang gumagawa nun. Using a text hijacking device, nagpapanggap sila na Maya at ibang brands para magtext ng link at manakaw ang pera mo. Never share OTPs, passwords, or open links.",Tag-Lish,Benign
,"28 January 2025, 16:53",TNT,"Lamang ka sa susunod mong load up, DALI! Subscribe to ALL DATA+ or any promo at least P20 to get EXTRA 2 GB for 3 days FREE! Load na sa https://smrt.ph/GetSmartApp o i-dial ang *123# NOW NA!",Tag-Lish,Benign
,"28 January 2025, 12:08",RD PAWNSHOP,"Hi Mr/Ms <NAME>, RDCN 40584 can be claimed at any RDPawnshop, Penbank and TrueMoney branches. Please present valid ID. Thank you!",English,Benign
,"28 January 2025, 09:46",TNT,Bagong exciting surprise ngayong bagong taon: 10 GB for 10 pesos lang! Bili na ng Panalo 10 to get TOTAL 10 GB (300 MB + FREE 9.7 GB) & 60 MINS CALLS & TEXTS for 1 day-- Kunin mo na bago pa mawala! LOAD NA: https://smrt.ph/GetSmartApp (Wais Hacks) or dial *123# NOW,Tag-Lish,Benign
,"28 January 2025, 08:20",SmartApp,Gong Xi Fa Cai! Celebrate Chinese New Year with us on the Smart App! Play the Lucky Fortune game for a chance to win up to 50 points this Jan 28 to 29 -- try your luck by going to the Smart App. Don't have the app yet? Download Smart App NOW!,English,Benign
,"26 January 2025, 16:01",TNT,"Panalong Savings this 2025! May P1 rebate ka na sa bawat promo o regular load purchase mo worth P50-P60 via your favorite TNT retailers. Promo valid hanggang January 31, 2025 lang!",Tag-Lish,Benign
,"25 January 2025, 10:48",TNT,Laging suliting ang load bago pa ito mag-expire! Expired na ang promo? Load your fave ALLNET 20 with just a tap sa https://smrt.ph/GetSmartApp o sa suking tindahan!,Tag-Lish,Benign
,"24 January 2025, 17:34",MayaLoans,"Save up to P6,000 when you pre-order the new Galaxy S25 Series at Samsung Authorized stores with Maya Personal Loan! Go to Maya Missions to learn more.",English,Benign
,"24 January 2025, 13:15",TNT,"Load NOW and check out Free Promo Load, Unli TikTok, Bigger & Longer Data, No Expiry Offers and MORE at smrt.ph/SmartApp!",English,Benign
,"24 January 2025, 13:15",TNT,Your regular load is low on balance. Add Regular Load NOW to continue enjoying our promos and services.,English,Benign
,"24 January 2025, 12:58",,918 259 is your Instagram code. Don't share it.,English,Benign
,"23 January 2025, 16:04",RD PAWNSHOP,"Hi Mr/Ms <NAME>, RDCN 23860 can be claimed at any RDPawnshop, Penbank and TrueMoney branches. Please present valid ID. Thank you!",English,Benign
,"23 January 2025, 15:35",TNT,"Kahit no budget, may pang internet with TNT Utang na Load! Avail up to 1 GB or P50 regular load! Dial *5623# now!",English,Benign
,"23 January 2025, 13:02",RD PAWNSHOP,"Hi Mr/Ms <NAME>, RDCN 30201 can be claimed at any RDPawnshop, Penbank and TrueMoney branches. Please present valid ID. Thank you!",English,Benign
,"22 January 2025, 20:16",MayaRewards,"Nice! You received a P10 voucher from Maya. Use it for your load, bills, shopping, and more. Tap 'Vouchers' on the app to claim your gift before it expires!",English,Benign
,"22 January 2025, 16:25",RD PAWNSHOP,"Hi Mr/Ms CHRISTOPHER, RDCN 27467 can be claimed at any RDPawnshop, Penbank and TrueMoney branches. Please present valid ID. Thank you!",English,Benign
,"22 January 2025, 09:13",BDO,"Send Money your way with the BDO Online app! You can send to your own PHP accounts or own USD to PHP accounts, to any BDO account, to any same foreign currency account in 1 of 9 available currencies, or to other banks and e-wallets via InstaPay or PESONet. Try it now!",English,Benign
,"21 January 2025, 17:32",Maya,"To finish logging in, your OTP is 809044. Never share your OTP. q0uXCqkIhgZ",English,Benign
,"21 January 2025, 14:14",Maya,Meron kang padala last November! I-google ang ‘Maya Center survey’ and share your thoughts. I-download ang Maya app to enjoy extra funds with Maya Easy Credit!,Tag-Lish,Benign
,"20 January 2025, 18:25",Maya,Sulit ba ang load mo from Maya last November? I-google ang ‘Maya Center survey’ and share your thoughts. I-download ang Maya app to enjoy extra funds with Maya Easy Credit!,Tag-Lish,Benign
,"20 January 2025, 09:17",TNT,"Ka-Tropa, simulan ang 2025 sa tipid at saya! May P3 rebate ka pag bumili ng P99 promos and up sa GCash or Maya. Available hanggang Jan 20. Bilis, load na!",Tagalog,Benign
,"19 January 2025, 13:29",GCash,"Did you request to do BANK TRANSFER to ShopeePay account no. ending in 4503 with amount of PHP 58.00? If not, DON'T ENTER YOUR OTP ON ANY SITE OR SEND IT TO ANYONE because IT'S A SCAM! If you requested, your OTP is 905855.",English,Benign
,"19 January 2025, 13:29",GCash,"Did you request to do BANK TRANSFER to ShopeePay account no. ending in 4503 with amount of PHP 58.00? If not, DON'T ENTER YOUR OTP ON ANY SITE OR SEND IT TO ANYONE because IT'S A SCAM! If you requested, your OTP is 298939.",English,Benign
,"19 January 2025, 13:24",GCash,"Did you request to do BANK TRANSFER to ShopeePay account no. ending in 4503 with amount of PHP 295.00? If not, DON'T ENTER YOUR OTP ON ANY SITE OR SEND IT TO ANYONE because IT'S A SCAM! If you requested, your OTP is 674295.",English,Benign
,"18 January 2025, 15:02",TNT,"Bagong taon, bagong Smart cell sites sa DAVAO CITY! Lalakas ang signal, lalakas ang saya! Mag load na ng TNT promos at yayain ang tropa bumili ng TNT sim.",Tagalog,Benign
,"18 January 2025, 14:25",TNT,Never run out of data. Always check your load balance and subscriptions with just a tap on smrt.ph/CheckUsage,English,Benign
,"18 January 2025, 14:25",TNT,You're trying to access sites not included in your promo OR haven't subscribed to one yet.,English,Benign
,"18 January 2025, 09:36",,"Magandang Araw <NAME>, SPX Delivery! Sa iyong pahintulot, kukuha kami ng litrato bilang Proof of Delivery. Pag may katanungan, i-contact ang Customer Service.",Tagalog,Benign
,"17 January 2025, 14:31",GCash,"NEVER SHARE YOUR OTP OR USE IT IN ANY LINK. You are about to pay PHP 281.00 to Shopee Philippines Inc. Your OTP is 600139. If you DID NOT make this request, please ignore this message.",English,Benign
,"17 January 2025, 13:04",TNT,Never run out of data. Always check your load balance and subscriptions with just a tap on smrt.ph/CheckUsage,English,Benign
,"17 January 2025, 13:04",TNT,You're trying to access sites not included in your promo OR haven't subscribed to one yet.,English,Benign
,"17 January 2025, 02:06",,264427 is your Facebook code. Don't share it.,English,Benign
,"16 January 2025, 17:08",CIMB_Bank,"Start 2025 with CIMB's New Year, New Save promo! Earn up to 15% p.a. interest NO CAP by growing your savings in Jan 2025. Cash-in now. T&Cs apply. DTI209896.",English,Benign
,"16 January 2025, 15:02",RD PAWNSHOP,"Hi Mr/Ms <NAME>, RDCN 44731 can be claimed at any RDPawnshop, Penbank and TrueMoney branches. Please present valid ID. Thank you!",English,Benign
,"15 January 2025, 09:04",TNT,"Ituloy ang saya to stay online with FREE data! May FREE 500 MB for 4 days para sa'yo! Paano? Magsend lang ng 'YAY' to 5858 now! Available lang ito for today, so sulitin mo na KaTropa bago pa mawala!",Tag-Lish,Benign
,"14 January 2025, 23:47",GCash,"NEVER SHARE YOUR OTP OR USE IT IN ANY LINK. You are about to pay PHP 162.00 to Shopee Philippines Inc. Your OTP is 755405. If you DID NOT make this request, please ignore this message.",English,Benign
,"14 January 2025, 23:42",GCash,"NEVER SHARE YOUR OTP OR USE IT IN ANY LINK. You are about to pay PHP 162.00 to Shopee Philippines Inc. Your OTP is 682610. If you DID NOT make this request, please ignore this message.",English,Benign
,"14 January 2025, 23:41",GCash,"NEVER SHARE YOUR OTP OR USE IT IN ANY LINK. You are about to pay PHP 162.00 to Shopee Philippines Inc. Your OTP is 541007. If you DID NOT make this request, please ignore this message.",English,Benign
,"14 January 2025, 14:25",BDO,"View, manage, add or remove your BDO accounts and cards on the BDO Online app! Try it now!",English,Benign
,"14 January 2025, 12:03",,"Join the excitement at W1NSL0T! Enjoy quick dep0sits, get up to 5000P welcome b0nuses, and hit more sc@tters. Visit today! 1WinSlt.pw>@+{%}>",English,Phishing
,"14 January 2025, 09:36",GOMO,"Got a text from GOMO with a link? Nah, don't tap that! It's a scam trying to trick you. Scammers are using illegal cell sites, pretending to be legit brands like GOMO, and sending you fake text messages with links. Never click links on texts or share OTPs, Fam!",English,Benign
,"12 January 2025, 15:36",RD PAWNSHOP,"Hi Mr/Ms <NAME>, RDCN 23303 can be claimed at any RDPawnshop, Penbank and TrueMoney branches. Please present valid ID. Thank you!",English,Benign
,"10 January 2025, 11:53",PalawanPay,"Suki, na-miss ka namin! Balik ka na dahil soon ay mas pabibilisin namin ang pag-login sa PalawanPay gamit ang Quick PIN!",Tagalog,Benign
,"10 January 2025, 08:38",TNT,"Ituloy ang saya to stay online with FREE data! May FREE 500 MB for 4 days para sa'yo! Paano? Magsend lang ng 'YAY' to 5858 now! Available lang ito for today, so sulitin mo na KaTropa bago pa mawala!",Tag-Lish,Benign
,"9 January 2025, 12:36",BDO,BDO Online lets you conveniently manage your checking accounts. Reorder Checkbooks from the app so you never run out when you need them or use Stop Payment Order to take control of any issued checks. Try it now!,English,Benign
,"8 January 2025, 16:43",GCash,"NEVER SHARE YOUR OTP OR USE IT IN ANY LINK. You are about to pay PHP 334.00 to Shopee Philippines Inc. Your OTP is 676163. If you DID NOT make this request, please ignore this message.",English,Benign
,"7 January 2025, 17:31",CIMB_Bank,"Start 2025 with CIMB's New Year, New Save promo! Earn up to 15% p.a. interest NO CAP by growing your savings in Jan 2025. Cash-in now. T&Cs apply. DTI209896.",English,Benign
,"7 January 2025, 08:59",TNT,"Ituloy ang saya to stay online with FREE data! May FREE 500 MB for 4 days para sa'yo! Paano? Magsend lang ng 'YAY' to 5858 now! Available lang ito for today, so sulitin mo na KaTropa bago pa mawala!",Tag-Lish,Benign
,"4 January 2025, 14:41",TNT,Never run out of data. Always check your load balance and subscriptions with just a tap on smrt.ph/CheckUsage,English,Benign
,"4 January 2025, 14:41",TNT,You're trying to access sites not included in your promo OR haven't subscribed to one yet.,English,Benign
,"4 January 2025, 08:23",TNT,"Ituloy ang saya to stay online with FREE data! May FREE 500 MB for 4 days para sa'yo! Paano? Magsend lang ng 'YAY' to 5858 now! Available lang ito for today, so sulitin mo na KaTropa bago pa mawala!",Tag-Lish,Benign
,"31 December 2024, 16:38",BDO Alert,"Avoid fake alerts! (S)uspicious account activity (C)redit rewards (A)ccount blocked (M)oney transfer processing 'Pag may link, scam 'yan. Don't click links!",English,Benign
,"31 December 2024, 10:26",TNT,"Ituloy ang saya to stay online with FREE data! May FREE 500 MB for 4 days para sa'yo! Paano? Magsend lang ng 'YAY' to 5858 now! Available lang ito for today, so sulitin mo na KaTropa bago pa mawala!",Tag-Lish,Benign
,"31 December 2024, 03:45",TNT,Never run out of data. Always check your load balance and subscriptions with just a tap on smrt.ph/CheckUsage,English,Benign
,"31 December 2024, 03:45",TNT,You're trying to access sites not included in your promo OR haven't subscribed to one yet.,English,Benign
,"31 December 2024, 01:05",Google,G-734000 is your Google verification code. Don't share your code with anyone.,English,Benign
,"29 December 2024, 11:06",GOMO,"3 DAYS LEFT to join the Holiday Raffle! Swap your GBs on 'Mo Creds now for a chance to win a new iPhone 16 Pro, a MacBook M3 with free GOMO Fiber installation, and 'MO. Just go to the GOMO app, click 'Mo Creds, and select the 'Raffle' tab to see the offers. No advisories? Text OFF to 2686 for free.",English,Benign
,"28 December 2024, 09:38",GOMO,"Beat the holiday rush and get your drinks delivered to your doorstep. Swap 5GB of your No Expiry Data to get a voucher for FREE Delivery from Boozy! Head to the GOMO app, click 'Mo Creds, and select the 'Lifestyle' tab to see the offer. No advisories? Text OFF to 2686 for free.",English,Benign
,"28 December 2024, 08:31",TNT,"Ituloy ang saya to stay online with FREE data! May FREE 500 MB for 4 days para sa'yo! Paano? Magsend lang ng 'YAY' to 5858 now! Available lang ito for today, so sulitin mo na KaTropa bago pa mawala!",Tag-Lish,Benign
,"27 December 2024, 12:26",BDO,Stay on top of your finances and view your Credit Card statements anytime you want on the BDO Online app! Try it now!,English,Benign
,"26 December 2024, 11:38",BDO,"The BDO Online app has security features that lets you secure and control your Debit Card anytime, anywhere! Just log in to the BDO Online app. Go to More > Manage Cards > Choose Debit Card > Set Daily Card Limits or Lock/Unlock your Card. Visit the BDO website to learn more.",English,Benign
,"26 December 2024, 08:45",TNT,"Ituloy ang saya to stay online with FREE data! May FREE 500 MB for 4 days para sa'yo! Paano? Magsend lang ng 'YAY' to 5858 now! Available lang ito for today, so sulitin mo na KaTropa bago pa mawala!",Tag-Lish,Benign
,"25 December 2024, 08:12",GOMO,"Cheers to 2024, Fam! We hope your holidays are merry and bright. We've reached UNSTPPBL heights this year and we couldn't have done it without you. Thanks for being part of the ride and stay tuned for even 'MO good stuff in 2025!",English,Benign
,"25 December 2024, 00:32",TNT,Never run out of data. Always check your load balance and subscriptions with just a tap on smrt.ph/CheckUsage,English,Benign
,"25 December 2024, 00:32",TNT,You're trying to access sites not included in your promo OR haven't subscribed to one yet.,English,Benign
,"24 December 2024, 18:22",CIMB Bank,"You've updated your name with CIMB Bank Philippines on December 24, 2024 06:22:47 PM PHT. If you did not make this request, please connect with us through our Customer Care team available from 6AM to 10PM. Just dial #CIMB (#2462) on your phone! Local calls are toll-free for Globe, Smart, and PLDT subscribers nationwide.",English,Benign
,"24 December 2024, 18:22",CIMB Bank,"You've updated your present address with CIMB Bank Philippines on December 24, 2024 06:22:47 PM PHT. If you did not make this request, please connect with us through our Customer Care team available from 6AM to 10PM. Just dial #CIMB (#2462) on your phone! Local calls are toll-free for Globe, Smart, and PLDT subscribers nationwide.",English,Benign
,"24 December 2024, 00:12",GCash,"Did you request to do BANK TRANSFER to BDO Unibank, Inc. account no. ending in 6177 with amount of PHP 1000.00? If not, DON'T ENTER YOUR OTP ON ANY SITE OR SEND IT TO ANYONE because IT'S A SCAM! If you requested, your OTP is 005639.",English,Benign
,"23 December 2024, 17:20",BDO Alert,"#BDOStopScam: Sana ngayong Pasko ay maalala mo - if it has a link, it's likely a scam! Don't click links or share your OTP with anyone!",English,Benign
,"23 December 2024, 08:42",TNT,"Gusto naming ready ka kausapin ang Tropa! You get total of 17 GB and Unli Allnet Calls & Texts! That's (FREE 9 GB ALL ACCESS DATA for 5 days from us) when you avail DOBLE GIGA VIDEO+ 75 with 2 GB + 2 GB/day for YouTube, Netflix & MORE + UNLI ALLNET CALLS & TEXTS! For TODAY only! Load via https://smrt.ph/GetSmartApp o *123#",English,Benign
,"22 December 2024, 21:05",GCash,"Did you request to do BANK TRANSFER to Philippine National Bank (PNB) account no. ending in 3856 with amount of PHP 1020.00? If not, DON'T ENTER YOUR OTP ON ANY SITE OR SEND IT TO ANYONE because IT'S A SCAM! If you requested, your OTP is 274729.",English,Benign
,"22 December 2024, 15:14",TNT,"May chance kang magka-group QT with Kathryn Bernardo sa BONUS ROUND ng TNT Paskong Panalo Raffle! Siguraduhing naka-text ng ""RAFFLE"" to 5858 muna at mag-load ng SAYA ALL 149 from Dec 22-28 to earn raffle entries. Sa pag-text nito, sumasang-ayon ka sa T&Cs at Privacy Notice ng promo. For more info, visit https://tntph.com/pp24tncdpn",Tag-Lish,Benign
,"21 December 2024, 16:47",TNT,"Don't miss the big game! Get your NBA League Pass now for only P425/mo -- charged to your load! For more info, visit: https://smart.com.ph/NBApass",English,Benign
,"21 December 2024, 13:36",GOMO,"Cheers to the weekend, Fam! Enjoy drinks delivered from Boozy by swapping 5GB of your No Expiry Data to get a voucher for FREE Delivery. Just go to the GOMO app, click 'Mo Creds, and select the 'Lifestyle' tab to see the offer. Minimum spend of P888 on Boozy required. No advisories? Text OFF to 2686 for free.",English,Benign
,"21 December 2024, 12:49",TNT,May bagong cell sites sa DAVAO CITY! Lalakas ang signal at saya! Load na at yayain ang Tropa!,Tagalog,Benign
,"21 December 2024, 09:23",TNT,"Gusto naming ready ka kausapin ang Tropa! You get total of 17 GB and Unli Allnet Calls & Texts! That's (FREE 9 GB ALL ACCESS DATA for 5 days from us) when you avail DOBLE GIGA VIDEO+ 75 with 2 GB + 2 GB/day for YouTube, Netflix & MORE + UNLI ALLNET CALLS & TEXTS! For TODAY only! Load via https://smrt.ph/GetSmartApp o *123#",English,Benign
,"20 December 2024, 21:17",TNT,You're trying to access sites not included in your promo OR haven't subscribed to one yet.,English,Benign
,"20 December 2024, 21:17",TNT,Never run out of data. Always check your load balance and subscriptions with just a tap on smrt.ph/CheckUsage,English,Benign
,"20 December 2024, 16:39",TNT,"Ito na! Sa Dec 22-28, may chance kang manalo ng ONE MILLION PESOS sa TNT Pasko Panalo Raffle! December 22 pa ito ha! Para makakuha ng raffle entries: Load Saya All 99. 1 registration = 1 raffle entry. Tandaang naka-text ""RAFFLE"" to 5858 muna at abangan ang confirmation. Sa pag-text nito, sumasang-ayon ka at tinatanggap mo ang Terms & Conditions at Privacy Notice ng promo. For more info, visit https://tntph.com/pp24TNCDPN",Tag-Lish,Benign
,"20 December 2024, 16:35",BDO,"View your Trust Investments on the BDO Online app! To add them, go to Manage Accounts > Add or Remove Own Account > Add Own Account. Try it now!",English,Benign
,"20 December 2024, 11:26",CIMB_Bank,Welcome 2025 with HIGHEST INTEREST PROMO! Get up to 25% interest on your savings on CIMB's 6th anniversary. Grow your ADB this month. DTI#205698,English,Benign
,"19 December 2024, 15:37",NTC,Mag-ingat sa mga SCAM. Maging mapanuri at huwag i-click ang anumang link sa text message. I-report agad sa NTC website o itawag sa NTC Hotline 1682.,Tagalog,Benign
,"18 December 2024, 15:50",BDO,"New on BDO Online: View Trust Investments, PESONet, same foreign currency transfers, request loan documents, Installment Offers & Checkbook Services! Try it now!",English,Benign
,"18 December 2024, 14:15",NTC,DOT: Planning for Christmas holidays? Choose DOT-accredited hotels and travel agencies. Check TravelPH app or call 151-TOUR (8687) for tourism-related concerns.,English,Benign
,"18 December 2024, 10:21",TNT,"Biglang naubusan ng data habang nagch-checkout ng Christmas deals? Mag TNT UTANG NA LOAD muna! Get up to P30 worth of regular load now, and pay sa next top up mo! Dial *5623# now!",Tag-Lish,Benign
,"17 December 2024, 19:13",NTC,Beware of SCAMs. Be careful not to click links within text messages. Report these on the NTC website or call the NTC Hotline 1682.,English,Benign
,"17 December 2024, 15:28",TNT,"May chance kang magka-group QT with Joshua Garcia sa TNT Paskong Panalo Raffle! Para makasali: Text ""RAFFLE"" to 5858 at abangan ang confirmation. Isang beses lang ito itetext. Para makakuha ng raffle entries: Load Saya All 149 from Dec 12-21. 1 registration = 1 raffle entry Sa pag-text nito, sumasang-ayon ka sa T&Cs at Privacy Notice ng promo. For more info, visit https://tntph.com/pp24tncdpn",Tag-Lish,Benign
,"17 December 2024, 14:17",RD PAWNSHOP,"Hi Mr/Ms <NAME>, RDCN 33389 can be claimed at any RDPawnshop, Penbank and TrueMoney branches. Please present valid ID. Thank you!",English,Benign
,"17 December 2024, 08:07",GCash,Happy Holidays with GGives! Shop last-minute gifts & pay in easy installments with 0 downpayment. You credit limit increase ends on Dec 26.,English,Benign
,"17 December 2024, 00:11",GCash,"Did you request to do BANK TRANSFER to BDO Unibank, Inc. account no. ending in 6177 with amount of PHP 600.00? If not, DON'T ENTER YOUR OTP ON ANY SITE OR SEND IT TO ANYONE because IT'S A SCAM! If you requested, your OTP is 822292.",English,Benign
,"16 December 2024, 16:21",GCash,Need more data pang-search ng recipes? Palista muna ng DITO Level-up 99 para makapag-browse! Kaya today with Borrow Load.,Tag-Lish,Benign
,"16 December 2024, 14:30",TNT,"Enjoy ad-free viewing on YouTube. Get your YouTube Premium now for only P159/mo -- charged to your load. For more info, visit: https://smart.com.ph/ytpremium",English,Benign
,"16 December 2024, 10:17",CIMB_Bank,"5% Cashback awaits you! Activate your REVI Credit line of PHP30,000.00 with 2.5% monthly interest and spend at least P3,000. T&C apply. Per DTI #19517. Download CIMB Bank PH app and link your SPayLater account now!",English,Benign
,"15 December 2024, 19:35",BDO Alert,"#BDOStopScam: Have a joyful holiday season free of scams! Remember that if it has a link, it's likely phishing. Don't click links!",English,Benign
,"15 December 2024, 14:33",TNT,"May chance kang manalo ng 100,000 at TNT Panalo Phone 5G ngayong Dec 15-21 sa TNT Paskong Panalo Raffle! Para makasali: Text ""RAFFLE"" to 5858 at abangan ang confirmation. Isang beses lang ito itetext. Para sa raffle entries: Load Saya All 99 o All Data 99. 1 registration = 1 raffle entry Sa pag-text, sumasang-ayon ka sa Terms & Conditions at Privacy Notice ng promo. For more info, visit https://tntph.com/pp24tncdpn",Tag-Lish,Benign
,"15 December 2024, 09:54",GOMO,"Join the 'Mo Creds Holiday Raffle for a chance to be one of over 400 winners of the latest gadgets, GCash Credits, and 'MO. Swap your GBs now! Promo runs until December 31, 2024. Per DTI Fair Trade Permit No FTEB 209123, series of 2024. No advisories? Text OFF to 2686 for free.",English,Benign
,"14 December 2024, 22:04",TNT,Never run out of data. Always check your load balance and subscriptions with just a tap on smrt.ph/CheckUsage,English,Benign
,"14 December 2024, 22:04",TNT,You're trying to access sites not included in your promo OR haven't subscribed to one yet.,English,Benign
,"13 December 2024, 21:47",GOMO,Yassss! You've successfully registered to 30GB Data. You may view your promo details in the Account section of the GOMO PH app.,English,Benign
,"13 December 2024, 21:46",GCash,"NEVER SHARE YOUR OTP OR USE IT IN ANY LINK. You are about to pay PHP 199.00 to GOMO. Your OTP is 587005. If you DID NOT make this request, please ignore this message.",English,Benign
,"13 December 2024, 18:43",GOMO,"You won't find this gift under the tree, but you'll find it in our app. Get GOMO Fiber for just P1! This offer is available only from December 13 to 19, so don't miss your chance and upgrade to next-level connectivity now! Subject to serviceability checking. No advisories? Text OFF to 2686 for free.",English,Benign
,"13 December 2024, 16:34",GCash,"Paghandaan ang mga bisita ngayong Pasko at damihan na ang grocery shopping dahil sagot ka ng GGives! Free ang last installment mo when you pay in 12 months. Promo is available at select supermarkets only. T&Cs apply. To learn more, login to GCash > tap Borrow > GGives > View More on our Special Offers.",Tag-Lish,Benign
,"13 December 2024, 09:51",TNT,"May chance kang magka-group QT with Joshua Garcia sa BONUS ROUND ng TNT Paskong Panalo Raffle! Siguraduhing naka-text ng RAFFLE to 5858 muna at mag-load ng SAYA ALL 149 from Dec 12-21 to earn raffle entries. Sa pag-text nito, sumasang-ayon ka sa T&Cs at Privacy Notice ng promo. For more info, visit https://tntph.com/pp24tncdpn",Tag-Lish,Benign
,"13 December 2024, 01:27",TNT,Never run out of data. Always check your load balance and subscriptions with just a tap on smrt.ph/CheckUsage,English,Benign
,"13 December 2024, 01:27",TNT,You're trying to access sites not included in your promo OR haven't subscribed to one yet.,English,Benign
,"12 December 2024, 16:38",GCash,"Did you request to do BANK TRANSFER to BDO Unibank, Inc. account no. ending in 6177 with amount of PHP 1000.00? If not, DON'T ENTER YOUR OTP ON ANY SITE OR SEND IT TO ANYONE because IT'S A SCAM! If you requested, your OTP is 697463.",English,Benign
,"12 December 2024, 16:27",TNT,I-celebrate ang PASKO with our Grand Gift: Get up to 100 GB data + UNLIMITED CALLS & TEXTS! Paano? Send 10 'Pasa Promo' to DIFFERENT loved ones: 1. Start sending 3 PasaPromo to get Santa's First Gift: 24 GB & more. 2. Share 3 more PasaPromo for Double Delight: 48 GB & more. 3. Complete 4 more PasaPromo to unwrap the Grand Gift. Go to 'Pasa' on https://smrt.ph/GetSmartApp to start sending! 'Til 18-December-2024 only!,English,Benign
,"12 December 2024, 16:08",BDO,"PESONet is now available on the BDO Online app! Send Money up to P250,000 per day for only P50. Try it now!",English,Benign
,"11 December 2024, 23:23",TNT,Never run out of data. Always check your load balance and subscriptions with just a tap on smrt.ph/CheckUsage,English,Benign
,"11 December 2024, 23:23",TNT,You're trying to access sites not included in your promo OR haven't subscribed to one yet.,English,Benign
,"11 December 2024, 18:10",TNT,Regalo namin sa inyo: 20 GB for 20 pesos! Bili na ng Panalo 20 to get TOTAL 20 GB ALL ACCESS (1 GB + FREE 19 GB) & 240 MINS CALLS & TEXTS for 1 day -- Kunin mo na bago pa mawala! Load na: https://smrt.ph/GetSmartApp (Wais Hacks) or dial *123# NOW!,Tag-Lish,Benign
,"11 December 2024, 12:00",,Use 156933 for two-factor authentication on Facebook.,English,Benign
,"10 December 2024, 19:04",TNT,Wag kalimutan ang Grand Gift namin: 100 GB data + UNLIMITED CALLS & TEXTS! Paano? Send 10 'Pasa Promo' to DIFFERENT loved ones: 1. Start sending 3 PasaPromo to get Santa's First Gift: 24 GB & more. 2. Share 3 more PasaPromo for Double Delight: 48 GB & more. 3. Complete 4 more PasaPromo to unwrap the Grand Gift. Go to 'Pasa' on https://smrt.ph/GetSmartApp to start sending! 'Til 10-December-2024 only!,English,Benign
,"10 December 2024, 18:42",TNT,You're trying to access sites not included in your promo OR haven't subscribed to one yet.,English,Benign
,"10 December 2024, 18:42",TNT,Never run out of data. Always check your load balance and subscriptions with just a tap on smrt.ph/CheckUsage,English,Benign
,"10 December 2024, 18:06",TNT,"BEST MAGIC EVER! Get DATA + CALLS and TEXTS ng WALANG EXPIRY! Mag-Subscribe na sa MAGIC DATA+ 149 and enjoy 2 GB + 50 ALL NET CALLS & 50 ALL NET TEXTS. Also available MAGIC DATA+ 299, 499 and MORE!",Tag-Lish,Benign
,"10 December 2024, 17:57",SmartLoad,10-Dec 17:57: We have deducted P10.00 from your load as payment for UTANG NA LOAD you availed last 2024-12-06 17:57:30 Ref:180920547838,English,Benign
,"10 December 2024, 17:57",TNTLOAD,"2/2 Stay always connected! Manage your subscriptions and check out the Smart App for Bigger & Longer Data, No Expiry offers and MORE! smrt.ph/SmartApp",English,Benign
,"10 December 2024, 17:57",TNTLOAD,1/2 10-Dec 17:57: P20 loaded to 09129094503 from XXXXXXXX7428 for 1 year. Ref:BLA08B2RKW. Get MORE with PROMO LOAD in the Smart App!,English,Benign
,"10 December 2024, 09:17",TNT,"BEST MAGIC EVER! Get DATA + CALLS and TEXTS ng WALANG EXPIRY! Mag-Subscribe na sa MAGIC DATA+ 149 and enjoy 2 GB + 50 ALL NET CALLS & 50 ALL NET TEXTS. Also available MAGIC DATA+ 299, 499 and MORE!",Tag-Lish,Benign
,"9 December 2024, 13:32",TNT,Never run out of data. Always check your load balance and subscriptions with just a tap on smrt.ph/CheckUsage,English,Benign
,"9 December 2024, 13:32",TNT,You're trying to access sites not included in your promo OR haven't subscribed to one yet.,English,Benign
,"8 December 2024, 15:27",TNT,"May chance kang manalo ng Php 50,000 ngayong Dec 8-14 sa TNT Paskong Panalo Raffle! Para makasali: Text ""RAFFLE"" to 5858 at abangan ang confirmation. Isang beses lang ito itetext. Para sa raffle entries: Load Saya All 99 o All Data 99. 1 registration = 1 raffle entry Sa pag-text, sumasang-ayon ka sa Terms & Conditions at Privacy Notice ng promo. For more info, visit https://tntph.com/pp24tncdpn",Tag-Lish,Benign
,"8 December 2024, 13:17",TNT,Never run out of data. Always check your load balance and subscriptions with just a tap on smrt.ph/CheckUsage,English,Benign
,"8 December 2024, 13:17",TNT,You're trying to access sites not included in your promo OR haven't subscribed to one yet.,English,Benign
,"8 December 2024, 08:22",TNT,"BEST MAGIC EVER! Get DATA + CALLS and TEXTS ng WALANG EXPIRY! Mag-Subscribe na sa MAGIC DATA+ 149 and enjoy 2 GB + 50 ALL NET CALLS & 50 ALL NET TEXTS. Also available MAGIC DATA+ 299, 499 and MORE!",Tag-Lish,Benign
,"7 December 2024, 17:57",TNT,Nag-expire na ang Open Access Data mo.,Tagalog,Benign
,"7 December 2024, 17:57",TNT,"We hope you enjoyed your promo. Load NOW and check out Free Promo Load, Unli TikTok, Bigger & Longer Data, No Expiry Offers and MORE at smrt.ph/SmartApp!",English,Benign
,"7 December 2024, 16:58",TNT,"Never run out of data. Manage your subscriptions and check out the Smart App for Bigger & Longer Data, No Expiry offers and MORE! smrt.ph/SmartApp",English,Benign
,"7 December 2024, 16:58",TNT,May 60 minutes ka na lang sa Open Access Data mo.,Tagalog,Benign
,"7 December 2024, 06:56",GCash,Congratulations! May FREE P20 Online Voucher ka when you spend at least P300. Visit your voucher pocket to claim your free P20 now!,English,Benign
,"6 December 2024, 18:15",TNT,Ayos na ayos! Ito na ang iyong 1 GB for 1 day! Gusto mo pa ng more sulit deals? Go to HOT DEALS on https://smrt.ph/GetSmartApp or dial *123#!,Tag-Lish,Benign
,"6 December 2024, 17:57",SmartLoad,06-Dec 17:57: UTANG NA LOAD approved. May 200 MB data ka na for 1 day. P10 will be deducted sa iyong next reload. Ref:780960741889,English,Benign
,"6 December 2024, 17:50",TNT,Never run out of data. Always check your load balance and subscriptions with just a tap on smrt.ph/CheckUsage,English,Benign
,"6 December 2024, 17:50",TNT,You're trying to access sites not included in your promo OR haven't subscribed to one yet.,English,Benign
,"6 December 2024, 17:24",GCash,"Did you request to SEND MONEY to SE*H AM**L C.'s GCash number, 09947128810 with amount of PHP 1.00? If not, DON'T ENTER YOUR OTP ON ANY SITE OR SEND IT TO ANYONE because IT'S A SCAM! If you requested, your OTP is 016198.",English,Benign
,"6 December 2024, 14:35",TNT,"We hope you enjoyed your promo. Load NOW and check out Free Promo Load, Unli TikTok, Bigger & Longer Data, No Expiry Offers and MORE at smrt.ph/SmartApp!",English,Benign
,"6 December 2024, 14:35",TNT,Nag-expire na ang Open Access Data mo.,Tagalog,Benign
,"6 December 2024, 14:35",TNT,Nag-expire na ang FREE UNLI TIKTOK ARAW-ARAW mo.,Tagalog,Benign
,"6 December 2024, 14:35",TNT,"We hope you enjoyed your promo. Load NOW and check out Free Promo Load, Unli TikTok, Bigger & Longer Data, No Expiry Offers and MORE at smrt.ph/SmartApp!",English,Benign
,"6 December 2024, 14:35",TNT,Nag-expire na ang Unli Calls mo.,Tagalog,Benign
,"6 December 2024, 14:35",TNT,Nag-expire na ang Unli Texts mo.,Tagalog,Benign
,"6 December 2024, 14:20",TNT,"May chance kang manalo ng iPhone 12 ngayong Dec 1-7 sa TNT Paskong Panalo Raffle! Para makasali: Text ""RAFFLE"" to 5858 at abangan ang confirmation. Isang beses lang ito itetext. Para sa raffle entries: Load TikTok Saya 50 o All Data 50. 1 registration = 1 raffle entry Sa pag-text, sumasang-ayon ka sa Terms & Conditions at Privacy Notice ng promo. For more info, visit https://tntph.com/pp24tncdpn",Tag-Lish,Benign
,"6 December 2024, 13:58",GCash,"Deserve ng pamilya ang bagong appliances sa bahay ngayong Pasko with GGives. Free ang last installment mo when you pay in 12 mos. Promo is available at select stores. T&Cs apply. To learn more, login to GCash > tap Borrow > GGives > View More on our Special Offers.",Tag-Lish,Benign
,"6 December 2024, 13:35",TNT,"Never run out of data. Manage your subscriptions and check out the Smart App for Bigger & Longer Data, No Expiry offers and MORE! smrt.ph/SmartApp",English,Benign
,"6 December 2024, 13:35",TNT,May 60 minutes ka na lang sa Open Access Data mo.,Tagalog,Benign
,"6 December 2024, 13:35",TNT,"Always stay connected. Manage your subscriptions and check out the Smart App for Bigger & Longer Offers, No Expiry offer and MORE! smrt.ph/SmartApp",English,Benign
,"6 December 2024, 13:35",TNT,May 60 minutes ka na lang sa Unli Calls mo.,Tagalog,Benign
,"6 December 2024, 13:35",TNT,May 60 minutes ka na lang sa Unli Texts mo.,Tagalog,Benign
,"6 December 2024, 13:35",TNT,May 60 minutes ka na lang sa FREE UNLI TIKTOK ARAW-ARAW mo.,Tagalog,Benign
,"6 December 2024, 10:21",TNT,"Lamang ka sa susunod mong load up, DALI! Subscribe to ALL DATA or any promo at least P5 to get EXTRA 1 GB for 1 day FREE! Load na sa https://smrt.ph/GetSmartApp o i-dial ang *123# NOW NA!",Tag-Lish,Benign
,"5 December 2024, 21:59",GCash,"NEVER SHARE YOUR OTP OR USE IT IN ANY LINK. You are about to pay PHP 312.06 to Seamoney Credit. Your OTP is 852521. If you DID NOT make this request, please ignore this message.",English,Benign
,"5 December 2024, 21:44",GCash,You have received P247.50 GCash from Philippine Seven Corporation w/ MSG - PSC Cashin. Your new balance is P336.26 12-05-24 9:44PM. Ref no. 0023358055129.,English,Benign
,"5 December 2024, 12:39",BDO,Send Money to any BDO account in the same foreign currency with the BDO Online app - 9 currencies available! Try it now!,English,Benign
,"5 December 2024, 12:02",Shopee,"Your SPayLater bill of PHP 308.97 is due today.To avoid your account being suspended and incurring late penalties, please pay now via https://shp.ee/mvbcukc.",English,Benign
,"4 December 2024, 17:33",,From SSS office Your Disaster Subsidy Benefit P1901.00 has been credited to your Gcash account on 03-Dec-2024. Please receive at SSSPH.pw Thank you.,English,Phishing
,"4 December 2024, 15:47",TNT,I-celebrate ang PASKO with our Grand Gift: Get up to 100 GB data + UNLIMITED CALLS & TEXTS! Paano? Send 10 'Pasa Promo' to DIFFERENT loved ones: 1. Start sending 3 PasaPromo to get Santa's First Gift: 24 GB & more. 2. Share 3 more PasaPromo for Double Delight: 48 GB & more. 3. Complete 4 more PasaPromo to unwrap the Grand Gift. Go to 'Pasa' on https://smrt.ph/GetSmartApp to start sending! 'Til 10-December-2024 only!,English,Benign
,"4 December 2024, 11:24",Shopee,"Your SPayLater bill of PHP 308.97 due on 12-05-2024.To avoid your account being suspended and incurring late penalties, please pay via https://shp.ee/mvbcukc.",English,Benign
,"4 December 2024, 11:03",GCash,Binge-watch pa rin kahit bitin ang data! Palista muna ng Borrow EasySurf99 17GB FUNALIW para wantusawa ang panonood! Kaya Today with Borrow Load.,Tagalog,Benign
,"3 December 2024, 18:19",CIMB_Bank,Welcome 2025 with HIGHEST INTEREST PROMO! Get up to 25% interest on your savings on CIMB's 6th anniversary. Grow your ADB this month. DTI#205698,English,Benign
,"3 December 2024, 14:35",TNT,Unli Texts Exp: 06Dec2024 02:34PM Unli Calls Exp: 06Dec2024 02:34PM,Unknown,Benign
,"3 December 2024, 14:34",TNT,03Dec02:34 PM Regular Load: P7.00 Exp: 03Dec2025 02:25PM FREE UNLI TIKTOK EVERY DAY Exp: 06Dec2024 02:34PM Shareable Data MB: 3072 Exp: 06Dec2024 02:34PM,Unknown,Benign
,"3 December 2024, 14:34",TNT,"Load NOW and check out Free Promo Load, Unli TikTok, Bigger & Longer Data, No Expiry Offers and MORE at smrt.ph/SmartApp!",English,Benign
,"3 December 2024, 14:34",TNT,Your regular load is low on balance. Add Regular Load NOW to continue enjoying our promos and services.,English,Benign
,"3 December 2024, 14:34",TNT,Mas pahabain pa ang UNLI TIKTOK SAYA! Get up to 30 DAYS of UNLI Tiktok + 20 GB + Unli Calls & Texts. Load na at smrt.ph/SmartApp,Tag-Lish,Benign
,"3 December 2024, 14:34",TNT,Tuloy ang Saya! May UNLI TikTok + 3 GB + Unli Calls & Texts ka na with TIKTOK SAYA 50 for 3 days.,Tag-Lish,Benign
,"3 December 2024, 14:30",TNTLOAD,2/2 Get MORE Load for less with the all NEW PROMO LOAD! Buy P300 and get a total of P333 Load valid for 30 days. Get NOW at smrt.ph/SmartApp,English,Benign
,"3 December 2024, 14:25",TNTLOAD,1/2 03-Dec 14:25: P5 loaded to 09129094503 from XXXXXXXX7428 for 1 year. Ref:BL307MSJJK. Get MORE with PROMO LOAD in the Smart App!,English,Benign
,"3 December 2024, 14:21",SmartLoad,03-Dec 14:21: We have deducted P12.00 from your load as payment for UTANG NA LOAD you availed last 2024-11-01 23:14:02. Ref: 181017638298,English,Benign
,"3 December 2024, 14:21",TNTLOAD,1/2 03-Dec 14:20: P60 loaded to 09129094503 from XXXXXXXX7428 for 1 year. Ref:BL327MSBL8. Get MORE with PROMO LOAD in the Smart App!,English,Benign
,"3 December 2024, 14:21",TNTLOAD,2/2 Get MORE Load for less with the all NEW PROMO LOAD! Buy P300 and get a total of P333 Load valid for 30 days. Get NOW at smrt.ph/SmartApp,English,Benign
,"3 December 2024, 08:49",TNT,You're trying to access sites not included in your promo OR haven't subscribed to one yet.,English,Benign
,"3 December 2024, 08:49",TNT,Never run out of data. Always check your load balance and subscriptions with just a tap on smrt.ph/CheckUsage,English,Benign
,"2 December 2024, 12:14",PalawanPay,"Sa PalawanPay, mas pinabilis na dahil sa Quick PIN, siguradong safe at secure pa ang pera mo at all times!",Tagalog,Benign
,"1 December 2024, 21:32",TNT,Never run out of data. Always check your load balance and subscriptions with just a tap on smrt.ph/CheckUsage,English,Benign
,"1 December 2024, 21:32",TNT,You're trying to access sites not included in your promo OR haven't subscribed to one yet.,English,Benign
,"1 December 2024, 20:48",GCash,"Did you request to do BANK TRANSFER to BDO Unibank, Inc. account no. ending in 6177 with amount of PHP 1000.00? If not, DON'T ENTER YOUR OTP ON ANY SITE OR SEND IT TO ANYONE because IT'S A SCAM! If you requested, your OTP is 154594.",English,Benign
,"1 December 2024, 19:38",BDO,"#BDOStopScam: Papalapit na ang holidays, so parami na rin ang scams! Remember na 'pag may link, malamang scam yan. Don't click links!",Tag-Lish,Benign
,"1 December 2024, 15:02",TNT,"May chance kang manalo ng iPhone 12 ngayong Dec 1-7 sa TNT Paskong Panalo Raffle! Para makasali: Text ""RAFFLE"" to 5858 at abangan ang confirmation. Isang beses lang ito itetext. Para sa raffle entries: Load TikTok Saya 50 o All Data 50. 1 registration = 1 raffle entry Sa pag-text, sumasang-ayon ka sa Terms & Conditions at Privacy Notice ng promo. For more info, visit https://tntph.com/pp24tncdpn",Tag-Lish,Benign
,"1 December 2024, 09:12",TNT,Laging suliting ang load bago pa ito mag-expire! Expired na ang promo? Load your fave ALLDATA50 with just a tap sa https://smrt.ph/GetSmartApp o sa suking tindahan!,Tag-Lish,Benign
,"30 November 2024, 09:33",TNT,Never run out of data. Always check your load balance and subscriptions with just a tap on smrt.ph/CheckUsage,English,Benign
,"30 November 2024, 09:33",TNT,You're trying to access sites not included in your promo OR haven't subscribed to one yet.,English,Benign
,"29 November 2024, 15:27",TNT,"Di na kailangan mag-worry kapag mauubusan ng load dahil may TNT UTANG NA LOAD! Get up to P30 worth of regular load now, and pay sa next top up mo! Dial *5623# now!",Tag-Lish,Benign
,"29 November 2024, 14:32",TNT,"May chance kang manalo ng Samsung S23 ngayong Nov 24-30 sa TNT Paskong Panalo Raffle! Para makasali: Text ""RAFFLE"" to 5858 at abangan ang confirmation. Isang beses lang ito itetext. Para sa raffle entries: Load TikTok Saya 50 o All Data 50. 1 registration = 1 raffle entry Sa pag-text, sumasang-ayon ka sa Terms & Conditions at Privacy Notice ng promo. For more info, visit https://tntph.com/pp24tncdpn",Tag-Lish,Benign
,"29 November 2024, 00:33",TNT,You're trying to access sites not included in your promo OR haven't subscribed to one yet.,English,Benign
,"29 November 2024, 00:33",TNT,Never run out of data. Always check your load balance and subscriptions with just a tap on smrt.ph/CheckUsage,English,Benign
,"28 November 2024, 18:34",TNT,50 GB for 50 pesos? Bili na ng All Data 50 to get 2 GB + FREE 48 GB valid for 3 days -- Kunin mo na bago pa mawala! Free data arrives in 24h! Load na: https://smrt.ph/GetSmartApp (Wais Hacks) or dial *123# NOW!,Tag-Lish,Benign
,"28 November 2024, 17:01",BDO,"New features on the BDO Online app: Send Money to the same foreign currency, request loan documents, Installment Offers, and Checkbook Services! Try it now!",English,Benign
,"28 November 2024, 16:56",GCash,"Did you request to do BANK TRANSFER to BDO Unibank, Inc. account no. ending in 6177 with amount of PHP 1000.00? If not, DON'T ENTER YOUR OTP ON ANY SITE OR SEND IT TO ANYONE because IT'S A SCAM! If you requested, your OTP is 517711.",English,Benign
,"28 November 2024, 10:01",GOMO,"A reminder from GOMO: DO NOT CLICK LINKS AND NEVER SHARE YOUR OTP. If there's a link, it's a scam - no exceptions, Fam! Got one? It's spoofed! GOMO will never send links in texts.",English,Benign
,"28 November 2024, 08:51",TNT,"Lamang ka sa susunod mong load up, DALI! Subscribe to ALL DATA or any promo at least P60 to get EXTRA 2 GB for 3 days FREE! Load na sa https://smrt.ph/GetSmartApp o i-dial ang *123# NOW NA!",Tag-Lish,Benign
,"27 November 2024, 12:31",PalawanPay,"Suki, na-miss ka namin! Balik ka na dahil soon ay mas pabibilisin namin ang pag-login sa PalawanPay gamit ang Quick PIN!",Tagalog,Benign
,"27 November 2024, 08:53",TNT,Never run out of data. Always check your load balance and subscriptions with just a tap on smrt.ph/CheckUsage,English,Benign
,"27 November 2024, 08:53",TNT,You're trying to access sites not included in your promo OR haven't subscribed to one yet.,English,Benign
,"26 November 2024, 14:18",Google,G-707487 is your Google verification code. Don't share your code with anyone.,English,Benign
,"26 November 2024, 02:11",TNT,Never run out of data. Always check your load balance and subscriptions with just a tap on smrt.ph/CheckUsage,English,Benign
,"26 November 2024, 02:11",TNT,You're trying to access sites not included in your promo OR haven't subscribed to one yet.,English,Benign
,"26 November 2024, 00:44",,"Mondays made better. Join SBET, play JlLl games, and enjoy 10% deposit bonuses daily. _§<SaBT.email< New members get up to P3,000.",English,Phishing
,"25 November 2024, 08:44",TNT,"Lamang ka sa susunod mong load up, DALI! Subscribe to ALL DATA or any promo at least P60 to get EXTRA 2 GB for 3 days FREE! Load na sa https://smrt.ph/GetSmartApp o i-dial ang *123# NOW NA!",Tag-Lish,Benign
,"25 November 2024, 01:09",TNT,You're trying to access sites not included in your promo OR haven't subscribed to one yet.,English,Benign
,"25 November 2024, 01:09",TNT,Never run out of data. Always check your load balance and subscriptions with just a tap on smrt.ph/CheckUsage,English,Benign
,"24 November 2024, 15:50",TNT,"May chance kang manalo ng Samsung S23 ngayong Nov 24-30 sa TNT Paskong Panalo Raffle! Para makasali: Text ""RAFFLE"" to 5858 at abangan ang confirmation. Isang beses lang ito itetext. Para sa raffle entries: Load TikTok Saya 50 o All Data 50. 1 registration = 1 raffle entry Sa pag-text, sumasang-ayon ka sa Terms & Conditions at Privacy Notice ng promo. For more info, visit https://tntph.com/pp24tncdpn",Tag-Lish,Benign
,"24 November 2024, 13:55",TNT,"We hope you enjoyed your promo. Load NOW and check out Free Promo Load, Unli TikTok, Bigger & Longer Data, No Expiry Offers and MORE at smrt.ph/SmartApp!",English,Benign
,"24 November 2024, 13:55",TNT,Nag-expire na ang Unli Allnet Texts mo.,Tagalog,Benign
,"24 November 2024, 13:55",TNT,Nag-expire na ang Open Access Data mo.,Tagalog,Benign
,"24 November 2024, 12:55",TNT,May 60 minutes ka na lang para gamitin ang Unli Allnet Texts mo.,Tagalog,Benign
,"24 November 2024, 12:55",TNT,"Always stay connected. Manage your subscriptions and check out the Smart App for Bigger & Longer Offers, No Expiry offer and MORE! smrt.ph/SmartApp",English,Benign
,"24 November 2024, 12:55",TNT,May 60 minutes ka na lang sa Open Access Data mo.,Tagalog,Benign
,"24 November 2024, 12:55",TNT,"Never run out of data. Manage your subscriptions and check out the Smart App for Bigger & Longer Data, No Expiry offers and MORE! smrt.ph/SmartApp",English,Benign
,"24 November 2024, 09:02",TNT,"Lamang ka sa susunod mong load up, DALI! Subscribe to ALL DATA or any promo at least P60 to get EXTRA 1 GB for 1 day FREE! Load na sa https://smrt.ph/GetSmartApp o i-dial ang *123# NOW NA!",Tag-Lish,Benign
,"22 November 2024, 15:28",BDO,"Find over 1,800 billers on BDO Pay, and enjoy zero service fees when you pay bills! Choose any of your BDO accounts to pay. Download BDO Pay!",English,Benign
,"22 November 2024, 15:17",TNT,"May chance kang manalo ng Samsung A54 ngayong Nov 17-23 sa TNT Paskong Panalo Raffle! Para makasali: Text ""RAFFLE"" to 5858 at abangan ang confirmation. Isang beses lang ito itetext. Para sa raffle entries: Load Panalo 20 o Surfsaya 30. 1 registration = 1 raffle entry Sa pag-text, sumasang-ayon ka sa Terms & Conditions at Privacy Notice ng promo. For more info, visit https://tntph.com/pp24tncdpn",Tag-Lish,Benign
,"21 November 2024, 16:24",TNT,50 GB for 50 pesos? Bili na ng All Data 50 to get 2 GB + FREE 48 GB valid for 3 days -- Kunin mo na bago pa mawala! Free data arrives in 24h! Load na: https://smrt.ph/GetSmartApp (Wais Hacks) or dial *123# NOW!,Tag-Lish,Benign
,"21 November 2024, 15:40",RD PAWNSHOP,"Hi Mr/Ms <NAME>, RDCN 55353 can be claimed at any RDPawnshop, Penbank, Villarica & TrueMoney branches. Please present valid ID. Thank you!",English,Benign
,"21 November 2024, 14:56",TNT,"Gusto naming ready ka kausapin ang Tropa! You get total of 17 GB and Unli Allnet Calls & Texts! That's (FREE 9 GB ALL ACCESS DATA for 5 days from us) when you avail DOBLE GIGA VIDEO+ 75 with 2 GB + 2 GB/day for YouTube, Netflix & MORE + UNLI ALLNET CALLS & TEXTS! For TODAY only! Load via https://smrt.ph/GetSmartApp o *123#",English,Benign
,"21 November 2024, 13:55",MayaCenter,21 Nov 2024 01:54 PM: You have received NEW GIGA VIDEO 60 with MORE DATA from +639652667067 with Ref. No. 016e34cafa40,English,Benign
,"21 November 2024, 13:54",TNT,Stay always connected! Check your balance regularly and stay up-to-date with the latest offers via the Smart App! smrt.ph/SmartApp,English,Benign
,"21 November 2024, 13:54",TNT,"Tuloy ang Saya! Ang GIGA VIDEO 60, MAS PINARAMING DATA NA! TOTAL 6 GB: 2 GB + EXTRA 1 GB + 1 GB VIDEO ARAW-ARAW (3 GB) + Unli Texts for 3 days.",Tag-Lish,Benign
,"21 November 2024, 13:54",TNT,21Nov 13:54: GIGA VIDEO 60 loaded to 639129094503 from XXXXXXXX0118. Ref:EVBKL26IGTUS. Use smrt.ph/SmartApp for the best promos & deals!,English,Benign
,"21 November 2024, 13:54",TNT,"Ang VIDEO ARAW-ARAW wallet mo ay may access sa YouTube, Netflix, Smart LiveStream at iWantTFC.",Tagalog,Benign
,"21 November 2024, 12:31",TNT,"Never run out of data. Manage your subscriptions and check out the Smart App for Bigger & Longer Data, No Expiry offers and MORE! smrt.ph/SmartApp",English,Benign
,"21 November 2024, 12:31",TNT,May 60 minutes ka na lang sa Open Access Data mo.,Tagalog,Benign
,"21 November 2024, 12:10",TNT,Never run out of data. Always check your load balance and subscriptions with just a tap on smrt.ph/CheckUsage,English,Benign
,"21 November 2024, 12:09",TNT,You're trying to access sites not included in your promo OR haven't subscribed to one yet.,English,Benign
,"20 November 2024, 19:28",GCash,You've got a PHP 3.00 Buy Load voucher! Use this to save on your next Buy Load purchase. Voucher is valid for 30 days.,English,Benign
,"20 November 2024, 16:05",TNT,"Sulitin ang tirang load, KaTropa! Konting dagdag na lang sa load balance mo, makakabili ka na ng Panalo 10! Panalo ka sa 300 MB, 60 mins of calls, at 60 texts for just P10! Mag-load sa Suking Tindahan, Smart App, Maya, or dial *123# now!",Tag-Lish,Benign
,"20 November 2024, 10:54",TNT,Never run out of data. Always check your load balance and subscriptions with just a tap on smrt.ph/CheckUsage,English,Benign
,"20 November 2024, 10:54",TNT,You're trying to access sites not included in your promo OR haven't subscribed to one yet.,English,Benign
,"19 November 2024, 10:39",TNT,Never run out of data. Always check your load balance and subscriptions with just a tap on smrt.ph/CheckUsage,English,Benign
,"19 November 2024, 10:39",TNT,You're trying to access sites not included in your promo OR haven't subscribed to one yet.,English,Benign
,"19 November 2024, 09:40",TNT,"Gusto naming ready ka kausapin ang Tropa! You get total of 17 GB and Unli Allnet Calls & Texts! That's (FREE 9 GB ALL ACCESS DATA for 5 days from us) when you avail DOBLE GIGA VIDEO+ 75 with 2 GB + 2 GB/day for YouTube, Netflix & MORE + UNLI ALLNET CALLS & TEXTS! For TODAY only! Load via https://smrt.ph/GetSmartApp o *123#",English,Benign
,"18 November 2024, 15:34",BDO,Bank your way on the BDO Online app - no need to call the hotline! Enjoy features that let you manage your accounts with enhanced security. Try it now!,English,Benign
,"18 November 2024, 10:37",TNT,"May chance kang manalo ng Samsung A54 ngayong Nov 17-23 sa TNT Paskong Panalo Raffle! Para makasali: Text ""RAFFLE"" to 5858 at abangan ang confirmation. Isang beses lang ito itetext. Para sa raffle entries: Load Panalo 20 o Surfsaya 30. 1 registration = 1 raffle entry Sa pag-text, sumasang-ayon ka sa Terms & Conditions at Privacy Notice ng promo. For more info, visit https://tntph.com/pp24tncdpn",Tag-Lish,Benign
,"17 November 2024, 22:52",TNT,Never run out of data. Always check your load balance and subscriptions with just a tap on smrt.ph/CheckUsage,English,Benign
,"17 November 2024, 22:52",TNT,You're trying to access sites not included in your promo OR haven't subscribed to one yet.,English,Benign
,"17 November 2024, 22:49",SmartLoad,"2/2 Para ma-check ang iyong outstanding balance, text BAL to 7676. Dial *5623# for the latest loan services.",English,Benign
,"17 November 2024, 22:49",SmartLoad,1/2 17-Nov 22:49: May outstanding balance ka pa from UTANG NA LOAD. Pay your existing loan by reloading or texting PAY to 7676 para makahiram muli.,Tag-Lish,Benign
,"17 November 2024, 15:49",BDO Alert,"#BDOStopScam: Don't click links! Gumagamit ng illegal cell sites ang mga scammer para gayahin ang sender ID ng BDO. 'Pag may link, scam 'yan!",Tag-Lish,Benign
,"17 November 2024, 12:39",GCash,"Did you request to do BANK TRANSFER to BDO Unibank, Inc. account no. ending in 6177 with amount of PHP 2000.00? If not, DON'T ENTER YOUR OTP ON ANY SITE OR SEND IT TO ANYONE because IT'S A SCAM! If you requested, your OTP is 509611.",English,Benign
,"16 November 2024, 22:39",TNT,Never run out of data. Always check your load balance and subscriptions with just a tap on smrt.ph/CheckUsage,English,Benign
,"16 November 2024, 22:39",TNT,You're trying to access sites not included in your promo OR haven't subscribed to one yet.,English,Benign
,"16 November 2024, 13:15",GOMO,"Get the trip outta the group chat, Fam! Enjoy a GOMO-exclusive deal with the promo code GOMOHF and fly to Boracay for just P3,999. Check your GOMO app inbox for the link and to unlock 'MO deals! No advisories? Text OFF to 2686 for free.",English,Benign
,"16 November 2024, 10:31",TNT,"ONE MILLION PESOS at iba pang cash & phone prizes? May chance kang manalo niyan sa TNT Paskong Panalo Raffle! Text ""RAFFLE"" to 5858 to join. Sa pag-text nito, sumasang-ayon ka at tinatanggap mo ang Terms & Conditions at Privacy Notice ng promo. For more info, visit https://tntph.com/pp24tncdpn",Tag-Lish,Benign
,"16 November 2024, 10:21",GCash,Add-to-cart lang kahit paubos na ang data. Palista muna ng GIGA STORIES 50. Kaya Today with Borrow Load!,Tagalog,Benign
,"15 November 2024, 22:21",TNT,Never run out of data. Always check your load balance and subscriptions with just a tap on smrt.ph/CheckUsage,English,Benign
,"15 November 2024, 22:21",TNT,You're trying to access sites not included in your promo OR haven't subscribed to one yet.,English,Benign
,"15 November 2024, 15:39",BDO Deals,"Holiday shopping? Use BDO Pay and get 25 Rewards Peso Points for every P500 Scan to Pay purchase from Nov 15, 2024 to Jan 31, 2025. 1 Peso Point = P1 . T&Cs apply. DTI206960 Scan to Pay daily limit is P50,000. This daily limit is combined for all payment source accounts. Download the BDO Pay app now!",Unknown,Benign
,"15 November 2024, 15:38",GCash,"I-todo ang Christmas shopping, habang may credit limit increase ka pa! Shop now & pay with GGives for affordable installments at zero down payment! Offer increase valid until Nov 25.",English,Benign
,"14 November 2024, 21:17",TNT,Never run out of data. Always check your load balance and subscriptions with just a tap on smrt.ph/CheckUsage,English,Benign
,"14 November 2024, 21:12",TNT,You're trying to access sites not included in your promo OR haven't subscribed to one yet.,English,Benign
,"14 November 2024, 15:27",GOMO,"Stay safe from scams, Fam! Avoid dealing with strangers online or in person, and use GOMO's official channels to keep your transactions secure. Visit the official GOMO PH Facebook page for more tips. Take care and stay awesome!",English,Benign
,"13 November 2024, 17:13",BDO,The BDO Online app now lets you transfer money from your own USD account to your own PHP account. You can also set scheduled and recurring Send Money transactions to Any BDO Account and to Other Banks and e-Wallets via InstaPay. Try it now!,English,Benign
,"13 November 2024, 15:13",CIMB_Bank,"5% Cashback awaits you! Activate your REVI Credit line of PHP30,000.00 with 2.5% monthly interest and spend at least P3,000. T&C apply. Per DTI #19517. Download CIMB Bank PH app and link your SPayLater account now!",English,Benign
,"13 November 2024, 13:51",Google,G-511489 is your Google verification code. Don't share your code with anyone.,English,Benign
,"13 November 2024, 13:21",Google,G-508710 is your Google verification code. Don't share your code with anyone.,English,Benign
,"13 November 2024, 13:02",TNT,Never run out of data. Always check your load balance and subscriptions with just a tap on smrt.ph/CheckUsage,English,Benign
,"13 November 2024, 13:02",TNT,You're trying to access sites not included in your promo OR haven't subscribed to one yet.,English,Benign
,"13 November 2024, 12:27",RD PAWNSHOP,"Hi Mr/Ms <NAME>, RDCN 07078 can be claimed at any RDPawnshop, Penbank, Villarica & TrueMoney branches. Please present valid ID. Thank you!",English,Benign
,"13 November 2024, 00:42",Google,G-137418 is your Google verification code. Don't share your code with anyone.,English,Benign
,"12 November 2024, 16:16",TNT,50 GB for 50 pesos? Bili na ng All Data 50 to get 2 GB + FREE 48 GB valid for 3 days -- Kunin mo na bago pa mawala! Free data arrives in 24h! Load na: https://smrt.ph/GetSmartApp or dial *123# NOW!,Tag-Lish,Benign
,"11 November 2024, 13:57",TNT,May 3 GB for 3 days when you load ALL DATA 50 (2 GB SHAREABLE DATA FOR ALL SITES for 3 days.). Get it TODAY! Visit https://smrt.ph/GetSmartApp or dial *123# to buy now!,English,Benign
,"10 November 2024, 22:13",TNT,Never run out of data. Always check your load balance and subscriptions with just a tap on smrt.ph/CheckUsage,English,Benign
,"10 November 2024, 22:13",TNT,You're trying to access sites not included in your promo OR haven't subscribed to one yet.,English,Benign
,"10 November 2024, 09:30",GOMO,"Hey, Fam! Fly off to your next UNSTPPBL Bora adventure for only P3,999! Get a GOMO exclusive deal when you visit the GOMO x Holiday Factory website found in your in-app inbox. No advisories? Text OFF to 2686 for free.",English,Benign
,"9 November 2024, 21:05",TNT,Never run out of data. Always check your load balance and subscriptions with just a tap on smrt.ph/CheckUsage,English,Benign
,"9 November 2024, 21:05",TNT,You're trying to access sites not included in your promo OR haven't subscribed to one yet.,English,Benign
,"8 November 2024, 23:11",GCash,"Did you request to do BANK TRANSFER to BDO Unibank, Inc. account no. ending in 6177 with amount of PHP 1000.00? If not, DON'T ENTER YOUR OTP ON ANY SITE OR SEND IT TO ANYONE because IT'S A SCAM! If you requested, your OTP is 560426.",English,Benign
,"8 November 2024, 18:59",BDO Alert,"#BDOStopScam: Stay vigilant. Illegal cell sites are used to make scam texts appear to be sent by BDO. If it has a link, it's a scam. BDO will NEVER send links.",English,Benign
,"8 November 2024, 16:36",Google,G-658342 is your Google verification code. Don't share your code with anyone.,English,Benign
,"8 November 2024, 14:11",BDO Deals,"10% or up to P500 OFF at Lazada w/ BDO Debit Cards (Nov 10, 8pm -Nov 12, '24). Collect BDO voucher w/ min P2.5K spend. Search Lazada 11.11 on BDO site.DTI206608",English,Benign
,"8 November 2024, 12:50",GCash,"WAG I-SHARE ANG IYONG OTP. May bagong device na nagrequest ng access sa GCash account mo. Kung ikaw ito, ang OTP ay 310839. Kung hindi, scam yan at wag ibigay.",Tagalog,Benign
,"8 November 2024, 12:49",GCash,"WAG I-SHARE ANG IYONG OTP. May bagong device na nagrequest ng access sa GCash account mo. Kung ikaw ito, ang OTP ay 725753. Kung hindi, scam yan at wag ibigay.",Tagalog,Benign
,"7 November 2024, 17:40",TNT,Never run out of data. Always check your load balance and subscriptions with just a tap on smrt.ph/CheckUsage,English,Benign
,"7 November 2024, 17:40",TNT,You're trying to access sites not included in your promo OR haven't subscribed to one yet.,English,Benign
,"7 November 2024, 10:14",,"Your parcel PH2426423686901 with COD 1 PHP is out for delivery. Your rider is 09656559951. To report no attempt, please contact us at (02) 8539-4002.",English,Benign
,"7 November 2024, 09:57",BDO,Get ahead of your bills with the BDO Online app! Now you can set scheduled and recurring Pay Bills and Buy Load transactions. Try it now!,English,Benign
,"5 November 2024, 11:28",TNT,"Lamang ka sa susunod mong load up, DALI! Subscribe to DOBLE GIGA STORIES or any promo at least P75 to get EXTRA 1 GB for 1 day FREE! Load na sa https://smrt.ph/GetSmartApp o i-dial ang *123# NOW NA!",Tag-Lish,Benign
,"4 November 2024, 23:29",GCash,"NEVER SHARE YOUR OTP OR USE IT IN ANY LINK. You are about to pay PHP 312.06 to Seamoney Credit. Your OTP is 222065. If you DID NOT make this request, please ignore this message.",English,Benign
,"4 November 2024, 23:27",TNT,You're trying to access sites not included in your promo OR haven't subscribed to one yet.,English,Benign
,"4 November 2024, 23:27",TNT,Never run out of data. Always check your load balance and subscriptions with just a tap on smrt.ph/CheckUsage,English,Benign
,"4 November 2024, 23:26",GCash,You have received P326.70 GCash from Philippine Seven Corporation w/ MSG - PSC Cashin. Your new balance is P326.82 11-04-24 11:26PM. Ref no. 0022379953363.,English,Benign
,"4 November 2024, 23:16",TNT,Nag-expire na ang FREE UNLI TIKTOK ARAW-ARAW mo.,Tagalog,Benign
,"4 November 2024, 23:16",TNT,Nag-expire na ang Open Access Data mo.,Tagalog,Benign
,"4 November 2024, 23:16",TNT,"We hope you enjoyed your promo. Load NOW and check out Free Promo Load, Unli TikTok, Bigger & Longer Data, No Expiry Offers and MORE at smrt.ph/SmartApp!",English,Benign
,"4 November 2024, 23:16",TNT,Nag-expire na ang Unli Calls mo.,Tagalog,Benign
,"4 November 2024, 23:16",TNT,Nag-expire na ang Unli Texts mo.,Tagalog,Benign
,"4 November 2024, 22:15",TNT,May 60 minutes ka na lang sa Open Access Data mo.,Tagalog,Benign
,"4 November 2024, 22:15",TNT,"Always stay connected. Manage your subscriptions and check out the Smart App for Bigger & Longer Offers, No Expiry offer and MORE! smrt.ph/SmartApp",English,Benign
,"4 November 2024, 22:15",TNT,"Never run out of data. Manage your subscriptions and check out the Smart App for Bigger & Longer Data, No Expiry offers and MORE! smrt.ph/SmartApp",English,Benign
,"4 November 2024, 22:15",TNT,May 60 minutes ka na lang sa Unli Calls mo.,Tagalog,Benign
,"4 November 2024, 22:15",TNT,"Always stay connected. Manage your subscriptions and check out the Smart App for Bigger & Longer Offers, No Expiry offer and MORE! smrt.ph/SmartApp",English,Benign
,"4 November 2024, 22:15",TNT,"Never run out of data. Manage your subscriptions and check out the Smart App for Bigger & Longer Data, No Expiry offers and MORE! smrt.ph/SmartApp",English,Benign
,"4 November 2024, 22:15",TNT,May 60 minutes ka na lang sa FREE UNLI TIKTOK ARAW-ARAW mo.,Tagalog,Benign
,"4 November 2024, 22:15",TNT,May 60 minutes ka na lang sa Unli Texts mo.,Tagalog,Benign
,"4 November 2024, 16:54",TNT,"Lamang ka sa susunod mong load up, DALI! Subscribe to ALL DATA or any promo at least P50 to get EXTRA 6 GB for 7 days FREE! Load na sa https://smrt.ph/GetSmartApp o i-dial ang *123# NOW NA!",Tag-Lish,Benign
,"4 November 2024, 10:43",Shopee,"Your SPayLater bill of PHP 308.97 due on 11-05-2024.To avoid your account being suspended and incurring late penalties, please pay via https://shp.ee/mvbcukc.",English,Benign
,"2 November 2024, 13:32",TNT,Mas masaya ang Trick or Treat ngayong taon! Get a chance to WIN a new iPhone o Samsung Phones this November 1 - 5. Maglaro na ng Trick or Treat game NOW! https://smrt.ph/PlayTrickorTreatGame,Tag-Lish,Benign
,"1 November 2024, 23:14",TNT,"Load NOW and check out Free Promo Load, Unli TikTok, Bigger & Longer Data, No Expiry Offers and MORE at smrt.ph/SmartApp!",English,Benign
,"1 November 2024, 23:14",TNT,Mas pahabain pa ang UNLI TIKTOK SAYA! Get up to 30 DAYS of UNLI Tiktok + 20 GB + Unli Calls & Texts. Load na at smrt.ph/SmartApp,Tag-Lish,Benign
,"1 November 2024, 23:14",TNT,Tuloy ang Saya! May UNLI TikTok + 3 GB + Unli Calls & Texts ka na with TIKTOK SAYA 50 for 3 days.,Tag-Lish,Benign
,"1 November 2024, 23:14",SmartLoad,01-Nov 23:14: UTANG NA LOAD approved. P10 ang na-credit sa iyong balance. P10 + P2 service fee will be deducted sa iyong next reload. Ref: 781250270314,English,Benign
,"1 November 2024, 23:07",SmartLoad,01-Nov 23:07: We have deducted P12.00 from your load as payment for UTANG NA LOAD you availed last 2024-09-20 13:35:00. Ref: 181001680231,English,Benign
,"1 November 2024, 23:06",TNTLOAD,2/2 Get MORE Load for less with the all NEW PROMO LOAD! Buy P300 and get a total of P333 Load valid for 30 days. Get NOW at smrt.ph/SmartApp,English,Benign
,"1 November 2024, 23:06",TNTLOAD,1/2 01-Nov 23:06: P60 loaded to 09129094503 from XXXXXXXX8660 for 1 year. Ref:BK134OO36R. Get MORE with PROMO LOAD in the Smart App!,English,Benign
,"1 November 2024, 13:53",TNT,"Lamang ka sa susunod mong load up, DALI! Subscribe to ALL DATA or any promo at least P50 to get EXTRA 2 GB for 3 days FREE! Load na sa https://smrt.ph/GetSmartApp o i-dial ang *123# NOW NA!",Tag-Lish,Benign
,"1 November 2024, 12:32",TNT,Never run out of data. Always check your load balance and subscriptions with just a tap on smrt.ph/CheckUsage,English,Benign
,"1 November 2024, 12:32",TNT,You're trying to access sites not included in your promo OR haven't subscribed to one yet.,English,Benign
,"1 November 2024, 10:18",GCash,"Did you request to do BANK TRANSFER to BDO Unibank, Inc. account no. ending in 6177 with amount of PHP 2000.00? If not, DON'T ENTER YOUR OTP ON ANY SITE OR SEND IT TO ANYONE because IT'S A SCAM! If you requested, your OTP is 653181.",English,Benign
,"1 November 2024, 03:37",GCash,"ALERT: May text galing sa ""GCash"" na may kasamang link? Spoofing scam 'yan! GCash will NEVER send links. Laging tandaan para #GSafeTayo.",Tag-Lish,Benign
,"1 November 2024, 01:26",GCash,"Did you request to do BANK TRANSFER to BDO Unibank, Inc. account no. ending in 6177 with amount of PHP 2000.00? If not, DON'T ENTER YOUR OTP ON ANY SITE OR SEND IT TO ANYONE because IT'S A SCAM! If you requested, your OTP is 182101.",English,Benign
,"1 November 2024, 01:23",GCash,"Did you request to do BANK TRANSFER to BDO Unibank, Inc. account no. ending in 6177 with amount of PHP 2000.00? If not, DON'T ENTER YOUR OTP ON ANY SITE OR SEND IT TO ANYONE because IT'S A SCAM! If you requested, your OTP is 142590.",English,Benign
,"1 November 2024, 01:19",GCash,"Did you request to do BANK TRANSFER to BDO Unibank, Inc. account no. ending in 6177 with amount of PHP 2000.00? If not, DON'T ENTER YOUR OTP ON ANY SITE OR SEND IT TO ANYONE because IT'S A SCAM! If you requested, your OTP is 951283.",English,Benign
,"1 November 2024, 00:22",GCash,"Did you request to do BANK TRANSFER to BDO Unibank, Inc. account no. ending in 6177 with amount of PHP 2000.00? If not, DON'T ENTER YOUR OTP ON ANY SITE OR SEND IT TO ANYONE because IT'S A SCAM! If you requested, your OTP is 527679.",English,Benign
,"1 November 2024, 00:18",GCash,"Did you request to do BANK TRANSFER to BDO Unibank, Inc. account no. ending in 6177 with amount of PHP 2000.00? If not, DON'T ENTER YOUR OTP ON ANY SITE OR SEND IT TO ANYONE because IT'S A SCAM! If you requested, your OTP is 578729.",English,Benign
,"1 November 2024, 00:15",GCash,"Did you request to do BANK TRANSFER to BDO Unibank, Inc. account no. ending in 6177 with amount of PHP 2000.00? If not, DON'T ENTER YOUR OTP ON ANY SITE OR SEND IT TO ANYONE because IT'S A SCAM! If you requested, your OTP is 186074.",English,Benign
,"31 October 2024, 22:46",BDO Alert,"#BDOStopScam: If a message sounds unrealistic or threatening, pressures for immediate action, prompts you to click a link or asks for your OTP, it's a scam",English,Benign
,"31 October 2024, 15:03",TNT,"May bagong Smart cell sites sa DAVAO CITY! Lalakas ang signal, lalakas ang saya! Mag load na ng TNT promos at yayain ang tropa bumili ng TNT sim.",Tagalog,Benign
,"31 October 2024, 11:09",GCash,You have received P514.80 GCash from Philippine Seven Corporation w/ MSG - PSC Cashin. Your new balance is P520.12 10-31-24 11:09AM. Ref no. 0022235698857.,English,Benign
,"31 October 2024, 10:32",BDO Deals,"Promo extended! Get 50 Peso Points for every Scan to Pay transaction worth at least P1,000 using BDO Pay until November 14, 2024. 1 Peso Point = Php 1. Peso Points earned capped at 1,000. Visit the BDO website for more details. Click Deals, and search BDO Pay Peso Points. T&Cs apply. DTI200125 Scan to Pay daily limit is P20,000. This daily limit is combined for all payment source accounts. Download the BDO Pay app now!",English,Benign
,"31 October 2024, 10:08",GOMO,"It's the final day to enter our UNSTPPBL raffle! Don't fumble the chance to win an epic Flyaway Trip to Hong Kong or Thailand, powered by Holiday Factory. Open your GOMO PH app to join, Fam! No advisories? Text OFF to 2686 for free.",English,Benign
,"30 October 2024, 16:24",GCash,Handa na ba for the long weekend? Mag-grocery na and enjoy ZERO downpayment when you pay in installments with GGives!,English,Benign
,"30 October 2024, 15:43",GOMO,"It's your jet setter SZN! Score a trip for two to Hong Kong or Thailand, powered by Holiday Factory, by joining the UNSTPPBL raffle on the GOMO PH app. Check your app inbox for details on how to get more exclusive deals from GOMO and Holiday Factory. No advisories? Text OFF to 2686 for free.",English,Benign
,"30 October 2024, 13:25",GCash,Non-stop chikahan with the barkada kahit low on data. No worries dahil may palista na walang abala with Borrow Load! Tap Load > Borrow in the GCash app to avail.,Tag-Lish,Benign
,"28 October 2024, 12:05",TNT,May bagong cell sites sa DAVAO CITY! Lalakas ang signal at saya! Load na at yayain ang Tropa!,Tagalog,Benign
,"27 October 2024, 12:39",BDO Alert,#BDOStopScam: 'Wag maniwala sa mga alok na 'rewards' na may kasamang instructions to activate via ATM. Scam 'yan! Hang up and don't provide any personal info.,Tag-Lish,Benign
,"27 October 2024, 04:43",Shopee,"SHOPEE: Use OTP code 018700, TO UPDATE PHONE NUMBER. Valid for 15 mins. NEVER share this code with others, including Shopee staff. PW42aWeqbj5",English,Benign
,"26 October 2024, 09:21",TNT,"Gusto naming ready ka kausapin ang Tropa! You get total of 17 GB and Unli Allnet Calls & Texts! That's (FREE 9 GB ALL ACCESS DATA for 5 days from us) when you avail DOBLE GIGA VIDEO+ 75 with 2 GB + 2 GB/day for YouTube, Netflix & MORE + UNLI ALLNET CALLS & TEXTS! For TODAY only! Load via https://smrt.ph/GetSmartApp o *123#",English,Benign
,"25 October 2024, 14:54",RD PAWNSHOP,"Hi Mr/Ms <NAME>, RDCN 11957 can be claimed at any RDPawnshop, Penbank, Villarica & TrueMoney branches. Please present valid ID. Thank you!",English,Benign
,"25 October 2024, 11:16",BDO Deals,"Enjoy 12% OFF on SHEIN with your BDO Visa Debit Card. Shop for a minimum of P1,499 and use coupon code SHEINPHVISA. Valid up to 3x use. No cap on the discount. Promo runs until Dec 31, 2024. For promo details, visit the BDO website, click Deals, and search 12% OFF on SHEIN. T&Cs apply.",English,Benign
,"23 October 2024, 04:00",Google,G-572685 is your Google verification code.,English,Benign
,"22 October 2024, 12:10",TNT,"KaTropa, PANALO ang P20 mo dahil sa bagong offer ni TNT! Load na ng TNT PANALO 20 to enjoy 1 GB + 240 mins of calls + 240 texts to all networks, valid for 1 day. Available sa lahat ng TNT subscribers yan! Kaya mag-load na sa suking tindahan, Maya, o 'pag nag-dial sa *123#",Tag-Lish,Benign
,"22 October 2024, 08:49",TNT,"Gusto naming ready ka kausapin ang Tropa! You get total of 17 GB and Unli Allnet Calls & Texts! That's (FREE 9 GB ALL ACCESS DATA for 5 days from us) when you avail DOBLE GIGA VIDEO+ 75 with 2 GB + 2 GB/day for YouTube, Netflix & MORE + UNLI ALLNET CALLS & TEXTS! For TODAY only! Load via https://smrt.ph/GetSmartApp o *123#",English,Benign
,"21 October 2024, 14:39",GCash,Non-stop chikahan with the barkada kahit low on data. Magpalista ng GoUNLI50 para lagi kang updated. Mag-Borrow Load na!,Tag-Lish,Benign
,"20 October 2024, 09:04",GCash,Tuloy-tuloy lang pag post ng pics! No worries kahit paubos na ang data dahil may palista na walang abala. Kaya Today with Borrow Load!,Tagalog,Benign
,"19 October 2024, 18:26",GCash,"Did you request to SEND MONEY to SE*H AM**L C.'s GCash number, 09524808566 with amount of PHP 40.00? If not, DON'T ENTER YOUR OTP ON ANY SITE OR SEND IT TO ANYONE because IT'S A SCAM! If you requested, your OTP is 856532.",English,Benign
,"19 October 2024, 12:06",TNT,Never run out of data. Always check your load balance and subscriptions with just a tap on smrt.ph/CheckUsage,English,Benign
,"19 October 2024, 12:06",TNT,You're trying to access sites not included in your promo OR haven't subscribed to one yet.,English,Benign
,"18 October 2024, 16:55",GCash,"Time to upgrade to the new iPhone 16! Buy now pay later in 12 mos with GGives at select stores and get your last installment for free. Promo is available in physical stores of Power Mac Center, Silicon Valley, The Loop, Fonestyle for 12 months installment option. T&Cs apply.",English,Benign
,"18 October 2024, 16:41",BDO Deals,"Scan your way to 1,000 Peso Points with BDO Pay! Keep using the app to Scan to Pay in stores. Get 50 for every transaction worth P1000. Promo ends on October 31, 2024. Each Peso Point is equivalent to PHP 1. T&Cs apply. DTI200125. Download the BDO Pay app now!",English,Benign
,"18 October 2024, 11:00",TNT,"May TNT load ka na, may GrabFood voucher ka pa! Mag-load lang ng TNT REGULAR LOAD P300 sa Grab app to get P45 OFF GrabFood voucher. Load na, KaTropa! DTI199463",Tag-Lish,Benign
,"16 October 2024, 16:57",CIMB_Bank,"You have been selected for REVI Credit line of PHP30,000.00 with monthly 2.5% interest! Please note a correction to the previously sent interest rate. We apologize for the oversight. Download CIMB Bank PH app and link your SPayLater account now!",English,Benign
,"16 October 2024, 11:56",RD PAWNSHOP,"Hi Mr/Ms <NAME>, RDCN 25637 can be claimed at any RDPawnshop, Penbank, Villarica & TrueMoney branches. Please present valid ID. Thank you!",English,Benign
,"16 October 2024, 09:58",,"Magandang Araw <NAME>, Shopee Delivery! Sa iyong pahintulot, kukuha kami ng litrato bilang Proof of Delivery. Pakihanda ang iyong bayad na 0 PHP. May Php50 OFF ka sa unang scan-to-pay on your COD order (min. spend Php400). [COD Unbox]: Maaari mong i-check at i-return ang item on the spot kung may issue. I-check ang order details for eligibility. Pag may katanungan, i-contact ang Customer Service sa Shopee App.",Tag-Lish,Benign
,"14 October 2024, 17:23",CIMB_Bank,"You have been selected for REVI Credit line of PHP30,000.00 with monthly 0.3% interest! Download CIMB Bank PH app and link your SPayLater account now!",English,Benign
,"14 October 2024, 10:23",,"Magandang Araw <NAME>, Shopee Delivery! Sa iyong pahintulot, kukuha kami ng litrato bilang Proof of Delivery. Pakihanda ang iyong bayad na 0 PHP. May Php50 OFF ka sa unang scan-to-pay on your COD order (min. spend Php400). [COD Unbox]: Maaari mong i-check at i-return ang item on the spot kung may issue. I-check ang order details for eligibility. Pag may katanungan, i-contact ang Customer Service sa Shopee App.",Tag-Lish,Benign
,"13 October 2024, 11:47",GCash,"Live na si seller? Kaya pa ba ng data mo? Mag-Borrow Load na! Sa palista na walang abala, kayang-kaya tumutok sa live selling!",Tagalog,Benign
,"12 October 2024, 23:37",GCash,"NEVER SHARE YOUR OTP OR USE IT IN ANY LINK. There is a request to reset your MPIN. Your OTP to Reset your MPIN is 790596. If you DID NOT make this request, please ignore this message.",English,Benign
,"12 October 2024, 22:25",,950 064 is your Instagram code. Don't share it.,English,Benign
,"12 October 2024, 11:07",TNT,"Always stay connected. Manage your subscriptions and check out the Smart App for Bigger & Longer Offers, No Expiry offer and MORE! smrt.ph/SmartApp",English,Benign
,"12 October 2024, 11:07",TNT,Naubos na ang Regular Load mo.,Tagalog,Benign
,"12 October 2024, 10:39",TNT,"Ituloy ang saya to stay online with FREE data! May FREE 500 MB for 4 days para sa'yo! Paano? Magsend lang ng 'YAY' to 5858 now! Available lang ito for today, so sulitin mo na KaTropa bago pa mawala!",Tag-Lish,Benign
,"11 October 2024, 14:31",GOMO,"This is a public service advisory from the National Telecommunications Commission, Securities and Exchange Commission and GOMO. Bayad muna bago utang? Baka advance fee scam na 'yan. Dumulog sa SEC website o official FB page para sa dagdag kaalaman.",Tag-Lish,Benign
,"11 October 2024, 14:06",GCash,"Get the new iPhone 16 & pay in easy installments with GGives! Pre-order in select stores this weekend and get your last installment for free. Promo is available in physical stores of Power Mac Center, Silicon Valley, The Loop, Fonestyle for 12 months installment option. T&Cs apply.",English,Benign
,"10 October 2024, 21:59",GCash,"NEVER SHARE YOUR OTP OR USE IT IN ANY LINK. You are about to pay PHP 882.00 to Shopee Philippines Inc. Your OTP is 872399. If you DID NOT make this request, please ignore this message.",English,Benign
,"10 October 2024, 21:58",GCash,"NEVER SHARE YOUR OTP OR USE IT IN ANY LINK. You are about to pay PHP 882.00 to Shopee Philippines Inc. Your OTP is 375853. If you DID NOT make this request, please ignore this message.",English,Benign
,"10 October 2024, 21:56",GCash,"NEVER SHARE YOUR OTP OR USE IT IN ANY LINK. You are about to pay PHP 882.00 to Shopee Philippines Inc. Your OTP is 513208. If you DID NOT make this request, please ignore this message.",English,Benign
,"10 October 2024, 16:54",GOMO,"Hey, Fam! Just a reminder that GOMO will never send any messages containing links. If it has a link, it's a SCAM. Don't click the links and ignore the instructions in those texts. Report suspicious messages to the NTC website.",English,Benign
,"10 October 2024, 13:31",GCash,Gawing magaan ang shopping ngayong 10.10 dahil pwede mag-GGives! Checkout on TikTok Shop this 10.10 & pay later in easy installments!,Tag-Lish,Benign
,"10 October 2024, 10:29",TNT,Never run out of data. Always check your load balance and subscriptions with just a tap on smrt.ph/CheckUsage,English,Benign
,"10 October 2024, 10:29",TNT,You're trying to access sites not included in your promo OR haven't subscribed to one yet.,English,Benign
,"8 October 2024, 15:42",BDO,"With BDO Pay, you can enjoy free transfers to BDO accounts and only P10 via InstaPay for other banks or wallets. Download the BDO Pay app now to get 50 Peso Points upon sign up! 1 Peso Point = P1. T&Cs apply. DTI201874",English,Benign
,"7 October 2024, 19:14",GCash,"NEVER SHARE YOUR OTP OR USE IT IN ANY LINK. You are about to pay PHP 207.00 to Shopee Philippines Inc. Your OTP is 599325. If you DID NOT make this request, please ignore this message.",English,Benign
,"7 October 2024, 08:48",TNT,"Ituloy ang saya to stay online with FREE data! May FREE 500 MB for 4 days para sa'yo! Paano? Magsend lang ng 'YAY' to 5858 now! Available lang ito for today, so sulitin mo na KaTropa bago pa mawala!",Tag-Lish,Benign
,"6 October 2024, 18:44",GCash,You have received P499.95 GCash from 7eleven Kiosk w/ MSG - 2428-0043-9273. Your new balance is P521.32 10-06-24 6:44PM. Ref no. 0021522977819.,English,Benign
,"5 October 2024, 17:05",BDO Alert,"#BDOStopScam: What you share can be used to scam you! DON'T post account-related concerns online, NEVER share your online banking username, password and OTP.",English,Benign
,"4 October 2024, 21:35",GCash,"NEVER SHARE YOUR OTP OR USE IT IN ANY LINK. You are about to pay PHP 312.06 to Seamoney Credit. Your OTP is 490528. If you DID NOT make this request, please ignore this message.",English,Benign
,"4 October 2024, 15:21",GCash,"Mag-upgrade na ng appliances with GGives dahil waived ang last installment mo! Promo is available for 12 month installments at select stores. T&Cs apply. To learn more, login to GCash > tap Borrow > GGives > View More on our Special Offers.",English,Benign
,"4 October 2024, 11:36",Shopee,"Your SPayLater bill of PHP 308.97 due on 10-05-2024.To avoid your account being suspended and incurring late penalties, please pay via https://shp.ee/mvbcukc.",English,Benign
,"4 October 2024, 08:21",TNT,"Gusto naming ready ka kausapin ang Tropa! You get total of 17 GB and Unli Allnet Calls & Texts! That's (FREE 9 GB ALL ACCESS DATA for 5 days from us) when you avail DOBLE GIGA VIDEO+ 75 with 2 GB + 2 GB/day for YouTube, Netflix & MORE + UNLI ALLNET CALLS & TEXTS! For TODAY only! Load via https://smrt.ph/GetSmartApp o *123#",English,Benign
,"3 October 2024, 16:27",GOMO,"This is a public service advisory from the National Telecommunications Commission, Department of Information and Communications Technology and GOMO. Beware of scammers posing as DICT employees threatening SIM card suspension for alleged illegal use. Report suspicious calls at 89200101 local 1140 immediately.",English,Benign
,"3 October 2024, 13:57",BDO Deals,"Take advantage of our ongoing Scan to Pay promo on BDO Pay! Get 50 Peso Points for every P1,000 spent from August 15 to October 31, 2024. Use the points you'll earn for shopping, credit card payments, and more! Download now!",English,Benign
,"1 October 2024, 23:02",GCash,"Did you request to SEND MONEY to JO****R C.'s GCash number, 09912879450 with amount of PHP 500.00? If not, DON'T ENTER YOUR OTP ON ANY SITE OR SEND IT TO ANYONE because IT'S A SCAM! If you requested, your OTP is 839991.",English,Benign
,"1 October 2024, 15:16",GCash,"Live na si seller? Kaya pa ba ng data mo? Mag-Borrow Load na! Sa palista na walang abala, kayang-kaya tumutok sa live selling!",Tagalog,Benign
,"1 October 2024, 13:36",,Use 511550 for two-factor authentication on Facebook.,English,Benign
,"28 September 2024, 15:56",BDO Alert,"#BDOStopScam: Anyone asking you to ""activate"" something via ATM in exchange for an ""offer"" is a scammer. Don't provide any personal info and hang up!",English,Benign
,"28 September 2024, 06:35",GCash,"Enjoy shopping galore when you pay lighter with GGives! Enjoy zero down payment, no credit card needed, & pay in up to 24 gives over 12 months.",English,Benign
,"27 September 2024, 16:14",GCash,"Mag-shopping spree ka na with GGives installments dahil free ang last installment mo! Promo is available for 12 month installments at select stores. T&Cs apply. To learn more, login to GCash > tap Borrow > GGives > View More on our Special Offers.",English,Benign
,"27 September 2024, 13:01",TNT,Never run out of data. Always check your load balance and subscriptions with just a tap on smrt.ph/CheckUsage,English,Benign
,"27 September 2024, 13:01",TNT,You're trying to access sites not included in your promo OR haven't subscribed to one yet.,English,Benign
,"26 September 2024, 17:58",CIMB_Bank,"CIMB MaxSave is now available for a shorter 3-month term. Start saving now for a minimum deposit of ₱5,000! Visit CIMB website to learn more.",English,Benign
,"25 September 2024, 21:08",GCash,"Did you request to do BANK TRANSFER to BDO Unibank, Inc. account no. ending in 6177 with amount of PHP 2000.00? If not, DON'T ENTER YOUR OTP ON ANY SITE OR SEND IT TO ANYONE because IT'S A SCAM! If you requested, your OTP is 301735.",English,Benign
,"25 September 2024, 15:48",Maya,"ALERT: Never open links sent by text, even those from 'Maya'. Scammers are now using illegal cell towers to send texts that appear to be from trusted brands.",English,Benign
,"24 September 2024, 07:46",GCash,"Enjoy worry-free shopping! Pay lighter in 24 gives over 12 months with GGives. Shop with zero down payment, & no credit card needed. Mag-GGives na!",English,Benign
,"23 September 2024, 16:17",BDO Deals,"Earn Peso Points effortlessly! Simply Scan to Pay with BDO Pay in stores and get 50 Peso Points for every 1,000 spent from August 15 to October 31, 2024. Download BDO Pay! T&Cs apply. DTI200125",English,Benign
,"22 September 2024, 18:01",GCash,"Did you request to SEND MONEY to CH**O NI***E E.'s GCash number, 09706864475 with amount of PHP 190.00? If not, DON'T ENTER YOUR OTP ON ANY SITE OR SEND IT TO ANYONE because IT'S A SCAM! If you requested, your OTP is 652025.",English,Benign
,"22 September 2024, 12:48",TNT,"DOBLENG SAYA, DOBLENG PANALO! HANGGANG TODAY NA LANG: sagot na namin ang 2X DATA mo sa TIKTOK SAYA 50 (3 GB + FREE 3 GB)! 2X DATA ka na rin sa: SURFSAYA 30/49/99 ALL DATA 50/99 ALL DATA+ 75/149 TIKTOK SAYA 99/149 GIGA VIDEO/STORIES/GAMES 60/120 DOBLE GIGA VIDEO+/STORIES+ 75/149 TRIPLE DATA VIDEO+/STORIES+ 75/149 UTP+ 30 Kaya load na via https://smrt.ph/GetSmartApp o i-dial ang *123#",Tagalog,Benign
,"21 September 2024, 17:14",TNT,Payday Sale? Abangan ang exclusive promo na swak para sa'yo! Can't wait? May iba pang sulit promos just for you! Just go to https://smrt.ph/GetSmartApp or dial *123#,Tag-Lish,Benign
,"20 September 2024, 16:32",GCash,"Afford na ang bagong cellphone with GGives hulugan dahil waived ang last installment mo! Promo is available for 12-month installments at select gadget stores. T&Cs apply. To learn more, login to GCash > tap Borrow > GGives > View More on our Special Offers.",Tag-Lish,Benign
,"20 September 2024, 13:35",SmartLoad,20-Sep 13:35: UTANG NA LOAD approved. P10 ang na-credit sa iyong balance. P10 + P2 service fee will be deducted sa iyong next reload. Ref: 781249015492,English,Benign
,"19 September 2024, 17:56",SmartApp,"Maki-celebrate sa Amazing Smart App Anniversary! Get a chance to win 5G phones: Honor 200 or ZTE A75, at iba pang mga prizes! Mag-log in sa Smart App until September 22! https://smrt.ph/SMA919 DTI Permit No. FTEB-202474 Series of 2024",Tag-Lish,Benign
,"19 September 2024, 17:18",GCash,"NEVER SHARE YOUR OTP OR USE IT IN ANY LINK. You are about to pay PHP 123.17 to UP Mindanao Society of Pr. Your OTP is 344779. If you DID NOT make this request, please ignore this message.",English,Benign
,"19 September 2024, 17:14",GCash,"NEVER SHARE YOUR OTP OR USE IT IN ANY LINK. You are about to pay PHP 123.17 to UP Mindanao Society of Pr. Your OTP is 374785. If you DID NOT make this request, please ignore this message.",English,Benign
,"18 September 2024, 18:44",TNT,"DOBLENG SAYA, DOBLENG PANALO! Sagot na namin ang 2X DATA mo sa bawat load mo ng ALL DATA 99 (6 GB + FREE 6 GB) hanggang 22 Sep 2024! 2X DATA ka na rin sa: ALL DATA 50 ALL DATA+ 75/149 SURFSAYA 30/49/99 TIKTOK SAYA 50/99/149 GIGA VIDEO/STORIES/GAMES 60/120 DOBLE GIGA VIDEO+/STORIES+ 75/149 TRIPLE DATA VIDEO+/STORIES+ 75/149 UTP+ 30 Kaya load na via https://smrt.ph/GetSmartApp o i-dial ang *123#",Tagalog,Benign
,"18 September 2024, 15:26",NocodePH,"Reminder that Lean Coffee Davao happens today, 6PM at The Bloom Coffee & Start-Up Space. See you later!",English,Benign
,"17 September 2024, 22:37",NocodePH,Hi <NAME> . Please check your e-mail for your e-ticket to tomorrow's event. See you there!,Unknown,Benign
,"16 September 2024, 14:55",GCash,Nasa Borrow Load na ang favorite P50 promos mo! Tap Load > Borrow to view all options. Mag-Borrow Load na!,Tag-Lish,Benign
,"16 September 2024, 14:35",SmartApp,May surprise kami para sayo! Mag-log in sa Smart App this 9.19 to join our Anniversary Celebration. Abangan ang surprise sa Sept 19! https://smrt.ph/SMA919,Tag-Lish,Benign
,"16 September 2024, 07:42",TNTLOAD,1/2 16-Sep 07:41: P5 loaded to 09129094503 from XXXXXXXX7428 for 1 year. Ref:BIG40BUPD0. Get MORE with PROMO LOAD in the Smart App!,English,Benign
,"16 September 2024, 07:42",TNTLOAD,2/2 Get MORE Load for less with the all NEW PROMO LOAD! Buy P300 and get a total of P333 Load valid for 30 days. Get NOW at smrt.ph/SmartApp,English,Benign
,"15 September 2024, 18:57",GCash,"Uy, good news! Mas mura na magpalista ng load nang walang abala, now with as low as ₱10 processing fee! G pa sa isang game! Tap Load > Borrow. Mag-Borrow Load na!",Tag-Lish,Benign
,"15 September 2024, 06:03",GCash,"Upgrade your home essentials for as low as PHP 1,085 per month with GGives! Pay lighter up to 12 months, zero down payment, & no credit card needed.",English,Benign
,"13 September 2024, 21:35",TNT,Never run out of data. Always check your load balance and subscriptions with just a tap on smrt.ph/CheckUsage,English,Benign
,"13 September 2024, 21:34",TNT,You're trying to access sites not included in your promo OR haven't subscribed to one yet.,English,Benign
,"13 September 2024, 13:00",GOMO,Yassss! You've successfully registered to 20GB No Expiry. You may view your promo details in the Account section of the GOMO PH app.,English,Benign
,"13 September 2024, 12:59",GCash,"NEVER SHARE YOUR OTP OR USE IT IN ANY LINK. You are about to pay PHP 259.00 to GOMO. Your OTP is 905639. If you DID NOT make this request, please ignore this message.",English,Benign
,"13 September 2024, 12:58",GCash,"NEVER SHARE YOUR OTP OR USE IT IN ANY LINK. You are about to pay PHP 259.00 to GOMO. Your OTP is 407729. If you DID NOT make this request, please ignore this message.",English,Benign
,"13 September 2024, 09:14",TNTLOAD,1/2 13-Sep 09:14: P5 loaded to 09129094503 from XXXXXXXX7428 for 1 year. Ref:BID2024MJU. Get MORE with PROMO LOAD in the Smart App!,English,Benign
,"13 September 2024, 09:14",TNTLOAD,2/2 Get MORE Load for less with the all NEW PROMO LOAD! Buy P300 and get a total of P333 Load valid for 30 days. Get NOW at smrt.ph/SmartApp,English,Benign
,"13 September 2024, 02:55",Shopee,"SHOPEE: Use OTP code 903815, TO VERIFY PHONE NUMBER. Valid for 15 mins. NEVER share this code with others, including Shopee staff. PW42aWeqbj5",English,Benign
,"12 September 2024, 19:06",TNT,Never run out of data. Always check your load balance and subscriptions with just a tap on smrt.ph/CheckUsage,English,Benign
,"12 September 2024, 19:06",TNT,You're trying to access sites not included in your promo OR haven't subscribed to one yet.,English,Benign
,"12 September 2024, 15:37",GCash,"Did you request to do BANK TRANSFER to BDO Unibank, Inc. account no. ending in 6177 with amount of PHP 2400.00? If not, DON'T ENTER YOUR OTP ON ANY SITE OR SEND IT TO ANYONE because IT'S A SCAM! If you requested, your OTP is 249247.",English,Benign
,"12 September 2024, 11:46",TNT,KaTropa! Naay 8% discount sa P300 load card karong 3-Day Sale sa SM Davao! Adto lang inig Sep 13-15 para makuha ni nga promo. DTI198133,Tag-Lish,Benign
,"10 September 2024, 18:14",TNT,Never run out of data. Always check your load balance and subscriptions with just a tap on smrt.ph/CheckUsage,English,Benign
,"10 September 2024, 18:14",TNT,You're trying to access sites not included in your promo OR haven't subscribed to one yet.,English,Benign
,"10 September 2024, 11:04",TNT,We hope you enjoyed your promo. Add Load NOW at smrt.ph/SmartApp! Try DOUBLE GIGA STORIES+ 130 and get up to 17 GB Data valid for 7 days!,English,Benign
,"10 September 2024, 11:04",TNT,Nag-expire na ang Shareable Data mo.,Tagalog,Benign
,"10 September 2024, 10:05",TNT,Never run out of data. Manage your account & subscriptions with just a tap in the Smart App smrt.ph/CheckUsage,English,Benign
,"10 September 2024, 10:05",TNT,May 60 mins ka na lang sa Shareable Data mo.,Tagalog,Benign
,"10 September 2024, 08:51",TNT,"Lamang ka sa susunod mong load up, DALI! Subscribe to GIGA VIDEO or any promo at least P99 to get EXTRA 1 GB for 2 days FREE! Load na sa https://smrt.ph/GetSmartApp o i-dial ang *123# NOW NA!",Tag-Lish,Benign
,"10 September 2024, 03:35",GCash,You have received P999.90 GCash from 7eleven Kiosk w/ MSG - 2425-4002-4921. Your new balance is P1006.60 09-10-24 3:35AM. Ref no. 0020730710034.,English,Benign
,"9 September 2024, 13:45",GCash,Mas sulit ang 9.9 with GGives! Checkout on TikTok Shop with GGives to get P200 cashback! For first-time GGives users only with P3k min. spend. Promo runs 09/08-09/10. Per DTI No. FTEB-196951.,English,Benign
,"9 September 2024, 06:43",GCash,"Enjoy shopping galore when you pay lighter with GGives! Enjoy zero down payment, no credit card needed, & pay in up to 24 gives over 12 months.",English,Benign
,"7 September 2024, 11:16",TNT,Ang iyong ALL DATA 50 ay mas PINALAKI! Ito na ang TOTAL 50 GB ALL ACCESS DATA mo for 3 days dahil nag-load ka ng ALL DATA 50: 2 GB ALL ACCESS DATA + FREE 48 GB ALL ACCESS DATA for 3 days! Explore pa ng ibang sulit offers sa https://smrt.ph/GetSmartApp o i-dial ang *123#,Tag-Lish,Benign
,"7 September 2024, 11:06",TNT,07Sep11:06 AM Load Balance: P0.00 Shareable Data MB: 2048 Exp: 10Sep2024 11:04AM,Unknown,Benign
,"7 September 2024, 11:04",TNT,Stay always connected! Check your balance regularly and stay up-to-date with the latest offers via the Smart App! smrt.ph/SmartApp,English,Benign
,"7 September 2024, 11:04",TNT,Tuloy ang Saya! May 2 GB SHAREABLE DATA FOR ALL SITES ka na for 3 days with ALL DATA 50.,Tag-Lish,Benign
,"7 September 2024, 11:02",TNTLOAD,1/2 07-Sep 11:02: P50 loaded to 09129094503 from XXXXXXXX7428 for 1 year. Ref:BI76WKXVFA. Get MORE with PROMO LOAD in the Smart App!,English,Benign
,"7 September 2024, 11:02",TNTLOAD,"2/2 Stay always connected! Manage your subscriptions and check out the Smart App for Bigger & Longer Data, No Expiry offers and MORE! smrt.ph/SmartApp",English,Benign
,"7 September 2024, 09:10",TNT,Never run out of data. Always check your load balance and subscriptions with just a tap on smrt.ph/CheckUsage,English,Benign
,"7 September 2024, 09:10",TNT,You're trying to access sites not included in your promo OR haven't subscribed to one yet.,English,Benign
,"6 September 2024, 16:52",GCash,"Did you request to SEND MONEY to SH*******E AN****E M.'s GCash number, 09559863121 with amount of PHP 70.00? If not, DON'T ENTER YOUR OTP ON ANY SITE OR SEND IT TO ANYONE because IT'S A SCAM! If you requested, your OTP is 878631.",English,Benign
,"6 September 2024, 06:02",TNT,Never run out of data. Always check your load balance and subscriptions with just a tap on smrt.ph/CheckUsage,English,Benign
,"6 September 2024, 06:02",TNT,You're trying to access sites not included in your promo OR haven't subscribed to one yet.,English,Benign
,"6 September 2024, 03:53",TNT,"Lamang ka sa susunod mong load up, DALI! Subscribe to GIGA VIDEO or any promo at least P99 to get EXTRA 1 GB for 2 days FREE! Load na sa https://smrt.ph/GetSmartApp o i-dial ang *123# NOW NA!",Tag-Lish,Benign
,"6 September 2024, 03:51",TNT,06Sep03:51 AM Load Balance: P0.00 Load any promo at least P99 to get FREE 1 GB for 2 days,English,Benign
,"5 September 2024, 20:18",TNT,We hope you enjoyed your promo. Add Load NOW at smrt.ph/SmartApp! Try DOUBLE GIGA STORIES+ 130 and get up to 17 GB Data valid for 7 days!,English,Benign
,"5 September 2024, 20:18",TNT,Nag-expire na ang Shareable Data mo.,Tagalog,Benign
,"5 September 2024, 19:17",TNT,Never run out of data. Manage your account & subscriptions with just a tap in the Smart App smrt.ph/CheckUsage,English,Benign
,"5 September 2024, 19:17",TNT,May 60 mins ka na lang sa Shareable Data mo.,Tagalog,Benign
,"5 September 2024, 11:35",Shopee,"Your SPayLater bill of PHP 308.97 is due today.To avoid your account being suspended and incurring late penalties, please pay now via https://shp.ee/mvbcukc.",English,Benign
,"5 September 2024, 02:31",TingogTayo,"ISIP Beneficiary Message Part 2 of 2 Plus many more prizes to be given away :) Please be sure to bring the following: 1. Wear you ISIP bracelet for entry 2. Screenshot of your registered ISIP IDs 3. Valid ID (Original with 2 Xerox Copies, eg. validated school ID and any Valid Government ID) 4. Original & 1 Xerox Copy of Barangay Certificate (indicating the following ONLY: that you are an indigent or belong to the indigent group, for the purpose of DSWD financial assistance) See you there!",English,Benign
,"5 September 2024, 02:28",TingogTayo,"ISIP Beneficiary Message Part 1 of 2 Hello confirmed ISIP Beneficiary! Payout date: Sept. 5,2024 gates open at 6am at USEP Oval, Obrero Campus. Raffle draws will run from 7 to 9 am. To join our raffle please follow: www.facebook.com/TingogPartyList www.facebook.com/YeddaRomualdez www.facebook.com/JudeAAcidre Raffle prizes include cellphones and tablets, and 10 lucky beneficiaries will bring home an educational package with one laptop, one printer, a study table and a gaming chair!",English,Benign
,"4 September 2024, 13:24",TNT,"Lamang ka sa susunod mong load up, DALI! Subscribe to ALL DATA or any promo at least P60 to get EXTRA 2 GB for 2 days FREE! Load na sa https://smrt.ph/GetSmartApp o i-dial ang *123# NOW NA!",Tag-Lish,Benign
,"4 September 2024, 13:13",TNT,04Sep01:12 PM Load Balance: P0.00 Load any promo at least P60 to get FREE 2 GB for 2 days,English,Benign
,"4 September 2024, 13:12",TNT,FREE DATA MB 48822.53 Exp: 05Sep2024 11:37PM Shareable Data MB: 2117.54 Exp: 05Sep2024 08:17PM,Unknown,Benign
,"4 September 2024, 11:47",Shopee,"Your SPayLater bill of PHP 308.97 due on 09-05-2024.To avoid your account being suspended and incurring late penalties, please pay via https://shp.ee/mvbcukc.",English,Benign
,"4 September 2024, 10:20",BagongPinas,Welcome sa Bagong Pilipinas! <NAME> Click ang link para sa ID ng BagongPilipinas: https://bagong-pilipinas-serbisyo.s3.ap-southeast-1.amazonaws.com/id_card/rsdX7.png I-like ang page para sa chance manalo ng mga premyo. 1.(Bagong Pilipinas) http://facebook.com/BagongPilipinasSerbisyoFair,Tagalog,Benign
,"4 September 2024, 10:18",BagongPinas,Your One-Time-Pin is 492007 and valid for 5 minutes. Do not share with others. REF#960883,English,Benign
,"4 September 2024, 09:03",TingogTayo,"Blessed morning ISIP scholar, Please claim your entrance pass at USEP, Obrero Campus, later, September 04, 3 to 5 pm. Please note that you will not be able to the the payout venue without an entrance pass. Your presence is highly encouraged.",English,Benign
,"4 September 2024, 06:58",GCash,"Enjoy worry-free shopping! Pay lighter in 24 gives over 12 months with GGives. Shop with zero down payment, & no credit card needed. Mag-GGives na!",English,Benign
,"3 September 2024, 18:52",BagongPinas,"Integrated Scholarship and Incentives Program ID: Arsenal, <NAME> : https://isiptayo.s3.ap-southeast-1.amazonaws.com/id_card/IDAV9C35M.png Para sa mga pa-premyo, sumali sa FB group: facebook.com/groups/3771948486417393",Tagalog,Benign
,"3 September 2024, 18:47",BagongPinas,Ang iyong One Time Pin ay: 191023,Tagalog,Benign
,"3 September 2024, 18:22",TNT,I-UPSIZE ang ALL DATA 50 mo! More data for all sites & apps na kasi may FREE 48 GB 'pag nag ALL DATA 50 ka today!! Load NA: https://smrt.ph/GetSmartApp or dial *123#,Tag-Lish,Benign
,"3 September 2024, 08:21",TNT,"Lamang ka sa susunod mong load up, DALI! Subscribe to ALL DATA or any promo at least P60 to get EXTRA 2 GB for 2 days FREE! Load na sa https://smrt.ph/GetSmartApp o i-dial ang *123# NOW NA!",Tag-Lish,Benign
,"3 September 2024, 06:14",,Use 192382 for two-factor authentication on Facebook.,English,Benign
,"3 September 2024, 00:08",TNT,03Sep12:08 AM Load Balance: P0.00 FREE DATA MB 49152 Exp: 05Sep2024 11:37PM Shareable Data MB: 2117.54 Exp: 05Sep2024 08:17PM,Unknown,Benign
,"2 September 2024, 23:46",TNT,Ang iyong ALL DATA 50 ay mas PINALAKI! Ito na ang TOTAL 50 GB ALL ACCESS DATA mo for 3 days dahil nag-load ka ng ALL DATA 50: 2 GB ALL ACCESS DATA + FREE 48 GB ALL ACCESS DATA for 3 days! Explore pa ng ibang sulit offers sa https://smrt.ph/GetSmartApp o i-dial ang *123#,Tag-Lish,Benign
,"2 September 2024, 20:21",TNT,"Lamang ka sa susunod mong load up, DALI! Subscribe to ALL DATA or any promo at least P60 to get EXTRA 1 GB for 1 day FREE! Load na sa https://smrt.ph/GetSmartApp o i-dial ang *123# NOW NA!",Tag-Lish,Benign
,"2 September 2024, 20:18",TNT,02Sep08:18 PM Load Balance: P0.00 Load any promo at least P60 to get FREE 1 GB for 1 day,English,Benign
,"2 September 2024, 20:18",TNT,Allnet Texts: 100 Exp: 03Sep2024 12:01AM Shareable Data MB: 2250.46 Exp: 05Sep2024 08:17PM Allnet Mins: 100 Exp: 03Sep2024 12:01AM,Unknown,Benign
,"2 September 2024, 20:17",TNT,Stay always connected! Check your balance regularly and stay up-to-date with the latest offers via the Smart App! smrt.ph/SmartApp,English,Benign
,"2 September 2024, 20:17",TNT,Tuloy ang Saya! May 2 GB SHAREABLE DATA FOR ALL SITES ka na for 3 days with ALL DATA 50.,Tag-Lish,Benign
,"2 September 2024, 20:14",SmartLoad,02-Sep 20:14: We have deducted P10.00 from your load as payment for UTANG NA LOAD you availed last 2024-09-02 19:57:09 Ref:180969814308,English,Benign
,"2 September 2024, 20:14",TNTLOAD,1/2 02-Sep 20:14: P60 loaded to 09129094503 from XXXXXXXX7428 for 1 year. Ref:BI20W60I9K. Get MORE with PROMO LOAD in the Smart App!,English,Benign
,"2 September 2024, 20:14",TNTLOAD,2/2 Get MORE Load for less with the all NEW PROMO LOAD! Buy P300 and get a total of P333 Load valid for 30 days. Get NOW at smrt.ph/SmartApp,English,Benign
,"2 September 2024, 19:57",SmartLoad,02-Sep 19:57: UTANG NA LOAD approved. May 200 MB data ka na for 1 day. P10 will be deducted sa iyong next reload. Ref:781148616780,English,Benign
,"2 September 2024, 19:38",GCash,"Good news! Mas mura na magpalista ng load nang walang abala, for as low as ₱10 processing fee! Kayang-kaya na mag unli-share ng memes. Tap Load > Borrow to view all options. Mag-Borrow Load na!",Tag-Lish,Benign
,"2 September 2024, 19:27",TNT,Never run out of data. Manage your account & subscriptions with just a tap in the Smart App smrt.ph/CheckUsage,English,Benign
,"2 September 2024, 19:27",TNT,May 50 MB ka na lang sa Shareable Data mo.,Tagalog,Benign
,"2 September 2024, 09:46",TNT,Dasurv mong mag-padeliver ng masarap na food! Get up to P100 OFF sa foodpanda pag nag-load ng All Access+ 99 sa Smart App: https://smrt.ph/GetSmartApp I-redeem ang discount sa https://prf.hn/l/G9dLD3p T&C's apply. DTI195501,Tag-Lish,Benign
,"2 September 2024, 00:01",TNT,"Lamang ka sa susunod mong load up, DALI! Subscribe to ALL DATA or any promo at least P60 to get EXTRA 1 GB for 1 day FREE! Load na sa https://smrt.ph/GetSmartApp o i-dial ang *123# NOW NA!",Tag-Lish,Benign
,"2 September 2024, 00:01",TNT,Stay always connected! Check your balance regularly and stay up-to-date with the latest offers via the Smart App! smrt.ph/SmartApp,English,Benign
,"2 September 2024, 00:01",TNT,Tuloy ang Saya! May 100 MB + 100 Allnet Mins + 100 Allnet Texts ka na for 1 day with PANTAWID 10.,Tag-Lish,Benign
,"2 September 2024, 00:00",TNTLOAD,2/2 Get MORE Load for less with the all NEW PROMO LOAD! Buy P300 and get a total of P333 Load valid for 30 days. Get NOW at smrt.ph/SmartApp,English,Benign
,"2 September 2024, 00:00",TNTLOAD,1/2 02-Sep 00:00: P5 loaded to 09129094503 from XXXXXXXX7428 for 1 year. Ref:BI24W2QO82. Get MORE with PROMO LOAD in the Smart App!,English,Benign
,"1 September 2024, 22:04",TNT,Never run out of data. Always check your load balance and subscriptions with just a tap on smrt.ph/CheckUsage,English,Benign
,"1 September 2024, 22:04",TNT,You're trying to access sites not included in your promo OR haven't subscribed to one yet.,English,Benign
,"1 September 2024, 20:30",TNT,We hope you enjoyed your promo. Add Load NOW at smrt.ph/SmartApp! Try DOUBLE GIGA STORIES+ 130 and get up to 17 GB Data valid for 7 days!,English,Benign
,"1 September 2024, 20:30",TNT,Nag-expire na ang Shareable Data mo.,Tagalog,Benign
,"1 September 2024, 19:30",TNT,Never run out of data. Manage your account & subscriptions with just a tap in the Smart App smrt.ph/CheckUsage,English,Benign
,"1 September 2024, 19:30",TNT,May 60 mins ka na lang sa Shareable Data mo.,Tagalog,Benign
,"1 September 2024, 17:48",GCash,"Did you request to do BANK TRANSFER to BDO Unibank, Inc. account no. ending in 6177 with amount of PHP 2000.00? If not, DON'T ENTER YOUR OTP ON ANY SITE OR SEND IT TO ANYONE because IT'S A SCAM! If you requested, your OTP is 905908.",English,Benign
,"31 August 2024, 19:51",,300 369 is your Instagram code. Don't share it.,English,Benign
,"31 August 2024, 19:32",,432 475 is your Instagram code. Don't share it.,English,Benign
,"31 August 2024, 03:03",Pluxee PH,Enjoy your SMGP Choice exclusive for Under Armour items Enjoy P1000 SMGP Choice from ACER valid for Under Armour Items at SM Store. CODE is 714 749 8838. For the T&C visit the Pluxee website. Revalidate after 11/30/24. DTI194090 Series of 2024.,English,Benign
,"31 August 2024, 03:03",Pluxee PH,Enjoy your SMGP Choice exclusive for Under Armour items Enjoy P1000 SMGP Choice from ACER valid for Under Armour Items at SM Store. CODE is 714 828 9796. For the T&C visit the Pluxee website. Revalidate after 11/30/24. DTI194090 Series of 2024.,English,Benign
,"31 August 2024, 03:02",Pluxee PH,Enjoy your SMGP Choice exclusive for Under Armour items Enjoy P1000 SMGP Choice from ACER valid for Under Armour Items at SM Store. CODE is 714 729 0982. For the T&C visit the Pluxee website. Revalidate after 11/30/24. DTI194090 Series of 2024.,English,Benign
,"30 August 2024, 10:29",TNT,"Lamang ka sa susunod mong load up, DALI! Subscribe to ALL DATA or any promo at least P60 to get EXTRA 2 GB for 2 days FREE! Load na sa https://smrt.ph/GetSmartApp o i-dial ang *123# NOW NA!",Tag-Lish,Benign
,"29 August 2024, 22:28",TNT,29Aug10:28 PM Regular Load: P5.00 Exp: 29Aug2025 08:26PM FREE DATA MB 48772.67 Exp: 01Sep2024 08:31PM Shareable Data MB: 2044.46 Exp: 01Sep2024 08:29PM,Unknown,Benign
,"29 August 2024, 22:05",TNT,29Aug10:05 PM Regular Load: P5.00 Exp: 29Aug2025 08:26PM FREE DATA MB 48997.36 Exp: 01Sep2024 08:31PM Shareable Data MB: 2044.46 Exp: 01Sep2024 08:29PM,Unknown,Benign
,"29 August 2024, 20:57",TNT,Ang iyong ALL DATA 50 ay mas PINALAKI! Ito na ang TOTAL 50 GB ALL ACCESS DATA mo for 3 days dahil nag-load ka ng ALL DATA 50: 2 GB ALL ACCESS DATA + FREE 48 GB ALL ACCESS DATA for 3 days! Explore pa ng ibang sulit offers sa https://smrt.ph/GetSmartApp o i-dial ang *123#,Tag-Lish,Benign
,"29 August 2024, 20:32",TNT,29Aug08:31 PM Regular Load: P5.00 Exp: 29Aug2025 08:26PM FREE DATA MB 49152 Exp: 01Sep2024 08:31PM Shareable Data MB: 2044.46 Exp: 01Sep2024 08:29PM,Unknown,Benign
,"29 August 2024, 20:29",TNT,Tuloy ang Saya! May 2 GB SHAREABLE DATA FOR ALL SITES ka na for 3 days with ALL DATA 50.,Tag-Lish,Benign
,"29 August 2024, 20:29",TNT,Stay always connected! Check your balance regularly and stay up-to-date with the latest offers via the Smart App! smrt.ph/SmartApp,English,Benign
,"29 August 2024, 20:27",SmartLoad,29-Aug 20:27: We have deducted P5.00 from your load as payment for UTANG NA LOAD you availed last 2024-08-15 14:09:05. Ref: 181068210408,English,Benign
,"29 August 2024, 20:26",TNTLOAD,2/2 Get MORE Load for less with the all NEW PROMO LOAD! Buy P300 and get a total of P333 Load valid for 30 days. Get NOW at smrt.ph/SmartApp,English,Benign
,"29 August 2024, 20:26",TNTLOAD,1/2 29-Aug 20:26: P60 loaded to 09129094503 from XXXXXXXX8660 for 1 year. Ref:BHT1VS85R7. Get MORE with PROMO LOAD in the Smart App!,English,Benign
,"29 August 2024, 20:09",TNT,29Aug08:09 PM Load Balance: P0.00,Unknown,Benign
,"29 August 2024, 19:05",TNT,Pinalaki na ang ALL DATA 50! May MORE ALL ACCESS data for all sites & apps dahil may EXTRA 48 GB ka for FREE! Load NA: https://smrt.ph/GetSmartApp or dial *123#,Tag-Lish,Benign
,"29 August 2024, 14:58",BDO,"With the BDO Online app, sending money and paying bills are now more convenient! You can schedule fund transfers or bill payments for later, or schedule recurring transactions on the app. Update to version 1.13.0 now!",English,Benign
,"29 August 2024, 12:30",TNT,"Chikahan with the tropa, pero nabitin sa data? Sagot ka ni TNT with UTANG NA LOAD! Get 200 MB now, at sa next top up na ang bayad Dial *5623# now!",Tag-Lish,Benign
,"29 August 2024, 12:30",TNT,Never run out of data. Always check your load balance and subscriptions with just a tap on smrt.ph/CheckUsage,English,Benign
,"29 August 2024, 12:29",TNT,You're trying to access sites not included in your promo OR haven't subscribed to one yet.,English,Benign
,"28 August 2024, 09:04",TNT,May promo pa rin? Sulitin mo na 'yan bago pa mag-expire! Expired na ang promo? Load your fave ALLNET 50 with just a tap sa https://smrt.ph/GetSmartApp o sa suking tindahan!,Tagalog,Benign
,"28 August 2024, 05:36",TNT,Never run out of data. Always check your load balance and subscriptions with just a tap on smrt.ph/CheckUsage,English,Benign
,"28 August 2024, 05:36",TNT,You're trying to access sites not included in your promo OR haven't subscribed to one yet.,English,Benign
,"28 August 2024, 01:02",PIN,Your Amazon Web Services (AWS) verification code is: 4626,English,Benign
,"28 August 2024, 01:00",GCash,Your new GCash American Express Virtual Pay security code is 7407. You may change this code anytime in the GCash App for your security. Trace No 575583.,English,Benign
,"26 August 2024, 22:27",GCash,"Did you request to do BANK TRANSFER to BDO Unibank, Inc. account no. ending in 6177 with amount of PHP 495.00? If not, DON'T ENTER YOUR OTP ON ANY SITE OR SEND IT TO ANYONE because IT'S A SCAM! If you requested, your OTP is 499156.",English,Benign
,"26 August 2024, 20:09",TNT,Never run out of data. Always check your load balance and subscriptions with just a tap on smrt.ph/CheckUsage,English,Benign
,"26 August 2024, 20:09",TNT,You're trying to access sites not included in your promo OR haven't subscribed to one yet.,English,Benign
,"26 August 2024, 16:26",BDO Alert,#BDOStopScam: Never click on links that ask you to download the new BDO Online app. Only download apps through the App Store or Google Play Store.,English,Benign
,"26 August 2024, 12:43",GOMO,"What makes a hero AWESOME? Bravery, integrity, and a passion to serve. Let's remember those who laid down their lives, and those who continue to inspire us. Happy National Heroes' Day, GOMO Fam!",English,Benign
,"25 August 2024, 19:26",TNT,Never run out of data. Always check your load balance and subscriptions with just a tap on smrt.ph/CheckUsage,English,Benign
,"25 August 2024, 19:26",TNT,You're trying to access sites not included in your promo OR haven't subscribed to one yet.,English,Benign
,"25 August 2024, 10:16",TNT,"BEST MAGIC EVER! Get DATA + CALLS and TEXTS ng WALANG EXPIRY! Mag-Subscribe na sa MAGIC DATA+ 149 and enjoy 2 GB + 50 ALL NET CALLS & 50 ALL NET TEXTS. Also available MAGIC DATA+ 299, 499 and MORE!",Tag-Lish,Benign
,"24 August 2024, 12:57",TNT,Never run out of data. Always check your load balance and subscriptions with just a tap on smrt.ph/CheckUsage,English,Benign
,"24 August 2024, 12:57",TNT,You're trying to access sites not included in your promo OR haven't subscribed to one yet.,English,Benign
,"24 August 2024, 00:21",TNT,Always stay connected. Manage your account & subscriptions with just a tap in the Smart App smrt.ph/CheckUsage,English,Benign
,"24 August 2024, 00:21",TNT,Nag expire na ang Allnet Texts mo for today.,Tag-Lish,Benign
,"23 August 2024, 23:19",TNT,Always stay connected. Manage your account & subscriptions with just a tap in the Smart App smrt.ph/CheckUsage,English,Benign
,"23 August 2024, 23:19",TNT,May 60 mins ka na lang sa Allnet Texts mo.,Tagalog,Benign
,"23 August 2024, 21:23",TNT,We hope you enjoyed your promo. Add Load NOW at smrt.ph/SmartApp! Try DOUBLE GIGA STORIES+ 130 and get up to 17 GB Data valid for 7 days!,English,Benign
,"23 August 2024, 21:23",TNT,Nag-expire na ang Shareable Data mo.,Tagalog,Benign
,"23 August 2024, 20:24",TNT,Never run out of data. Manage your account & subscriptions with just a tap in the Smart App smrt.ph/CheckUsage,English,Benign
,"23 August 2024, 20:24",TNT,May 60 mins ka na lang sa Shareable Data mo.,Tagalog,Benign
,"23 August 2024, 03:15",Google,G-721905 is your Google verification code.,English,Benign
,"23 August 2024, 00:05",TNT,Nag expire na ang Allnet Texts mo for today.,Tag-Lish,Benign
,"23 August 2024, 00:05",TNT,Always stay connected. Manage your account & subscriptions with just a tap in the Smart App smrt.ph/CheckUsage,English,Benign
,"22 August 2024, 23:04",TNT,Always stay connected. Manage your account & subscriptions with just a tap in the Smart App smrt.ph/CheckUsage,English,Benign
,"22 August 2024, 23:04",TNT,May 60 mins ka na lang sa Allnet Texts mo.,Tagalog,Benign
,"22 August 2024, 13:00",,"Manatili lamang sa bahay,tuturuan kita,araw-araw 1000+,Telegram:@apk552",Tagalog,Phishing
,"22 August 2024, 10:56",BDO,APP-GRADE to the new BDO Online app to continue to view your account balances and make transactions. Download the BDO Online app now!,English,Benign
,"22 August 2024, 03:22",,"Utosin ang iyong telepono na gumana para sa iyo, nakikita kita araw-araw, Telegram:@niy671",Tagalog,Phishing
,"22 August 2024, 00:39",TNT,Always stay connected. Manage your account & subscriptions with just a tap in the Smart App smrt.ph/CheckUsage,English,Benign
,"22 August 2024, 00:39",TNT,Nag expire na ang Allnet Texts mo for today.,Tag-Lish,Benign
,"22 August 2024, 00:30",TNT,Never run out of data. Always check your load balance and subscriptions with just a tap on smrt.ph/CheckUsage,English,Benign
,"22 August 2024, 00:30",TNT,You're trying to access sites not included in your promo OR haven't subscribed to one yet.,English,Benign
,"21 August 2024, 23:36",TNT,Always stay connected. Manage your account & subscriptions with just a tap in the Smart App smrt.ph/CheckUsage,English,Benign
,"21 August 2024, 23:36",TNT,May 60 mins ka na lang sa Allnet Texts mo.,Tagalog,Benign
,"21 August 2024, 20:34",Google,G-575909 is your Google verification code.,English,Benign
,"21 August 2024, 20:00",TNT,Never run out of data. Manage your account & subscriptions with just a tap in the Smart App smrt.ph/CheckUsage,English,Benign
,"21 August 2024, 20:00",TNT,May 50 MB ka na lang sa Shareable Data mo.,Tagalog,Benign
,"21 August 2024, 17:33",TNT,"Lamang ka sa susunod mong load up, DALI! Subscribe to ALL NET or any promo at least P20 to get EXTRA 3 GB for 3 days FREE! Load na sa https://smrt.ph/GetSmartApp o i-dial ang *123# NOW NA!",Tag-Lish,Benign
,"21 August 2024, 14:55",CIMB_Bank,"CIMB MaxSave is now available for a shorter 3-month term. Start saving now for a minimum deposit of ₱5,000! Visit CIMB website to learn more.",English,Benign
,"21 August 2024, 00:44",,Use 868178 for two-factor authentication on Facebook.,English,Benign
,"21 August 2024, 00:19",TNT,Always stay connected. Manage your account & subscriptions with just a tap in the Smart App smrt.ph/CheckUsage,English,Benign
,"21 August 2024, 00:19",TNT,Nag expire na ang Allnet Texts mo for today.,Tag-Lish,Benign
,"20 August 2024, 23:01",TNT,Always stay connected. Manage your account & subscriptions with just a tap in the Smart App smrt.ph/CheckUsage,English,Benign
,"20 August 2024, 23:01",TNT,May 60 mins ka na lang sa Allnet Texts mo.,Tagalog,Benign
,"20 August 2024, 21:38",TNT,Daily Allnet Texts: 100 Exp: 21Aug2024 12:00AM,Unknown,Benign
,"20 August 2024, 21:38",TNT,20Aug09:38 PM Load Balance: P0.00 Shareable Data MB: 1022.04 Exp: 23Aug2024 09:23PM VIDEO EVERY DAY MB: 1023.07 Exp: 21Aug2024 12:00AM,Unknown,Benign
,"20 August 2024, 21:23",TNT,Stay always connected! Check your balance regularly and stay up-to-date with the latest offers via the Smart App! smrt.ph/SmartApp,English,Benign
,"20 August 2024, 21:23",TNT,Tuloy ang Saya! Meron kang TOTAL of 4 GB: 1 GB VIDEO ARAW-ARAW + 1 GB + 100 Allnet Texts per day for 3 days with GIGA VIDEO 50.,English,Benign
,"20 August 2024, 21:23",TNT,"Ang VIDEO ARAW-ARAW wallet mo ay may access sa YouTube, Netflix, Smart LiveStream at iWantTFC.",Tagalog,Benign
,"20 August 2024, 16:50",,"Congratulations! Redeem your P11,500 from G Cash Care. Reference ID:40798928 Claim here:cashsurprise.cl",English,Phishing
,"20 August 2024, 15:30",TNT,"GET THIS ONLY IN MAYA! Merong extra FREE 1 GB para sa lahat ng sites at apps kapag bumili ng PROMO LOAD 100 sa Maya app! Limited time only kaya load na, KaTropa! LOAD NA! DTI196307",Tag-Lish,Benign
,"19 August 2024, 23:17",TNT,Never run out of data. Always check your load balance and subscriptions with just a tap on smrt.ph/CheckUsage,English,Benign
,"19 August 2024, 23:17",TNT,You're trying to access sites not included in your promo OR haven't subscribed to one yet.,English,Benign
,"19 August 2024, 21:48",BDO OTP,"DO NOT SHARE YOUR OTP. You're making a digital transaction. Your One-Time PIN is 239457. If you did not make this request, change your password immediately and call BDO at (02) 8631-8000 for Local Numbers or (Intl. Access Code) 800-8-6318000 for International Numbers.",English,Benign
,"19 August 2024, 21:48",BDO,"We noticed a login attempt to your BDO Online Banking account on 08-19-2024 at 09:48 PM PHT. If this was not you, reset your password and call us immediately at (02) 8631-8000.",English,Benign
,"19 August 2024, 16:04",,Where Fortune Awaits! GJP PH Gift P3000! Grab now gjpwin.golf,English,Phishing
,"19 August 2024, 14:03",GCash,"Good news dahil as low as ₱10 na lang ang processing fee when you Borrow Load! Mas mura na magpalista nang walang abala, kaya ituloy mo na ang sound trip mo! Mag-Borrow Load na!",Tag-Lish,Benign
,"18 August 2024, 20:19",TNT,Never run out of data. Always check your load balance and subscriptions with just a tap on smrt.ph/CheckUsage,English,Benign
,"18 August 2024, 20:19",TNT,You're trying to access sites not included in your promo OR haven't subscribed to one yet.,English,Benign
,"18 August 2024, 12:28",BDO,"FINAL REMINDER: TIME TO APP-GRADE! Switch to the new BDO Online app by August 19, 2024 to continue to view your account balances and make transactions. Just log in with your existing username and password! If you are unable to log in, tap ""Need help logging in?"" to retrieve your username or reset your password.",English,Benign
,"18 August 2024, 08:22",TNT,"Lamang ka sa susunod mong load up, DALI! Subscribe to ALL DATA+ or any promo at least P5 to get EXTRA 2 GB for 3 days FREE! Load na sa https://smrt.ph/GetSmartApp o i-dial ang *123# NOW NA!",Tag-Lish,Benign
,"18 August 2024, 03:04",PayPal,PayPal: 440764 is your security code. Don't share your code.,English,Benign
,"17 August 2024, 22:02",,185 552 is your Instagram code. Don't share it.,English,Benign
,"17 August 2024, 14:58",RD PAWNSHOP,"Hi Mr/Ms <NAME>, RDCN 20879 can be claimed at any RDPawnshop, Penbank, Villarica & TrueMoney branches. Please present valid ID. Thank you!",English,Benign
,"17 August 2024, 12:25",BDO,"IMPORTANT ADVISORY: TIME TO APP-GRADE! Switch to the new BDO Online app by August 19, 2024 to continue to view your account balances and make transactions. Just log in with your existing username and password! If you are unable to log in, tap ""Need help logging in?"" to retrieve your username or reset your password.",English,Benign
,"17 August 2024, 06:36",GCash,"G to travel with barkada! Pay for as low as PHP 2,070 per month with GGives. Book with zero down payment, no credit card needed, & up to 12 months to pay.",English,Benign
,"16 August 2024, 18:35",GCash,"Did you request to do BANK TRANSFER to BDO Unibank, Inc. account no. ending in 6177 with amount of PHP 2000.00? If not, DON'T ENTER YOUR OTP ON ANY SITE OR SEND IT TO ANYONE because IT'S A SCAM! If you requested, your OTP is 931819.",English,Benign
,"16 August 2024, 15:07",TNT,"Instant cashback, instant ipon, instant saya sa TNT Alkansya! Get 1% cashback pag nag load ng P100 TNT load sa Maya, at i-deposit ito sa Maya Savings para makakuha ng up to 15% interest rate p.a. Download the Maya App at mag-load na! https://official.maya.ph/3xMF/mehk8mj3 Maya Philippines & Maya Bank Inc. is regulated by the BSP. T&Cs apply",Tag-Lish,Benign
,"16 August 2024, 15:06",TNT,Never run out of data. Always check your load balance and subscriptions with just a tap on smrt.ph/CheckUsage,English,Benign
,"16 August 2024, 15:06",TNT,You're trying to access sites not included in your promo OR haven't subscribed to one yet.,English,Benign
,"16 August 2024, 13:14",TNT,"SMART ADVISORY: Starting today, you can access DON'T MISS OUT, HOT DEALS and other Exclusive Offers under WAIS HACKS in the Smart App! Always check the Smart App for the latest offers and best promos! https://smrt.ph/GetSmartApp",English,Benign
,"16 August 2024, 10:27",BDO,"IMPORTANT ADVISORY: TIME TO APP-GRADE! Switch to the new BDO Online app by August 19, 2024 to continue to view your account balances and make transactions. Just log in with your existing username and password! If you are unable to log in, tap ""Need help logging in?"" to retrieve your username or reset your password.",English,Benign
,"15 August 2024, 17:05",TNT,"SMART ADVISORY: Starting today, you can check your balance, manage auto-renew and access new features and services under WAIS HACKS in *123#. For a better experience and to access even more exciting offers, use the Smart App! Download now https://smrt.ph/GetSmartApp",English,Benign
,"15 August 2024, 14:10",TNT,"Lamang ka sa susunod mong load up, DALI! Subscribe to ALL DATA+ or any promo at least P30 to get EXTRA 2 GB for 3 days FREE! Load na sa https://smrt.ph/GetSmartApp o i-dial ang *123# NOW NA!",Tag-Lish,Benign
,"15 August 2024, 14:09",SmartLoad,15-Aug 14:09: UTANG NA LOAD approved. May 5 AllNet Texts ka na for 1 day. P5 will be deducted sa iyong next reload. Ref: 781148095672,English,Benign
,"15 August 2024, 11:36",BDO Deals,"Get 50 Peso Points for every Scan to Pay transaction worth at least P1,000 using BDO Pay from August 15 to October 31, 2024. 1 Peso Point = Php 1. Peso Points earned capped at 1,000. Download now! Visit the BDO website for more details. Click Deals, and search BDO Pay Peso Points. T&Cs apply. DTI200125",English,Benign
,"15 August 2024, 10:40",BDO,"Reminder: TIME TO APP-GRADE! Switch to the new BDO Online app by August 19, 2024 to continue to view your account balances and make transactions. Just log in with your existing username and password! If you are unable to log in, tap ""Need help logging in?"" to retrieve your username or reset your password.",English,Benign
,"15 August 2024, 09:05",NTC,PSA: Bawat boses ay mahalaga! Makilahok at magpa-interview para sa 2024 Census of Population at Community-Based Monitoring System. #2024POPCENCBMS.,Tagalog,Benign
,"15 August 2024, 08:46",TNT,"Lamang ka sa susunod mong load up, DALI! Subscribe to ALL DATA+ or any promo at least P30 to get EXTRA 2 GB for 3 days FREE! Load na sa https://smrt.ph/GetSmartApp o i-dial ang *123# NOW NA!",Tag-Lish,Benign
,"14 August 2024, 11:33",GCash,Abot-kaya ang bagong phone with GGives! Sobrang dali na lang magbayad nang hulugan na walang down payment! Go to Borrow > GGives to view your available credit limit.,Tag-Lish,Benign
,"14 August 2024, 01:15",GCash,You have received P109.89 GCash from 7eleven Kiosk w/ MSG - 2422-7001-6294. Your new balance is P130.70 08-14-24 1:14AM. Ref no. 0019966048878.,English,Benign
,"13 August 2024, 18:59",BDO Alert,#BDOStopScam: 'Wag mag-download ng bagong BDO Online app sa pamamagitan ng email o SMS link. Download apps only through the official app store of your device.,Tag-Lish,Benign
,"13 August 2024, 15:59",BDO,"BDO Online is now equipped with security features that let you Lock or Unlock your Cards, Enable or Disable Overseas Transactions, or Set Debit Card Limits on your purchases! Make the switch to the BDO Online app by August 19, 2024 to continue to view your account balances and make transactions. Just log in with your existing username and password.",English,Benign
,"13 August 2024, 14:36",TNT,Load more para ipon more with TNT Alkansya! Bumili ng P100 TNT load sa Maya to get 1% cashback at i-deposit sa Maya Savings para makakuha ng up to 5% interest rate p.a. sa Maya savings! Download the Maya App at mag load na! Maya Philippines & Maya Bank Inc. is regulated by the BSP. T&Cs apply,Tag-Lish,Benign
,"13 August 2024, 09:10",TNT,Laging suliting ang load bago pa ito mag-expire! Expired na ang promo? Load your fave ALLNET 20 with just a tap sa https://smrt.ph/GetSmartApp o sa suking tindahan!,Tag-Lish,Benign
,"12 August 2024, 18:14",GCash,"Ang P50 load promos, nasa Borrow Load na! Tap Load > Borrow to view all options. Mag-Borrow Load na!",Tag-Lish,Benign
,"12 August 2024, 16:03",TNT,"SMART ADVISORY: We're making things better! Starting Aug 14, DON'T MISS OUT and HOT DEALS will be under WAIS HACKS in the Smart App! Always check the Smart App for the latest offers and best promos! https://smrt.ph/GetSmartApp",English,Benign
,"12 August 2024, 10:47",TNT,"SMART ADVISORY: We're making things better! Starting Aug 14, you can check balance, manage auto-renew & access new features/services under WAIS HACKS in *123#. For a better experience and to access even more exciting offers, use the Smart App! Download now https://smrt.ph/GetSmartApp",English,Benign
,"11 August 2024, 16:48",TNT,"ONLY IN MAYA! May 50% Cashback 'pag bumili ng TNT load worth P50 and up for the first time! Kaya mag-download at mag-load na sa Maya, KaTropa! DTI198966",Tag-Lish,Benign
,"11 August 2024, 13:01",RD PAWNSHOP,"Hi Mr/Ms <NAME>, RDCN 09159 can be claimed at any RDPawnshop, Penbank, Villarica & TrueMoney branches. Please present valid ID. Thank you!",English,Benign
,"11 August 2024, 12:32",TNT,Never run out of data. Always check your load balance and subscriptions with just a tap on smrt.ph/CheckUsage,English,Benign
,"11 August 2024, 12:32",TNT,You're trying to access sites not included in your promo OR haven't subscribed to one yet.,English,Benign
,"10 August 2024, 19:15",TNT,"Olympics Men's Basketball finals na! Stream USA vs FRANCE LIVE sa Smart LiveStream App Olympics Channel 2 on Aug 11, 3:30AM local time! Learn more: https://smart.com.ph/Pages/Olympics",English,Benign
,"10 August 2024, 06:15",GCash,"Shop now, pay lighter! Get your fave shoes for as low as PHP515/mo. with GGives. Shop without credit card needed, 0 down payment, & pay in up to 12 months.",English,Benign
,"9 August 2024, 16:14",TNT,"SMART ADVISORY: We're making things better! Starting Aug 14, DON'T MISS OUT and HOT DEALS will be under WAIS HACKS in the Smart App! Always check the Smart App for the latest offers and best promos! https://smrt.ph/GetSmartApp",English,Benign
,"9 August 2024, 10:50",TNT,"SMART ADVISORY: We're making things better! Starting Aug 14, you can check balance, manage auto-renew & access new features/services under WAIS HACKS in *123#. For a better experience and to access even more exciting offers, use the Smart App! Download now https://smrt.ph/GetSmartApp",English,Benign
,"8 August 2024, 17:26",TNT,Never run out of data. Always check your load balance and subscriptions with just a tap on smrt.ph/CheckUsage,English,Benign
,"8 August 2024, 17:26",TNT,You're trying to access sites not included in your promo OR haven't subscribed to one yet.,English,Benign
,"8 August 2024, 15:49",BDO,"TIME TO APP-GRADE! Switch to the new BDO Online app by August 19, 2024, to continue to view your account balances and make transactions. Just log in with your existing username and password! If you are unable to log in, tap ""Need help logging in?"" to retrieve your username or reset your password.",English,Benign
,"7 August 2024, 21:46",eGov,"To continue deleting your account, your OTP is 906738. DO NOT SHARE your OTP to anyone.",English,Benign
,"7 August 2024, 21:42",eGov,Your One-Time Password (OTP) code is 856497. Use this code to activate your account DO NOT SHARE YOUR OTP TO ANYONE.,English,Benign
,"7 August 2024, 18:16",GCash,"Did you request to SEND MONEY to FA***O P.'s GCash number, 09105412132 with amount of PHP 100.00? If not, DON'T ENTER YOUR OTP ON ANY SITE OR SEND IT TO ANYONE because IT'S A SCAM! If you requested, your OTP is 031227.",English,Benign
,"7 August 2024, 18:16",GCash,"Did you request to SEND MONEY to FA***O P.'s GCash number, 09105412132 with amount of PHP 100.00? If not, DON'T ENTER YOUR OTP ON ANY SITE OR SEND IT TO ANYONE because IT'S A SCAM! If you requested, your OTP is 785695.",English,Benign
,"7 August 2024, 18:13",GCash,"Did you request to SEND MONEY to AR**N S.'s GCash number, 09159090508 with amount of PHP 100.00? If not, DON'T ENTER YOUR OTP ON ANY SITE OR SEND IT TO ANYONE because IT'S A SCAM! If you requested, your OTP is 325793.",English,Benign
,"7 August 2024, 16:50",RD PAWNSHOP,"Hi Mr/Ms <NAME>, RDCN 07033 can be claimed at any RDPawnshop, Penbank, Villarica & TrueMoney branches. Please present valid ID. Thank you!",English,Benign
,"7 August 2024, 15:46",TNT,"Exclusive Cashback Handog ng TNT for New Maya Users! Download Maya, upgrade, at magload ng at least P50 sa app to get 100% cashback. Wag palampasin. Download na: https://official.maya.ph/3xMF/SmartSignUp. T&Cs apply. DTI192508",Tag-Lish,Benign
,"7 August 2024, 06:30",GCash,"Get work-from-home essentials for as low as PHP 4,130/month with GGives! Pay lighter with 0% down payment. Go to your GCash app and tap GGives to learn more!",English,Benign
,"6 August 2024, 23:56",GCash,"WAG I-SHARE ANG IYONG OTP. May bagong device na nagrequest ng access sa GCash account mo. Kung ikaw ito, ang OTP ay 839126. Kung hindi, scam yan at wag ibigay.",Tagalog,Benign
,"6 August 2024, 21:11",GCash,Mas sulit ang 8.8 with GGives! Checkout on TikTok Shop with GGives to get P200 cashback! For first-time GGives users only with P3k min spend. Promo runs 08/07-08/09. Per DTI No. FTEB-196951.,English,Benign
,"6 August 2024, 13:52",TNT,"SMART ADVISORY: We're making things better! Starting Aug 14, DON'T MISS OUT and HOT DEALS will be under WAIS HACKS in the Smart App! Always check the Smart App for the latest offers and best promos! https://smrt.ph/GetSmartApp",English,Benign
,"6 August 2024, 12:07",,"Magandang Araw <NAME>, Shopee Delivery! Sa ilalim ng iyong pahintulot, mangongolekta kami ng litrato bilang Proof of Delivery. Pakihanda ang iyong bayad na 0 PHP. Gamitin ang QRPH code para sa cashless payment. [COD Unbox]: Maaaring kang mag-request i-check ang item at i-return on the spot ito kung may issue. I-check ang order details for eligibility. Pag may katanungan, i-contact ang Customer Service sa Shopee App.",Tag-Lish,Benign
,"6 August 2024, 09:35",TNT,"SMART ADVISORY: We're making things better! Starting Aug 14, you can check balance, manage auto-renew & access new features/services under WAIS HACKS in *123#. For a better experience and to access even more exciting offers, use the Smart App! Download now https://smrt.ph/GetSmartApp",English,Benign
,"5 August 2024, 21:49",GCash,"Hi! Congratulations, Account Secure ka na! You just registered your phone Realme RMX3191 with your GCash # 09763045451. If this is not you, go to the GCash Help Center and chat with Gigi.",English,Benign
,"5 August 2024, 21:49",GCash,"264554 is your authentication code. For your protection, do not share this code with anyone.",English,Benign
,"5 August 2024, 21:48",GCash,"Thank you for registering to GCash! Now you can buy load, pay bills, send money, and purchase online with GCash! #WhatCantYouDo",English,Benign
,"5 August 2024, 21:40",GCash,"WAG I-SHARE ANG IYONG OTP. May bagong device na nagrequest ng access sa GCash account mo. Kung ikaw ito, ang OTP ay 837530. Kung hindi, scam yan at wag ibigay.",Tagalog,Benign
,"5 August 2024, 21:36",GCash,"NEVER SHARE YOUR OTP OR USE IT IN ANY LINK. There is a request to update your GCash profile. To update your profile, your OTP is 112260. If you DID NOT make this request, please ignore this message.",English,Benign
,"5 August 2024, 21:35",GCash,"Hi! Congratulations, Account Secure ka na! You just registered your phone Realme RMX3191 with your GCash # 09564481056. If this is not you, go to the GCash Help Center and chat with Gigi.",English,Benign
,"5 August 2024, 21:35",GCash,"655135 is your authentication code. For your protection, do not share this code with anyone.",English,Benign
,"5 August 2024, 21:34",GCash,"WAG I-SHARE ANG IYONG OTP. May bagong device na nagrequest ng access sa GCash account mo. Kung ikaw ito, ang OTP ay 753951. Kung hindi, scam yan at wag ibigay.",Tagalog,Benign
,"5 August 2024, 17:22",TNT,"Lilipad na si EJ Obiena, Filipino pole-vaulter, para sa gintong medalya! Stream LIVE sa Smart LiveStream App Olympics Channel 2 on Aug 6, 1AM local time! Learn more: https://smart.com.ph/Pages/Olympics",Tag-Lish,Benign
,"5 August 2024, 12:04",Maya,"Spend Php 10, get a Php 10 cashback voucher! Just do ANY of these until August 31: buy load, pay a bill, send money, buy crypto, deposit to savings, and more! Hurry and spend now!",English,Benign
,"5 August 2024, 08:29",TNT,"Gusto naming ready ka kausapin ang Tropa! You get FREE 2 GB for 3 days when you buy DOBLE GIGA VIDEO+ 75 with 2 GB + 2 GB/day for YouTube, Netflix & MORE + UNLI ALLNET CALLS & TEXTS! Get it 'til 10-August-2024 ONLY!",English,Benign
,"4 August 2024, 06:21",GCash,Save your money for other expenses & pay lighter your groceries at NCCC Supermarket in installment up to 24 months via GGives. Got to GCash app to learn more.,English,Benign
,"3 August 2024, 13:04",TNT,"Lalaban na ang Team USA & Puerto Rico sa Olympics Men's Basketball! Stream LIVE sa Smart LiveStream App on Aug 3, 11:15PM local time. Learn more: https://smart.com.ph/Pages/Olympics",Tag-Lish,Benign
,"2 August 2024, 19:18",GCash,"NEVER SHARE YOUR OTP OR USE IT IN ANY LINK. You are about to pay PHP 312.06 to Seamoney Credit. Your OTP is 944161. If you DID NOT make this request, please ignore this message.",English,Benign
,"2 August 2024, 17:42",GCash,You have received P396.00 GCash from 7eleven Kiosk w/ MSG - 2421-5046-9543. Your new balance is P429.87 08-02-24 5:42PM. Ref no. 0019652337153.,English,Benign
,"2 August 2024, 16:39",BDO,"The BDO Online app gives you more control over your Credit Cards and Checking account. Now, you can view your monthly statements and your Dual Currency Credit Card details on the app. Download the BDO Online app now as the old BDO Digital Banking app will be deactivated on August 19, 2024. Just log in with your existing username and password.",English,Benign
,"1 August 2024, 06:56",GCash,G for nonstop gaming? Sagot ng GGives ang new gadgets mo with 0 downpayment. Mag-upgrade na with GGives!,Tag-Lish,Benign
,"31 July 2024, 20:40",BDO Alert,"#BDOStopScam: Be cautious of emails with links, no matter who the sender appears to be. They're often phishing attempts to capture your info. Don't click links!",English,Benign
,"31 July 2024, 17:01",TNT,"ONLY IN MAYA! May UNLI TikTok SAYA ka na, may up to 50% Cashback ka pa! Pwede rin sa REGULAR LOAD kaya mag-load na sa Maya, KaTropa! Dowload NA: https://official.maya.ph/3xMF/vk86la9h DTI196981",Tagalog,Benign
,"31 July 2024, 14:35",GCash,"NEVER SHARE YOUR OTP OR USE IT IN ANY LINK. You are about to pay PHP 167.00 to Shopee Philippines Inc. Your OTP is 334376. If you DID NOT make this request, please ignore this message.",English,Benign
,"31 July 2024, 08:49",TNT,"KaTropa, may FREEBIE kami for you! Avail your fave ALLNET 20 and get FREE 500 MB + Unli Allnet Calls and Texts for 2 days! Get it NOW until 03-August-2024 ONLY!",English,Benign
,"31 July 2024, 08:35",GCash,"NEVER SHARE YOUR OTP OR USE IT IN ANY LINK. You are about to pay PHP 167.00 to Shopee Philippines Inc. Your OTP is 110087. If you DID NOT make this request, please ignore this message.",English,Benign
,"31 July 2024, 03:15",Shopee,"To activate SLoan, enter verification code: 156222. Valid for 15 mins. NEVER share this code with others under any circumstances. PW42aWeqbj5",English,Benign
,"30 July 2024, 15:24",BDO,"ADVISORY: The old BDO Digital Banking app will be deactivated on August 19, 2024. Download the new BDO Online app and log in with your existing username and password. If you are unable to log in, tap ""Need help logging in?"" to retrieve your username or reset your password. Don't know which app to download? Search ""BDO Online"" in the Google Play Store or Apple Store!",English,Benign
,"30 July 2024, 08:51",GOMO,"Happy payday, GOMO Fam! Wanna get more out of Shopee's 7.30 Payday Sale? Convert your 3.5GB to a P50 Shopee voucher! Just open your GOMO PH app and go to the 'Mo Creds tab to start swappin'. No advisories? Text OFF to 2686 for free.",English,Benign
,"29 July 2024, 14:37",GCash,Pwede na i-Borrow Load ang favorite P50 promos mo! Tap Load > Borrow to view all options. Mag-Borrow Load na!,Tag-Lish,Benign
,"26 July 2024, 19:44",BDO Alert,Immediately lock a lost or stolen card on the new BDO Online app. Log in and tap More > Manage Cards; select the card to lock and toggle the lock-unlock switch.,English,Benign
,"26 July 2024, 15:34",BDO,"The BDO Online app lets you have real-time control over your cards. Bank worry-free when you can lock or unlock your cards, and set debit card limits anytime you want! Download the BDO Online app now as the old BDO Digital Banking app will be deactivated on August 19, 2024. Just log in with your existing username and password.",English,Benign
,"26 July 2024, 14:54",GCash,"Ang paborito mong P50 load promos, pwede na i-Borrow Load! Mag-Borrow Load na!",Tagalog,Benign
,"26 July 2024, 14:34",TNT,Never run out of data. Always check your load balance and subscriptions with just a tap on smrt.ph/CheckUsage,English,Benign
,"26 July 2024, 14:34",TNT,You're trying to access sites not included in your promo OR haven't subscribed to one yet.,English,Benign
,"26 July 2024, 12:01",TNT,"Lakas at puso! Suportahan natin ang ating mga atletang Pinoy sa Olympic Games Paris 2024, LIVE for FREE sa Smart LiveStream App from July 27 to August 12 local time! Learn more: https://smart.com.ph/Pages/Olympics",Tag-Lish,Benign
,"26 July 2024, 09:42",Grab,"011806 is your GRAB verification code. It expires in 2 minutes. Do not share it with anyone, including GRAB.",English,Benign
,"26 July 2024, 09:42",Grab,"073245 - Grab OTP for Udemy - PH PHP599. Valid for 2 mins. Do not share it with anyone. If unauthorised, report via in-app chat.",English,Benign
,"26 July 2024, 09:41",GCash,"Did you request to do BANK TRANSFER to GrabPay account no. ending in 4503 with amount of PHP 599.00? If not, DON'T ENTER YOUR OTP ON ANY SITE OR SEND IT TO ANYONE because IT'S A SCAM! If you requested, your OTP is 292693.",English,Benign
,"26 July 2024, 09:37",Grab,"350395 - Grab OTP for Udemy - PH PHP599. Valid for 2 mins. Do not share it with anyone. If unauthorised, report via in-app chat.",English,Benign
,"26 July 2024, 09:35",Grab,"<#> 274978 is your GRAB verification code. It expires in 2 minutes. Do not share it with anyone, including GRAB. H9CMNjtZ1r6",English,Benign
,"26 July 2024, 08:30",TNT,"Heto ang isa pang chance to get the FREEBIE! Pag nagpa-load ka ng iyong favorite promo na ALLNET 20, meron ka additional FREE 1GB + Unli Allnet Calls and Texts for 2 days! on top of what's in your promo para mas nakakasabik bumalik! Get it NOW baka mawala ulit! Until 30-July-2024 ONLY!",Tag-Lish,Benign
,"25 July 2024, 10:51",PayPal,PayPal: 564668 is your security code. Don't share your code.,English,Benign
,"25 July 2024, 10:41",GCash,Your new GCash American Express Virtual Pay security code is 6553. You may change this code anytime in the GCash App for your security. Trace No 870029.,English,Benign
,"25 July 2024, 10:19",PayMaya,"Awesome! You have successfully linked your PayMaya account to your Google Play account today 07-25-2024 10:19:00. For any concerns you may have with your Google purchases, you can provide this number 773802889617 to Google for reference.",English,Benign
,"25 July 2024, 10:18",Maya,Your One-Time Password (OTP) is 206999. Report to support@maya.ph or call our hotline (632) 845 7788 if you did not login to your account. Sharing this OTP will allow another device or person to access your Maya account. DO NOT SHARE.,English,Benign
,"25 July 2024, 10:17",Maya,Your One-Time Password (OTP) is 138332. Report to support@maya.ph or call our hotline (632) 845 7788 if you did not login to your account. Sharing this OTP will allow another device or person to access your Maya account. DO NOT SHARE.,English,Benign
,"25 July 2024, 10:09",Maya,"To finish logging in, your OTP is 303293. Never share your OTP. q0uXCqkIhgZ",English,Benign
,"25 July 2024, 10:09",Maya,"Awesome! You have just created a password for your Maya account. To maximize your cashless experience, you can now buy load, pay your bills, or shop online using your Maya app.",English,Benign
,"25 July 2024, 10:08",Maya,Your One-Time Password (OTP) is 957077. You are trying to change your Maya password for Mobile Number ending in 4503. DO NOT SHARE this OTP. Sharing this OTP will allow another device or person to access and transact with your Maya account. Report to support@maya.ph or call our hotline (632) 8 845 7788 if you did not make this request.,English,Benign
,"25 July 2024, 08:26",GCash,You have successfully linked your GCash account to GOOGLE_PH.,English,Benign
,"25 July 2024, 08:26",GCash,"646897 is your authentication code. For your protection, do not share this code with anyone. yyAfcYn/qSW",English,Benign
,"25 July 2024, 08:25",GCash,"844920 is your authentication code. For your protection, do not share this code with anyone. yyAfcYn/qSW",English,Benign
,"25 July 2024, 07:59",GCash,You have successfully linked your GCash account to GOOGLE_PH.,English,Benign
,"25 July 2024, 07:58",GCash,"986060 is your authentication code. For your protection, do not share this code with anyone. yyAfcYn/qSW",English,Benign
,"25 July 2024, 07:41",GCash,You have received P247.50 GCash from 7eleven Kiosk w/ MSG - 2420-7007-3393. Your new balance is P614.87 07-25-24 7:41AM. Ref no. 0019421050999.,English,Benign
,"25 July 2024, 07:27",GCash,Your payment of P249.00 to Netflix has been successfully processed on 07-25-24 07:27:18 AM. Ref. No. 067918304,English,Benign
,"25 July 2024, 05:55",GCash,You have received P594.00 GCash from 7eleven Kiosk w/ MSG - 2420-7004-8665. Your new balance is P616.37 07-25-24 5:55AM. Ref no. 0019420182576.,English,Benign
,"25 July 2024, 03:28",GCash,Enjoy P300 off your next gadget purchase at Abenson using GGives! Shop a minimum spend of P15k and pay in easy installments with 0 downpayment. Promo runs from Jul 22-31.,English,Benign
,"25 July 2024, 03:14",GCash,"Uy, good news! Mas mura na magpalista ng load nang walang abala, now with as low as ₱10 processing fee! G pa sa isang game! Mag-Borrow Load na!",Tag-Lish,Benign
,"25 July 2024, 00:08",GCash,Your new GCash American Express Virtual Pay security code is 6247. You may change this code anytime in the GCash App for your security. Trace No null.,English,Benign
,"23 July 2024, 18:36",GOMO,"Isang paalala mula sa GOMO at National Telecommunications Commission. Hindi nagpapadala ng text message na may link ang GOMO. Kapag may natanggap na message na may link, maaaring SCAM 'yan at hindi ito dumaan sa spam filter ng telco network. Siguraduhing naka-disable ang iyong RCS chat para makaiwas sa ganitong modus. I-report sa NTC website ang anumang uri ng suspicious message.",Tagalog,Benign
,"23 July 2024, 15:09",BDO,"The old BDO Digital Banking app will be deactivated on August 19, 2024. Download the new BDO Online app now to continue to view and manage your accounts. Simply log in with your existing username and password. Reset your password anytime by tapping 'Need help logging in'.",English,Benign
,"21 July 2024, 16:26",TNT,"ONLY IN MAYA! May UNLI TikTok SAYA ka na, may up to 50% Cashback ka pa! Pwede rin sa REGULAR LOAD kaya mag-load na sa Maya, KaTropa! Dowload NA: https://official.maya.ph/3xMF/vk86la9h DTI196981",Tagalog,Benign
,"20 July 2024, 21:36",TNT,Hope you enjoyed your promo. Always check your balance and subscriptions on smrt.ph/GigaLifeApp COMING SOON: An EASIER way of registering your SIM in the App!,English,Benign
,"20 July 2024, 21:36",TNT,We hope you enjoyed your promo. Add Load NOW at smrt.ph/SmartApp! Try DOUBLE GIGA STORIES+ 130 and get up to 17 GB Data valid for 7 days!,English,Benign
,"20 July 2024, 21:36",TNT,Nag-expire na ang Unli Allnet Calls mo. Ang mga susunod na tawag ay charged na to your other subscriptions or regular load.,Tag-Lish,Benign
,"20 July 2024, 21:36",TNT,Nag-expire na ang Unli Allnet Texts mo. Ang mga susunod na texts ay charged na to your other subscriptions or regular load.,Tag-Lish,Benign
,"20 July 2024, 21:36",TNT,Nag-expire na ang Shareable Data mo.,Tagalog,Benign
,"20 July 2024, 20:36",TNT,Never run out of data. Manage your account & subscriptions with just a tap in the Smart App smrt.ph/CheckUsage,English,Benign
,"20 July 2024, 20:36",TNT,May 60 mins ka na lang sa Shareable Data mo.,Tagalog,Benign
,"20 July 2024, 20:36",TNT,Never run out of data. Manage your account & subscriptions with just a tap in the Smart App smrt.ph/CheckUsage,English,Benign
,"20 July 2024, 20:36",TNT,May 60 mins ka na lang sa Unli Allnet Calls mo.,Tagalog,Benign
,"20 July 2024, 20:36",TNT,May 60 mins ka na lang sa Unli Allnet Texts mo.,Tagalog,Benign
,"20 July 2024, 11:57",TNT,Heto na ang BEST FREEBIE para sa'yo! Gamitin ang current load to subscribe to ALLNET 20 and get FREE 6 GB ALL ACCESS + UNLI ALLNET calls & texts for 1 day! Get it 'til 21-July-2024 ONLY!,English,Benign
,"20 July 2024, 06:38",GCash,Stream flicks at home in higher quality! Upgrade to an HD TV with 24 months easy installments. Use GGives now.,English,Benign
,"19 July 2024, 20:31",GCash,Your payment of P139.99 to Steam has been successfully processed on 07-19-24 08:31:37 PM. Ref. No. 057047528,English,Benign
,"19 July 2024, 20:02",GCash,You have received P138.60 GCash from 7eleven Kiosk w/ MSG - 2420-1045-3416. Your new balance is P162.36 07-19-24 8:02PM. Ref no. 0019284218375.,English,Benign
,"19 July 2024, 10:34",BDO,"The BDO Online app lets you bank your way! View and manage your accounts with enhanced security and convenient features. Download the BDO Online app now as the old BDO Digital Banking app will be deactivated on August 19, 2024. Just log in with your existing username and password.",English,Benign
,"18 July 2024, 21:36",SmartLoad,18-Jul 21:36: We have deducted P5.00 from your load as payment for UTANG NA LOAD you availed last 2024-07-10 14:46:58. Ref: 180944159176,English,Benign
,"18 July 2024, 21:36",TNT,Tuloy ang Saya! May 50 MB + Unli Allnet Calls and Texts ka na for 2 days with Allnet 20.,Tag-Lish,Benign
,"18 July 2024, 21:36",TNT,Stay always connected! Check your balance regularly and stay up-to-date with the latest offers via the Smart App! smrt.ph/SmartApp,English,Benign
,"18 July 2024, 21:35",TNTLOAD,1/2 18-Jul 21:35: P30 loaded to 09129094503 from XXXXXXXX7428 for 1 year. Ref:BGI5RQMMDF. Get MORE with PROMO LOAD in the Smart App!,English,Benign
,"18 July 2024, 21:35",TNTLOAD,2/2 Do it ALL with POWER ALL! Enjoy up to 30 Days of FREE TikTok + 20 GB + Unli Calls & Texts. Get it NOW at smrt.ph/SmartApp,English,Benign
,"17 July 2024, 09:01",TNT,"Kapos na ang data pero sweldo ay wala pa? Don't worry! Sa TNT UTANG NA LOAD, may 200 MB ka pang internet ngayon, at sa next top up na ang bawas! Dial *5623# now!",Tag-Lish,Benign
,"17 July 2024, 07:17",GCash,Make a fashion statement with a new bag! Purchase one at Zalora & pay lighter in installments for up to 24 months via GGives! Visit the GCash dashboard to learn more.,English,Benign
,"16 July 2024, 19:22",GCash,"Did you request to do BANK TRANSFER to BDO Unibank, Inc. account no. ending in 6177 with amount of PHP 1300.00? If not, DON'T ENTER YOUR OTP ON ANY SITE OR SEND IT TO ANYONE because IT'S A SCAM! If you requested, your OTP is 716108.",English,Benign
,"16 July 2024, 16:56",GCash,"Did you request to do BANK TRANSFER to BDO Unibank, Inc. account no. ending in 6177 with amount of PHP 1300.00? If not, DON'T ENTER YOUR OTP ON ANY SITE OR SEND IT TO ANYONE because IT'S A SCAM! If you requested, your OTP is 001011.",English,Benign
,"16 July 2024, 16:32",RD PAWNSHOP,"Hi Mr/Ms <NAME>, RDCN 09740 can be claimed at any RDPawnshop, Penbank, Villarica & TrueMoney branches. Please present valid ID. Thank you!",English,Benign
,"16 July 2024, 08:35",TNT,Laging suliting ang load bago pa ito mag-expire! Expired na ang promo? Load your fave ALLNET 20 with just a tap sa https://smrt.ph/GetSmartApp o sa suking tindahan!,Tag-Lish,Benign
,"16 July 2024, 03:56",GCash,Your payment of P799.00 to Google has been successfully processed on 07-16-24 03:56:55 AM. Ref. No. 049169119,English,Benign
,"16 July 2024, 03:56",GCash,You have successfully linked your GCash account to GOOGLE_PH.,English,Benign
,"16 July 2024, 03:55",GCash,"224542 is your authentication code. For your protection, do not share this code with anyone. yyAfcYn/qSW",English,Benign
,"16 July 2024, 03:53",GCash,"Hi! Congratulations, Account Secure ka na! You just registered your phone Realme RMX3191 with your GCash # 09129094503. If this is not you, go to the GCash Help Center and chat with Gigi.",English,Benign
,"16 July 2024, 03:51",GCash,"WAG I-SHARE ANG IYONG OTP. May bagong device na nagrequest ng access sa GCash account mo. Kung ikaw ito, ang OTP ay 643140. Kung hindi, scam yan at wag ibigay.",Tagalog,Benign
,"15 July 2024, 08:52",GOMO,"Happy payday, GOMO Fam! Wanna get more out of Shopee's 7.15 Payday Sale? Convert your 3.5GB to a P50 Shopee voucher! Just open your GOMO PH app and go to the 'Mo Creds tab to start swappin'. No advisories? Text OFF to 2686 for free.",English,Benign
,"14 July 2024, 10:19",TNT,"Landline calls ba pero tipid sa load? May ALLNET w/ LANDLINE na sa TNT! Get up to 1,000 minutes of landline calls + Unli Calls & Texts to all valid for up to 1 year! Get it on smrt.ph/SmartApp or dial *123# NOW",English,Benign
,"14 July 2024, 06:53",GCash,May dream gaming setup ka ba? Sagot ng GGives ang new consoles mo on easy installments. Level up with GGives.,Tag-Lish,Benign
,"12 July 2024, 08:20",TNT,Heto na ang BEST FREEBIE para sa'yo! Load more and subscribe to ALLNET 20 and get FREE 6 GB ALL ACCESS + UNLI ALLNET calls & texts for 1 day! Get it 'til 14-July-2024 ONLY!,English,Benign
,"11 July 2024, 18:46",,"BigWln, nanalo ka ng Prize: P39,259. Magparehistro Makakuha ng P17~Maglaro ng P50 Makakuha ng P57. Libreng P128 para sa unang deposito~ gdubw.social",Tagalog,Phishing
,"11 July 2024, 16:39",BDO,"ADVISORY: The old BDO Digital Banking app will be deactivated on August 19, 2024. Make the switch now! Download the BDO Online app and log in with your existing username and password. If you are unable to log in, tap ""Need help logging in?"" to retrieve your username or reset your password. New BDO Online users get a chance to win P3,000 Cash Credits. Promo until July 31, 2024. T&Cs apply. DTI195531.",English,Benign
,"10 July 2024, 18:51",TNT,Never run out of data. Manage your account & subscriptions with just a tap in the Smart App smrt.ph/CheckUsage,English,Benign
,"10 July 2024, 18:51",TNT,Naubos na ang Allnet Texts mo.,Tagalog,Benign
,"10 July 2024, 14:47",SmartLoad,10-Jul 14:46: UTANG NA LOAD approved. May 5 AllNet Texts ka na for 1 day. P5 will be deducted sa iyong next reload. Ref: 781055901635,English,Benign
,"10 July 2024, 12:34",TNT,"Stay connected today at mag ALL DATA 99 na dahil 2x more data ka na with 6 GB for all sites and apps, plus 6 GB all access data for free. All valid for 7 days. Subscribe to ALL DATA 99 via https://smrt.ph/GetSmartApp or dial *123#2# to subscribe.",English,Benign
,"10 July 2024, 06:57",,"Magandang Araw <NAME>, Shopee Delivery! Sa ilalim ng iyong pahintulot, mangongolekta kami ng litrato bilang Proof of Delivery. Pakihanda ang iyong bayad na 0 PHP. Gamitin ang QRPH code para sa cashless payment. [COD Unbox]: Maaaring kang mag-request i-check ang item at i-return on the spot ito kung may issue. I-check ang order details for eligibility. Pag may katanungan, i-contact ang Customer Service sa Shopee App.",Tag-Lish,Benign
,"10 July 2024, 05:45",,"Compete in GJP Casino's Bet Tournament and win up to 12,000 points! GJArena.de New members receive a 200% bonus + 3000 points. Join today!",English,Phishing
,"9 July 2024, 17:05",GCash,One more round pa! Mag-Borrow Load na! Mag-palista na walang abala para tuluy-tuloy lang ang paglalaro!,Tagalog,Benign
,"9 July 2024, 16:37",TNT,"Mag subscribe na sa ALL DATA 99 today dahil 2x all access data na ito, perfect para sa lahat ng sites and apps. Enjoy 6 GB, plus another 6 GB all access data for free, all valid for 7 days. Subscribe to ALL DATA 99 via https://smrt.ph/GetSmartApp or dial *123#2# to subscribe.",English,Benign
,"9 July 2024, 09:49",TNT,"No budget? No problem! Sa TNT UTANG NA LOAD, makakakuha ka na agad ng 200 MB pang internet, at sa next top up pa ang bawas ng P10! Dial *5623# now!",Tag-Lish,Benign
,"8 July 2024, 14:33",TNT,"Ang ALL DATA 99 ay may 2x more data na kaya mas pangmatagalan na ang access to all sites & apps. Enjoy 6 GB, plus another 6 GB all access data for free, all valid for 7 days. Subscribe to ALL DATA 99 via https://smrt.ph/GetSmartApp or dial *123#2# to subscribe.",English,Benign
,"8 July 2024, 08:51",,Nakatanggap ang iyong number ng P7748. Mag-register gamit ang number na ito at maglaro ng halagang P10 upang makuha. Sumali dito: raypop.de.,Tagalog,Phishing
,"8 July 2024, 08:45",TNT,Heto na ang BEST FREEBIE para sa'yo! Gamitin ang current load to subscribe to ALLNET 20 and get FREE 6 GB ALL ACCESS + UNLI ALLNET calls & texts for 1 day! Get it 'til 09-July-2024 ONLY!,English,Benign
,"8 July 2024, 02:26",,Rentahan ko gcash mo 2500 monthly. Extra income. PM mko a telegram kung interesado ka @gtomoney,Tag-Lish,Phishing
,"8 July 2024, 02:08",,"Long time no see, may good news ako sayo. mag-recharge ng P100 at makakuha ng P777 nang libre>>> vgsf7y7qw.nl",Tag-Lish,Phishing
,"8 July 2024, 01:49",,"Tara, EPwin! Makukuha mo ang 180% Welcome Bonus hanggang 15k pesos + 1.2% araw-araw na rebate! Mag-enjoy sa mga laro ngayon sa epicdice.de!",Tagalog,Phishing
,"7 July 2024, 15:02",TNT,"Landline calls ba pero tipid sa load? May ALLNET w/ LANDLINE na sa TNT! Get up to 1,000 minutes of landline calls + Unli Calls & Texts to all valid for up to 1 year! Get it on smrt.ph/SmartApp or dial *123# NOW",English,Benign
,"7 July 2024, 12:20",TNT,"Stay connected today at mag ALL DATA 99 na dahil 2x more data ka na with 6 GB for all sites and apps, plus 6 GB all access data for free. All valid for 7 days. Subscribe to ALL DATA 99 via https://smrt.ph/GetSmartApp or dial *123#2# to subscribe.",English,Benign
,"7 July 2024, 08:46",GOMO,"Happy 7.7, GOMO Fam! Wanna get more out of Shopee's 7.7 Mid-Year Sale? Convert your 3.5GB to a P50 Shopee voucher! Just open your GOMO PH app and go to the 'Mo Creds tab to start swappin'. No advisories? Text OFF to 2686 for free.",English,Benign
,"7 July 2024, 03:23",,"GJGames.de! This Sunday, spin the Daily Lucky Wheel and win a Samsung Galaxy S23+ 5G worth P42,999. New members get 200% bonus + P3000.",English,Phishing
,"6 July 2024, 21:38",TNT,Never run out of data. Always check your load balance and subscriptions with just a tap on smrt.ph/CheckUsage,English,Benign
,"6 July 2024, 21:38",TNT,You're trying to access sites not included in your promo OR haven't subscribed to one yet.,English,Benign
,"6 July 2024, 14:48",TNT,"Mag subscribe na sa ALL DATA 99 today dahil 2x all access data na ito, perfect para sa lahat ng sites and apps. Enjoy 6 GB, plus another 6 GB all access data for free, all valid for 7 days. Subscribe to ALL DATA 99 via https://smrt.ph/GetSmartApp or dial *123#2# to subscribe.",English,Benign
,"6 July 2024, 13:50",SMARTLoad,Get MORE Load for less with the all NEW PROMO LOAD! Buy P300 and get a total of P333 Load valid for 30 days. Get NOW at smrt.ph/SmartApp,English,Benign
,"6 July 2024, 13:50",SMARTLoad,06/07 13:50: P10.00 loaded to 09129094503 from xxxxxxxx2785 for 1 year. Ref:BG62QJ87FW. Get MORE with PROMO LOAD in the Smart App!,English,Benign
,"6 July 2024, 13:39",SmartLoad,"2/2 Para ma-check ang iyong outstanding balance, text BAL to 7676. Dial *5623# for the latest loan services.",English,Benign
,"6 July 2024, 11:02",SmartLoad,"2/2 Para ma-check ang iyong outstanding balance, text BAL to 7676. Dial *5623# for the latest loan services.",English,Benign
,"6 July 2024, 11:02",SmartLoad,1/2 06-Jul 11:01: May outstanding balance ka pa from UTANG NA LOAD. Pay your existing loan by reloading or texting PAY to 7676 para makahiram muli.,Tag-Lish,Benign
,"5 July 2024, 20:20",,"Make Friday fabulous! Claim 6,888p + 6,888p at GJP PH's Payday Blast. New members score 3000p at GJBets.de . Join the fun now!",Unknown,Phishing
,"5 July 2024, 13:10",TNT,"Ang ALL DATA 99 ay may 2x more data na kaya mas pangmatagalan na ang access to all sites & apps. Enjoy 6 GB, plus another 6 GB all access data for free, all valid for 7 days. Subscribe to ALL DATA 99 via https://smrt.ph/GetSmartApp or dial *123#2# to subscribe.",English,Benign
,"5 July 2024, 08:59",TNT,"Oras na para MAGRELOAD, KaTropa! Subscribe na muli sa fave promo mo! Load na sa smrt.ph/GetSmartApp, Maya & other e-wallets, dial *123# or sa suking tindahan!",Tagalog,Benign
,"5 July 2024, 04:43",,Congrats VIP! You've won 300% First Deposit Bonus and FREE100 FBS Bonus! Claim now before it's gone! Contact Customer Service to seize your luck! pnlkawin.de !,English,Phishing
,"5 July 2024, 00:29",GCash,"NEVER SHARE YOUR OTP OR USE IT IN ANY LINK. You are about to pay PHP 267.24 to ShopeePay. Your OTP is 401008. If you DID NOT make this request, please ignore this message.",English,Benign
,"5 July 2024, 00:18",GCash,"NEVER SHARE YOUR OTP OR USE IT IN ANY LINK. You are about to pay PHP 262.00 to Shopee Philippines Inc. Your OTP is 525451. If you DID NOT make this request, please ignore this message.",English,Benign
,"5 July 2024, 00:16",GCash,"NEVER SHARE YOUR OTP OR USE IT IN ANY LINK. You are about to pay PHP 267.24 to ShopeePay. Your OTP is 135529. If you DID NOT make this request, please ignore this message.",English,Benign
,"4 July 2024, 20:24",,May P500 credit natanggap ang number na ito! Ito ay valid lamang within 8 hrs! Magregister at maglagay ng P50 upang maclaim sa aming 24/7 CS: cowhop.de,Tag-Lish,Phishing
,"4 July 2024, 12:59",TNT,"Stay connected today at mag ALL DATA 99 na dahil 2x more data ka na with 6 GB for all sites and apps, plus 6 GB all access data for free. All valid for 7 days. Subscribe to ALL DATA 99 via https://smrt.ph/GetSmartApp or dial *123#2# to subscribe.",English,Benign
,"4 July 2024, 11:16",GCash,"NEVER SHARE YOUR OTP OR USE IT IN ANY LINK. You are about to pay PHP 267.24 to ShopeePay. Your OTP is 870895. If you DID NOT make this request, please ignore this message.",English,Benign
,"4 July 2024, 03:17",GCash,"NEVER SHARE YOUR OTP OR USE IT IN ANY LINK. You are about to pay PHP 267.24 to ShopeePay. Your OTP is 470616. If you DID NOT make this request, please ignore this message.",English,Benign
,"4 July 2024, 03:12",GCash,"NEVER SHARE YOUR OTP OR USE IT IN ANY LINK. You are about to pay PHP 262.00 to Shopee Philippines Inc. Your OTP is 272263. If you DID NOT make this request, please ignore this message.",English,Benign
,"4 July 2024, 02:54",GCash,"NEVER SHARE YOUR OTP OR USE IT IN ANY LINK. You are about to pay PHP 262.00 to Shopee Philippines Inc. Your OTP is 791009. If you DID NOT make this request, please ignore this message.",English,Benign
,"4 July 2024, 02:52",GCash,You have received P257.40 GCash from 7eleven Kiosk w/ MSG - 2418-6003-4925. Your new balance is P263.00 07-04-24 2:52AM. Ref no. 0018851939632.,English,Benign
,"3 July 2024, 16:03",PalawanPay,Suki! LIBRE na mag-CASH-IN ng ANY AMOUNT sa PalawanPay sa kahit saang Palawan Pawnshop Branch nationwide. Cash-In na!,Tagalog,Benign
,"3 July 2024, 14:48",TNT,"Mag subscribe na sa ALL DATA 99 today dahil 2x all access data na ito, perfect para sa lahat ng sites and apps. Enjoy 6 GB, plus another 6 GB all access data for free, all valid for 7 days. Subscribe to ALL DATA 99 via https://smrt.ph/GetSmartApp or dial *123#2# to subscribe.",English,Benign
,"3 July 2024, 14:34",,"Unleash the fun! Sbet VIP gives you up to 88,888p Bonus! Newbies get 3,000p Welcome Bonus + daily bonuses! Join today at SBWager.de !",English,Phishing
,"3 July 2024, 03:49",,"Compete in July's Mega Tournaments on WinningPlus! Win up to 12,000p + 3,000p bonus & an Oppo Reno 11 Pro 5G valued at 31,999p at wplaysfun.de!",Tag-Lish,Phishing
,"2 July 2024, 13:17",TNT,"Ang ALL DATA 99 ay may 2x more data na kaya mas pangmatagalan na ang access to all sites & apps. Enjoy 6 GB, plus another 6 GB all access data for free, all valid for 7 days. Subscribe to ALL DATA 99 via https://smrt.ph/GetSmartApp or dial *123#2# to subscribe.",English,Benign
,"1 July 2024, 18:27",,Nakatanggap ang iyong number ng P8714. Mag-register gamit ang number na ito at maglaro ng halagang P10 upang makuha. Sumali dito: logpaw.de,Tagalog,Phishing
,"1 July 2024, 14:04",,May P2580 credit natanggap ang number na ito! Ito ay valid lamang within 8 hrs! Magregister at maglagay ng P50 upang maclaim sa aming 24/7 CS: hipbow.de,Tag-Lish,Phishing
,"1 July 2024, 13:07",,May P2580 credit natanggap ang number na ito! Ito ay valid lamang within 8 hrs! Magregister at maglagay ng P50 upang maclaim sa aming 24/7 CS: hipbow.de,Tag-Lish,Phishing
,"1 July 2024, 12:42",TNT,"Stay connected today at mag ALL DATA 50 na dahil 2x more data ka na with 2 GB for all sites and apps, plus 2 GB all access data for free. All valid for 3 days. Subscribe to ALL DATA 50 via https://smrt.ph/GetSmartApp or dial *123#2# to subscribe.",English,Benign
,"1 July 2024, 06:18",GCash,Keep up with the latest phone trends! Get Galaxy Z Flip 5 now & pay lighter in installments for up to 24 months when you shop via GGives. Visit the GCash dashboard to learn more.,English,Benign
,"30 June 2024, 17:42",TNT,"May UNLI TikTok SAYA ka na, may up to 20% Cashback ka pa! Pwede rin sa REGULAR LOAD kaya mag-load na sa Maya, KaTropa! Dowload NA: https://official.maya.ph/3xMF/vk86la9h DTI192525",Tagalog,Benign
,"30 June 2024, 16:11",,May P2580 credit natanggap ang number na ito! Ito ay valid lamang within 8 hrs! Magregister at maglagay ng P50 upang maclaim sa aming 24/7 CS: mooncow.de,Tag-Lish,Phishing
,"30 June 2024, 14:28",TNT,"Landline calls ba pero tipid sa load? May ALLNET w/ LANDLINE na sa TNT! Get up to 1,000 minutes of landline calls + Unli Calls & Texts to all valid for up to 1 year! Get it on smrt.ph/SmartApp or dial *123# NOW",English,Benign
,"30 June 2024, 13:19",TNT,"Mag subscribe na sa ALL DATA 99 today dahil 2x all access data na ito, perfect para sa lahat ng sites and apps. Enjoy 6 GB, plus another 6 GB all access data for free, all valid for 7 days. Subscribe to ALL DATA 99 via https://smrt.ph/GetSmartApp or dial *123#2# to subscribe.",English,Benign
,"30 June 2024, 08:58",TNT,PAYDAY SALE ALERT: Last day today para mag GIGA VIDEO 120 na may EXTRA FREE 5 GB + UNLI CALLS & TEXTS! Kaya avail na via https://smrt.ph/GetSmartApp or dial *123#,Tag-Lish,Benign
,"30 June 2024, 05:03",,May P2580 credit natanggap ang number na ito! Ito ay valid lamang within 8 hrs! Magregister at maglagay ng P50 upang maclaim sa aming 24/7 CS: mixpod.de,Tag-Lish,Phishing
,"29 June 2024, 20:21",,Saturday Frenzy at WPlusSlots.de ! Secure your 999p Bonus + up to 100% first deposit bonus + 588p. Get ready to win!,English,Phishing
,"29 June 2024, 12:35",TNT,"Ang ALL DATA 99 ay may 2x more data na kaya mas pangmatagalan na ang access to all sites & apps. Enjoy 6 GB, plus another 6 GB all access data for free, all valid for 7 days. Subscribe to ALL DATA 99 via https://smrt.ph/GetSmartApp or dial *123#2# to subscribe.",English,Benign
,"28 June 2024, 20:17",GCash,"Sagot ka ng GGives this weekend! Shop back-to-school essentials at the SM Store & pay later in easy, affordable installments! On the GCash app, tap Borow > GGives to see your credit limit.",English,Benign
,"28 June 2024, 19:19",BDO Alert,"#BDOStopScam: Unsure if a transaction or login alert received via SMS/Email is legit? If it has a link, it's a SCAM! Don't click links and never share your OTP!",English,Benign
,"28 June 2024, 18:48",,"TGIF extravaganza at GJP PH! Get a 6,888p bonus and compete in our Bet Tournament. Win up to 12,000p or an Oppo Reno 11 Pro! Gojpcards.de",English,Phishing
,"28 June 2024, 18:45",,Mag-enjoy ng saya at kumuha ng 100% Welcome Bonus + 50% Live Casino Bonus hanggang 3000 pesos sa EpicWBet.de ngayon! Huwag magpahuli!,Tagalog,Phishing
,"28 June 2024, 17:53",TNT,Before the Month Ends: Kunin ang TNT's Exclusive Offer for New Maya Users! May 100% cashback pag bumili ng P100 load for yourself sa Maya. Kaya download and upgrade na: https://official.maya.ph/3xMF/SmartSignUp T&Cs apply. DTI192508,Tag-Lish,Benign
,"28 June 2024, 11:23",TNT,"Stay connected today at mag ALL DATA 99 na dahil 2x more data ka na with 6 GB for all sites and apps, plus 6 GB all access data for free. All valid for 7 days. Subscribe to ALL DATA 99 via https://smrt.ph/GetSmartApp or dial *123#2# to subscribe.",English,Benign
,"28 June 2024, 08:36",TNT,PAYDAY SALE ALERT: Mag GIGA VIDEO 120 na & get EXTRA FREE 5 GB + UNLI CALLS & TEXTS! Promo 'til 30-June-2024 lang! Avail na via https://smrt.ph/GetSmartApp or dial *123#,Tag-Lish,Benign
,"28 June 2024, 05:06",,Nakatanggap ang iyong number ng P7748. Mag-register gamit ang number na ito at maglaro ng halagang P10 upang makuha: cxbz.de,Tagalog,Phishing
,"27 June 2024, 13:21",TNT,"Mag subscribe na sa ALL DATA 99 today dahil 2x all access data na ito, perfect para sa lahat ng sites and apps. Enjoy 6 GB, plus another 6 GB all access data for free, all valid for 7 days. Subscribe to ALL DATA 99 via https://smrt.ph/GetSmartApp or dial *123#2# to subscribe.",English,Benign
,"27 June 2024, 09:01",TNT,DON'T MISS OUT: Payday Sale na ng TNT bukas! Still can't wait? May TNT promos na saktong para sa'yo ngayon! Explore https://smrt.ph/GetSmartApp or dial *123# now!,Tag-Lish,Benign
,"26 June 2024, 13:05",TNT,"Ang ALL DATA 99 ay may 2x more data na kaya mas pangmatagalan na ang access to all sites & apps. Enjoy 6 GB, plus another 6 GB all access data for free, all valid for 7 days. Subscribe to ALL DATA 99 via https://smrt.ph/GetSmartApp or dial *123#2# to subscribe.",English,Benign
,"25 June 2024, 20:57",GCash,"NEVER SHARE YOUR OTP OR USE IT IN ANY LINK. You are about to pay PHP 535.83 to Seamoney Credit. Your OTP is 802779. If you DID NOT make this request, please ignore this message.",English,Benign
,"25 June 2024, 20:18",SmartLoad,25-Jun 20:18: UTANG NA LOAD approved. May 5 AllNet Texts ka na for 1 day. P5 will be deducted sa iyong next reload. Ref: 781246611131,English,Benign
,"25 June 2024, 19:40",GCash,You have received P99.00 GCash from 7eleven Kiosk w/ MSG - 2417-7057-7763. Your new balance is P541.43 06-25-24 7:40PM. Ref no. 0018623961148.,English,Benign
,"25 June 2024, 15:47",TNT,"Stay connected today at mag ALL DATA 99 na dahil 2x more data ka na with 6 GB for all sites and apps, plus 6 GB all access data for free. All valid for 7 days. Subscribe to ALL DATA 99 via https://smrt.ph/GetSmartApp or dial *123#2# to subscribe.",English,Benign
,"25 June 2024, 15:36",BDO Deals,"Get a chance to win P3000 Cash Credits with BDO Online! Just download and log in on the app to join. Use your cash credits like real cash! For new BDO Online users only. Promo runs until July 31, 2024. T&Cs apply. DTI195531.",English,Benign
,"25 June 2024, 02:52",TNT,We hope you enjoyed your promo. Add Load NOW at smrt.ph/SmartApp! Try DOUBLE GIGA STORIES+ 130 and get up to 17 GB Data valid for 7 days!,English,Benign
,"25 June 2024, 02:52",TNT,Nag-expire na ang Shareable Data mo.,Tagalog,Benign
,"25 June 2024, 01:51",TNT,Never run out of data. Manage your account & subscriptions with just a tap in the Smart App smrt.ph/CheckUsage,English,Benign
,"25 June 2024, 01:51",TNT,May 60 mins ka na lang sa Shareable Data mo.,Tagalog,Benign
,"24 June 2024, 22:01",GCash,Your payment of P249.00 to Netflix has been successfully processed on 06-24-24 10:01:30 PM. Ref. No. 005694819,English,Benign
,"24 June 2024, 22:01",GCash,You have successfully linked your GCash account to Netflix. Enjoy easier online shopping with GCash now!,English,Benign
,"24 June 2024, 22:00",GCash,"477840 is your authentication code. For your protection, do not share this code with anyone. yyAfcYn/qSW",English,Benign
,"24 June 2024, 06:15",,May P6140 na natanggap ang number na ito! Ito ay valid lamang within 8 hrs! Maglagay ng P50 upang maclaim sa aming 24/7 CS: kqlx.uk,Tag-Lish,Phishing
,"24 June 2024, 02:51",TNT,Get MORE Load for less with the all NEW PROMO LOAD! Buy P200 and get a total of P222 Load valid for 30 days. Get NOW at smrt.ph/SmartApp,English,Benign
,"24 June 2024, 02:51",TNT,Tuloy ang Saya! May 100 MB + 100 Allnet Mins + 100 Allnet Texts ka na for 1 day with Pantawid 10.,Tag-Lish,Benign
,"24 June 2024, 02:50",TNTLOAD,2/2 Get MORE Load for less with the all NEW PROMO LOAD! Buy P300 and get a total of P333 Load valid for 30 days. Get NOW at smrt.ph/SmartApp,English,Benign
,"24 June 2024, 02:50",TNTLOAD,1/2 24-Jun 02:50: P10 loaded to 09129094503 from XXXXXXXX7428 for 1 year. Ref:BFO6PBHZBW. Get MORE with PROMO LOAD in the Smart App!,English,Benign
,"24 June 2024, 01:35",,"Spin the Daily Lucky Wheel atGojplaywild.de and win a Samsung Galaxy S23+ 5G worth P42,999! New members grab a 130% bonus up to P1000. Don't miss out!",English,Phishing
,"23 June 2024, 22:05",TNT,Never run out of data. Always check your load balance and subscriptions with just a tap on smrt.ph/CheckUsage,English,Benign
,"23 June 2024, 22:05",TNT,You're trying to access sites not included in your promo OR haven't subscribed to one yet.,English,Benign
,"23 June 2024, 20:51",TNT,May 60 mins ka na lang sa FREE UNLI TIKTOK ARAW-ARAW mo. Discover MORE promos on the GigaLife App & get MORE points to redeem FREE promos! smrt.ph/GigaLifeApp,Tag-Lish,Benign
,"23 June 2024, 19:20",TNT,"May UNLI TikTok SAYA ka na, may up to 20% Cashback ka pa! Pwede rin sa REGULAR LOAD kaya mag-load na sa Maya, KaTropa! Dowload NA: https://official.maya.ph/3xMF/vk86la9h DTI192525",Tagalog,Benign
,"23 June 2024, 15:09",,Urgent: NCAP Violation. Pay your overdue fine within 24 hours to prevent driver's license revocation. Visit ltoviolation(.)com for immediate payment.,English,Phishing
,"22 June 2024, 13:31",TNT,2x na ALL DATA 99 for only P99? LIMITED TIME lang 'to: Get 2x more data dahil may EXTRA FREE 6 GB for ALL SITES & APPS for 7 days 'pag nag load na ng ALL DATA 99 NOW! Load ALL DATA 99 na sa https://smrt.ph/GetSmartApp or dial *123#,Tag-Lish,Benign
,"22 June 2024, 12:07",GCash,"Pasukan na naman, gadget-ready ka na ba? Shop with GGives at MemoXpress for 0% interest installment payments! Visit any MemoXpress or Jr MemoXpress store nationwide to avail.",Tag-Lish,Benign
,"22 June 2024, 08:29",TNT,Payday Sale? Abangan ang exclusive promo na swak para sa'yo! Can't wait? May iba pang sulit promos just for you! Just go to https://smrt.ph/GetSmartApp or dial *123#,Tag-Lish,Benign
,"22 June 2024, 06:29",GOMO,You up for an UNSTPPBL thrift sesh at Escolta? Swap 7.5GB High Speed No Expiry Data to score cool finds and P97 off your purchase from over 19 Hub Make Lab merchants. A minimum spend of P300 is required. Swap via 'Mo Creds now! No advisories? Text OFF to 2686 for free.,English,Benign
,"22 June 2024, 04:06",Microsoft,Use verification code 724923 for Microsoft authentication.,English,Benign
,"22 June 2024, 02:35",GCash,"Did you request to do BANK TRANSFER to BDO Unibank, Inc. account no. ending in 6177 with amount of PHP 1500.00? If not, DON'T ENTER YOUR OTP ON ANY SITE OR SEND IT TO ANYONE because IT'S A SCAM! If you requested, your OTP is 769915.",English,Benign
,"21 June 2024, 22:47",GOMO,Yassss! You've successfully registered to 20GB No Expiry. You may view your promo details in the Account section of the GOMO PH app.,English,Benign
,"21 June 2024, 22:46",GCash,"NEVER SHARE YOUR OTP OR USE IT IN ANY LINK. You are about to pay PHP 259.00 to GOMO. Your OTP is 827734. If you DID NOT make this request, please ignore this message.",English,Benign
,"21 June 2024, 22:39",TNT,Shareable Data MB: 3072 Exp: 23Jun2024 09:51PM Unli Texts Exp: 23Jun2024 09:51PM,Unknown,Benign
,"21 June 2024, 22:39",TNT,21Jun10:39 PM Regular Load: P3.00 Exp: 20Jun2025 09:49PM FREE DATA MB 398.5 Exp: 23Jun2024 09:50PM FREE UNLI TIKTOK EVERY DAY Exp: 23Jun2024 09:51PM,Unknown,Benign
,"21 June 2024, 21:11",,"Jump into Friday Fever at GJPusdt.de! Earn a 6,888p Bonus and a chance to win the high-tech VIVO V30 PRO 5G. Start your weekend winning!",English,Phishing
,"21 June 2024, 16:46",TNT,"Doble ang Saya sa TNT! Bago sa Maya? May 100% cashback pag nag-download ka ng Maya, nag-upgrade, at nag-avail ng P100 load for your Maya number. Doblehin ang saya ngayon: https://official.maya.ph/3xMF/SmartSignUp T&Cs apply. DTI192508",Tag-Lish,Benign
,"21 June 2024, 07:25",,May P2580 credit ka dito na!Wag sayangin ang extra pera at kunin agad eto in 8hrs. Wag magpahuli at baka magsisi ka! Dali! bnyh.eu,Tagalog,Phishing
,"21 June 2024, 03:30",PayPal,PayPal: 425035 is your security code. Don't share your code.,English,Benign
,"20 June 2024, 22:06",TNT,Salamat KaTropa! Ito na ang FREE 3 GB for 3 days! Go to smrt.ph/GigaLifeApp or dial *123# para makakita pa ng all out sulit offers!,Tag-Lish,Benign
,"20 June 2024, 21:51",TNT,Habaan ang Saya ng TIKTOK SAYA! Get up to 30 DAYS of FREE UNLI TikTok + 20 GB + Unli Calls & Texts with TIKTOK SAYA 449. Load na at smrt.ph/SmartApp,Tag-Lish,Benign
,"20 June 2024, 21:51",TNT,Tuloy ang Saya! May FREE UNLI TikTok + 3 GB + Unli Texts ka na for 3 days with TIKTOK SAYA 50.,Tag-Lish,Benign
,"20 June 2024, 21:50",TNTLOAD,1/2 20-Jun 21:49: P50 loaded to 09129094503 from XXXXXXXX7428 for 1 year. Ref:BFK1P0ZQ9L. Get MORE with PROMO LOAD in the Smart App!,English,Benign
,"20 June 2024, 21:49",TNTLOAD,2/2 Get MORE Load for less with the all NEW PROMO LOAD! Buy P300 and get a total of P333 Load valid for 30 days. Get NOW at smrt.ph/SmartApp,English,Benign
,"20 June 2024, 18:27",,Ok,Unknown,Phishing
,"20 June 2024, 17:28",,Join the Slot Tournament now! Get 3000p FREE on sign-up + a chance to win a VIVO V30e 256GB! Don't miss out on the excitement! sbetphlucks.eu,English,Phishing
,"20 June 2024, 17:02",,Sign up now and get 3000p FREE + a chance to win a VIVO V30e 256GB! Join the Slot Tournament for your shot at winning big! sbetphbet.eu,English,Phishing
,"20 June 2024, 15:04",BDO,Use the BDO Online app to Send Money to other banks and wallets. Get a low transfer fee of only P10 via InstaPay!,English,Benign
,"20 June 2024, 11:17",TNT,Never run out of data. Always check your load balance and subscriptions with just a tap on smrt.ph/CheckUsage,English,Benign
,"20 June 2024, 11:17",TNT,You're trying to access sites not included in your promo OR haven't subscribed to one yet.,English,Benign
,"19 June 2024, 14:33",BDO Deals,"Download and log in on the BDO Online app to be one of 2,000 winners of P3,000 Cash Credits. It's that simple! Join now! T&Cs apply. DTI195531",English,Benign
,"19 June 2024, 14:14",,"88ph.so UNLIMITED FUN-MAKE YOUR DAY MOAN-HUBARAN LIVE, JAKOL LIVE-EXCLUSIVE FREE ACCESS HERE AT PHP",Unknown,Phishing
,"19 June 2024, 07:20",TNT,Never run out of data. Always check your load balance and subscriptions with just a tap on smrt.ph/CheckUsage,English,Benign
,"19 June 2024, 07:20",TNT,You're trying to access sites not included in your promo OR haven't subscribed to one yet.,English,Benign
,"18 June 2024, 21:09",,Napili ang number na ito upang manalo ng P2874! Sumali sa zxcd.eu gamit ang number na ito at maglagay ng P100 upang ma-claim sa 24/7 customer support,Tagalog,Phishing
,"18 June 2024, 14:35",GOMO,"GOMO's got you covered, honey! Looking for dates, new besties, or business connections this pride month? Get a 1-month subscription to Bumble Premium by swapping 5GB of your High Speed No Expiry Data via 'Mo Creds. Swap now! No advisories? Text OFF to 2686 for free.",English,Benign
,"18 June 2024, 10:43",TNT,"Muntik na yun, ah? Sumakto ang pag-reload mo! Tandaan na laging magpa-load! Ang REGISTERED SIMs ay pwede pa rin MADEACTIVATE kapag hindi nagpapa-load regularly! Laging i-check si Smart app https://smrt.ph/GetSmartApp or dial *123# para makita ang best offers for your load!",Tag-Lish,Benign
,"18 June 2024, 10:39",TNTLOAD,1/2 18-Jun 10:39: P5 loaded to 09129094503 from XXXXXXXX7428 for 1 year. Ref:BFI1ORT5B5. Get MORE with PROMO LOAD in the Smart App!,English,Benign
,"18 June 2024, 10:39",TNTLOAD,2/2 Get MORE Load for less with the all NEW PROMO LOAD! Buy P300 and get a total of P333 Load valid for 30 days. Get NOW at smrt.ph/SmartApp,English,Benign
,"18 June 2024, 09:03",TNT,"Ongoing rank game pero biglang naubos ang data? Gotchu fam! With TNT UTANG NA LOAD, you can get 200 MB now, pay P10 on your next top up! Dial *5623# now!",English,Benign
,"18 June 2024, 06:30",,"Magandang Araw <NAME>, Shopee Delivery! Sa ilalim ng iyong pahintulot, mangongolekta kami ng litrato bilang Proof of Delivery. Pakihanda ang iyong bayad na 0 PHP. Gamitin ang QRPH code para sa cashless payment. [COD Unbox]: Maaaring kang mag-request i-check ang item at i-return on the spot ito kung may issue. I-check ang order details for eligibility. Pag may katanungan, i-contact ang Customer Service sa Shopee App.",Tag-Lish,Benign
,"17 June 2024, 22:18",,Ikaw ay napili na makatanggap ng P6625 mula sa charm8fortune.uk! Sumali gamit ang number na ito at maglagay ng P100 upang ma-claim sa 24/7 customer support,Tagalog,Phishing
,"17 June 2024, 18:04",,"New members sign up even with free P1688 rewards,Extra 20% every day,Limited spots act now! 777cc.eu Get another P188 for downloading the app!",English,Phishing
,"17 June 2024, 15:11",GCash,You have received P198.00 GCash from 7eleven Kiosk w/ MSG - 2416-9036-6150. Your new balance is P293.43 06-17-24 3:11PM. Ref no. 0018409552617.,English,Benign
,"17 June 2024, 15:00",,"charm8fortune.uk <<< Your exclusive bonus of 5,979 pesos has been credited to your account. Don't miss this!!",English,Phishing
,"17 June 2024, 14:35",BDO Deals,"Get up to 1,000 bonus Peso Points with BDO Pay! Simply Scan to Pay to earn 2 bonus Peso Points per transaction. Promo runs from June 17 to July 31, 2024. Visit the BDO website, click Deals and search Bonus Points to learn more. T&Cs apply. DTI195469",English,Benign
,"17 June 2024, 06:56",,"GJP Monday Adventure! Win a Xiaomi 14 in our electrifying Bet Tournament at Gojpotfree.de! New player special: Grab a sensational 130% bonus + 1,000P!",English,Phishing
,"16 June 2024, 17:19",GOMO,Pop's Day sure be poppin'! Cheers to all the awesome dads out there celebrating with their equally awesome families. You deserve all the love. Happy Father's Day!,English,Benign
,"16 June 2024, 17:03",GCash,"Did you request to do BANK TRANSFER to BDO Unibank, Inc. account no. ending in 6177 with amount of PHP 2000.00? If not, DON'T ENTER YOUR OTP ON ANY SITE OR SEND IT TO ANYONE because IT'S A SCAM! If you requested, your OTP is 729918.",English,Benign
,"16 June 2024, 16:53",TNT,"May UNLI TikTok SAYA ka na, may up to 20% Cashback ka pa! Pwede rin sa REGULAR LOAD kaya mag-load na sa Maya, KaTropa! Dowload NA: https://official.maya.ph/3xMF/vk86la9h DTI192525",Tagalog,Benign
,"16 June 2024, 16:41",GCash,You have received P2101.77 GCash from 7eleven Kiosk w/ MSG - 2416-8040-5014. Your new balance is P2110.43 06-16-24 4:41PM. Ref no. 0018385379797.,English,Benign
,"16 June 2024, 16:34",RD PAWNSHOP,"Hi Mr/Ms <NAME>, RDCN 65195 can be claimed at any RDPawnshop, Penbank, Villarica & TrueMoney branches. Please present valid ID. Thank you!",English,Benign
,"16 June 2024, 08:59",,Your experience at WinningPlus! Claim a 6888p bonus! Enjoy the Sunday Special with 999p & free 588p for new members! Visit now at wpfortune.de,English,Phishing
,"16 June 2024, 05:12",,Nakuha mo ung pera?,Tagalog,Phishing
,"16 June 2024, 02:02",,Ikaw ay napili na makatanggap ng P2780 mula sa lucky8jil.ca! Sumali gamit ang number na ito at maglagay ng P100 upang ma-claim sa 24/7 customer support,Tagalog,Phishing
,"14 June 2024, 21:14",TNT,100% Cashback handog ng TNT at Maya! I-download at i-upgrade ang Maya app at bumili ng P100 load for yourself sa Maya. I-claim mo na bago pa mawala: https://official.maya.ph/3xMF/SmartSignUp T&Cs apply. Users who qualify for the promo will receive their reward within 3 business days. DTI192508,Tag-Lish,Benign
,"14 June 2024, 21:07",,"Magtungo sa kasiyahan ng Spins Rounds Challenge! Dito, may pagkakataon kang mapanalunan ang bagong Yamaha Mio Gravis! spnswow.eu !",Tagalog,Phishing
,"14 June 2024, 20:33",,"Happy Friday! Celebrate with 10% Jili + 12% Daily Bonus on SBET! Win VIVO V30e smartphone, 8GB RAM + 256GB storage and more. Visit sbetcock.eu and start winning!",English,Phishing
,"14 June 2024, 20:29",,lucky7shot.ca <-- Claim here! Nanalo ka ng P2760! Maglagay lamang ng P100 upang makuha ang panalo!,Tagalog,Phishing
,"14 June 2024, 17:47",GOMO,"GOMO got you hooked? Spread the awesome, fam! Your friends can switch to GOMO for FREE and keep their number with Mobile Number Portability (MNP). Go to the ""Get GOMO SIM"" page on the GOMO website and click ""Keep Existing Number"" to learn more. For more info on MNP, visit the Telecommunications Connectivity, Inc. (TCI) website. TCI is the joint venture company of Globe, Smart, and DITO.",English,Benign
,"14 June 2024, 13:48",,"Hi <NAME>, Shopee Delivery! With your consent, we will take a photo of the parcel as Proof of Delivery. For COD payment, please prepare 0 PHP. You may also scan a QRPH code for cashless payment. [COD Unbox]: You may request to check your items and return on the spot if there are issues. Check your order details for eligibility. For questions, please contact Customer Service on the Shopee App.",English,Benign
,"14 June 2024, 09:39",GCash,Mas kumpleto ang Father's Day celebration with Yellow Cab pizza! Celebrate now & pay later with GGives! Tap Borrow > GGives to view your available credit limit.,English,Benign
,"13 June 2024, 20:36",,phmega.uk << Claim here! Nanalo ka ng P2760! Kunin na ang inyong premyo ngayon! Bisitahin ang link na ito upang makuha ang inyong napanalunan.,Tagalog,Phishing
,"13 June 2024, 12:33",,"Sa Spins Rounds Challenge, may chance kang manalo ng Yamaha Mio Gravis. Kumuha agad ng bonus sa spnswow.eu !",Tagalog,Phishing
,"12 June 2024, 18:23",,Don't wait! Join GJPblast.eu for your chance to win a Samsung Galaxy S23+ 5G and a 130% bonus up to P1000!,English,Phishing
,"12 June 2024, 15:42",,Ikaw ang maswerteng Makatanggap ng P555 na bonus >>> lvv65a118l.uk/?0skf8hf7ah,Tagalog,Phishing
,"12 June 2024, 09:26",TNT,"Ang REGISTERED SIMs ay pwede pa rin MADEACTIVATE kapag hindi nagpapa-load regularly! MAG-LOAD na ng P60 at i-try na ang new GIGA STORIES 60! Enjoy 1 GB/day for TikTok, IG, FB, X & more + 2 GB ALL ACCESS for 3 days! Load P60 by 18-June-2024 to get EXTRA FREE 500 MB + UNLI ALLNET CALLS & TEXTS for 3 days!",Tag-Lish,Benign
,"11 June 2024, 16:10",,LBC Express We just made a delivery attempt but it was unsuccessful. You can track its real-time location here and request redelivery: lbcp.mx/Sn,English,Benign
,"11 June 2024, 10:23",TNT,"May TNT UTANG NA LOAD in case of emergencies ngayong Tag-ulan! You can get up to 200 MB now, pay P10 on your next top up! Dial *5623# now!",English,Benign
,"10 June 2024, 04:00",TNT,Never run out of data. Always check your load balance and subscriptions with just a tap on smrt.ph/CheckUsage,English,Benign
,"10 June 2024, 04:00",TNT,You're trying to access sites not included in your promo OR haven't subscribed to one yet.,English,Benign
,"10 June 2024, 02:10",,Lose yourself in the magic of the forest with Samsung Galaxy S23+ 5G! Get a 130% bonus up to P1000. Go to GJPfeast.eu and uncover hidden treasures!,English,Phishing
,"9 June 2024, 15:03",,Talo na lang lagi sa site mo? Open mo muna tong B0NUS namin para sayo. Kunin habang free kopo.live/o1,Tagalog,Phishing
,"8 June 2024, 11:43",,"J&T DELIVERY!TN: 788851353533 Rider:OCWV1 Armand Bajado,639606031191. For COD pls prepare exact amount. Photo proof of delivery is required. Thanks and be safe!",English,Benign
,"7 June 2024, 23:12",,Na refund na sa iyong account ang P1560. Mag register at maglagay ng P50 upang makuha: phclaim.uk,Tagalog,Phishing
,"7 June 2024, 18:24",TNT,NBA Finals na! Magstream ng Boston Celtics vs Dallas Mavericks sa NBA League Pass starting June 7 for only P425 per month charged from your load: smrt.ph/NBALPPreSMS,English,Benign
,"7 June 2024, 16:35",GCash,"Did you request to SEND MONEY to ME****R F.'s GCash number, 09159574804 with amount of PHP 100.00? If not, DON'T ENTER YOUR OTP ON ANY SITE OR SEND IT TO ANYONE because IT'S A SCAM! If you requested, your OTP is 410920.",English,Benign
,"7 June 2024, 16:33",GCash,"Did you request to do BANK TRANSFER to BDO Unibank, Inc. account no. ending in 6177 with amount of PHP 1000.00? If not, DON'T ENTER YOUR OTP ON ANY SITE OR SEND IT TO ANYONE because IT'S A SCAM! If you requested, your OTP is 930291.",English,Benign
,"7 June 2024, 13:02",TNT,You get FREE 3 GB + UNLI ALLNET CALLS for 3 days when you buy GIGA POWER 75 with 2 GB/day ALL ACCESS DATA + 2 GB Shareable Data! Malapit na mag-expire ang FREEBIE! Get it until 08-June-2024 ONLY!,English,Benign
,"7 June 2024, 09:31",TNT,"Hirap mag-book ng ride tapos bigla pang naubusan ng load? No worries dahil may TNT UTANG LOAD! Get 200 MB now, sa next top up na ang P10 na bawas! Dial *5623# now!",Tag-Lish,Benign
,"6 June 2024, 12:41",TNT,Pangmalakasang saya ang handog ng TNT for New Maya Users! Get 100% cashback pag bumili ng P100 load for yourself sa Maya. Kaya download and upgrade na: https://official.maya.ph/3xMF/SmartSignUp T&Cs apply. Users who qualify for the promo will receive their reward within 3 business days. DTI192508,Tag-Lish,Benign
,"6 June 2024, 02:42",,GCash: Account verification needed due to suspicious transaction. Kindly Visit: centre.is/GCashProtect to continue using our services,English,Phishing
,"4 June 2024, 22:08",,Nanalo ako ng pera tuwing tumaya ako ng 500P at nanalo ng 10K. Maaaring ito ay isang BUG. Sumali ako sa l8shj7177a.uk/?hgbc6a,Tagalog,Phishing
,"4 June 2024, 18:28",TNT,"TIMES TWO NA ANG OPEN ACCESS DATA, MGA KATROPA! May Unli TikTok ka na, na doble pa ang open access data mo sa TikTok Saya 50, 99, 149. Limited time only! Kaya load na sa inyong suking tindahan,*123#, SMART App at mga e-wallets.",Tagalog,Benign
,"3 June 2024, 12:13",TNT,Gusto naming ready ka kausapin ang Tropa! You get FREE 3 GB + UNLI ALLNET CALLS for 3 days when you buy GIGA POWER 75 with 2 GB/day ALL ACCESS DATA + 2 GB Shareable Data! Get it 'til 08-June-2024 ONLY!,English,Benign
,"3 June 2024, 07:28",,"Mag-recharge para makakuha ng 100% reward. Kung mas marami kang recharge, mas marami kang makukuha. l8shj7177a.uk/?66jsnvc",Tagalog,Phishing
,"2 June 2024, 15:18",TNT,"TIMES TWO NA ang Open Access Data. May magandang pasabog para sa'yo! Doble na ang makukuha mong Open Access data sa Doble/Double Giga Video+ at Stories+ 75 and 149. Limited time only! Kaya load na sa inyong suking tindahan,*123#, SMART App at mga e-wallets.",Tagalog,Benign
,"2 June 2024, 13:19",TNT,Never run out of data. Always check your load balance and subscriptions with just a tap on smrt.ph/CheckUsage,English,Benign
,"2 June 2024, 13:18",TNT,You're trying to access sites not included in your promo OR haven't subscribed to one yet.,English,Benign
,"1 June 2024, 19:04",TNT,"TIMES TWO NA ang Open Access Data. Surprise Introductory Sale! Get DOUBLE open access data pag nag subscribe ka sa Giga Video or Stories or Games 60 and 120. DOUBLE ang data para sa'yo, para mas masaya! Limited time only! Kaya load na sa inyong suking tindahan,*123#, SMART App at mga e-wallets.",Tag-Lish,Benign
,"1 June 2024, 18:27",GCash,"Did you request to do BANK TRANSFER to BDO Unibank, Inc. account no. ending in 6177 with amount of PHP 2500.00? If not, DON'T ENTER YOUR OTP ON ANY SITE OR SEND IT TO ANYONE because IT'S A SCAM! If you requested, your OTP is 995287.",English,Benign
,"31 May 2024, 21:05",,"BIGWIN Recharge ng P100 at makakatanggap ng 100% bonus, at 150% naman sa P500. Mas maraming recharge,mas maraming matatanggap!Link: bigwin.playwin.so",Tagalog,Phishing
,"31 May 2024, 17:32",BDO Alert,"#BDOStopScam: Scam texts and emails create panic by using alarming, false info to convince you to click a link. Don't click links. BDO will NEVER send links.",English,Benign
,"31 May 2024, 17:17",BDO Alert,"#BDOStopScam: Scam texts and emails create panic by using alarming, false info to convince you to click a link. Don't click links. BDO will NEVER send links.",English,Benign
,"31 May 2024, 16:11",,"FG777 Recharge ng P300 at makakatanggap ng 100% bonus, at 150% naman sa P500. Mas maraming recharge,mas maraming matatanggap!Link: fg4777.playwin.so",Tagalog,Phishing
,"31 May 2024, 15:45",TNT,"TIMES TWO NA ANG OPEN ACCESS DATA, MGA KATROPA! May Unli TikTok ka na, na doble pa ang open access data mo sa TikTok Saya 50, 99, 149. Limited time only! Kaya load na sa inyong suking tindahan,*123#, SMART App at mga e-wallets.",Tagalog,Benign
,"31 May 2024, 15:43",GCash,"Pwedeng i-GGives ang Shopee order mo! For COD orders delivered by SPX, scan the rider's QRPh code & select GGives as payment method. Siguraduhin na active ang iyong GGives at may available credit limit ka pa, para magamit ito.",Tag-Lish,Benign
,"31 May 2024, 15:22",,"FG777 Recharge ng P300 at makakatanggap ng 100% bonus, at 150% naman sa P500. Mas maraming recharge,mas maraming matatanggap!Link: fg4777.playwin.so",Tagalog,Phishing
,"30 May 2024, 22:35",GCash,You've got a PHP 40.00 QR voucher! Use it on your next QR purchase on GCash. Valid for 7 days. View voucher in your voucher pocket. No advisories? Tap go.gcash.com/optout,English,Benign
,"30 May 2024, 12:01",TNT,"TIMES TWO NA ang Open Access Data. Surprise Introductory Sale! Get DOUBLE open access data pag nag subscribe ka sa Giga Video or Stories or Games 60 and 120. DOUBLE ang data para sa'yo, para mas masaya! Limited time only! Kaya load na sa inyong suking tindahan,*123#, SMART App at mga e-wallets.",Tag-Lish,Benign
,"30 May 2024, 09:18",TNT,"Load at least P15 and get FREE 100 Allnet Calls + 100 Allnet Texts for 3 days FREEBIE namin ito, para sayo! Get it NOW until 02-June-2024 ONLY!",Tag-Lish,Benign
,"30 May 2024, 08:21",,Na refund na sa iyong account ang P1990 at may pa bonus pang kalakip dahil sa abala na dinanas. Check mo na ang credit mo dali! Claim na: fg.ss777b.fo,Tagalog,Phishing
,"28 May 2024, 15:24",TNT,"Sabi ni Joshua Garcia, sumama ka na sa TNT TikTok Summer Takeover! Tara na at mag-load ng TNT TIKTOK SAYA 50 para sa UNLI TIKTOK + 3 GB for ALL SITES + UNLI TEXTS TO ALL for 3 days! Load na via *123# or https://smrt.ph/TNTTikTokSaya50 DTI 192810",Tag-Lish,Benign
,"28 May 2024, 08:34",GCash,"Did you request to SEND MONEY to IN***N K*** T.'s GCash number, 09657816052 with amount of PHP 35.00? If not, DON'T ENTER YOUR OTP ON ANY SITE OR SEND IT TO ANYONE because IT'S A SCAM! If you requested, your OTP is 775016.",English,Benign
,"27 May 2024, 13:03",BDO Deals,"LAST CHANCE TO WIN A SHOPPING SPREE! Download & log in on the BDO Online app for a chance to win 3,000 Rewards Peso Points equivalent to P3,000. Use them to shop or redeem eGCs at partner merchants. For new BDO Online users only. Promo lasts until May 31, 2024. T&Cs apply. DTI191017",English,Benign
,"27 May 2024, 11:10",GLOBEATHOME,"Starting May 31, select HomeSURF promos will be discontinued. Don't worry, dahil available ang FamSURF promos to keep you connected! May shareable data ang FamSURF na pwedeng ipasa sa buong pamilya gamit ang GlobeOne app. Load na!",Tag-Lish,Benign
,"27 May 2024, 06:40",TNT,Hope you enjoyed your promo. Always check your balance and subscriptions on smrt.ph/GigaLifeApp COMING SOON: An EASIER way of registering your SIM in the App!,English,Benign
,"27 May 2024, 06:40",TNT,We hope you enjoyed your promo. Add Load NOW at smrt.ph/SmartApp! Try DOUBLE GIGA STORIES+ 130 and get up to 17 GB Data valid for 7 days!,English,Benign
,"27 May 2024, 06:40",TNT,Nag-expire na ang Unli Allnet Texts mo. Ang mga susunod na texts ay charged na to your other subscriptions or regular load.,Tag-Lish,Benign
,"27 May 2024, 06:40",TNT,Nag-expire na ang Unli Allnet Calls mo. Ang mga susunod na tawag ay charged na to your other subscriptions or regular load.,Tag-Lish,Benign
,"27 May 2024, 06:40",TNT,Nag-expire na ang Shareable Data mo.,Tagalog,Benign
,"27 May 2024, 05:56",TNT,Never run out of data. Manage your account & subscriptions with just a tap in the Smart App smrt.ph/CheckUsage,English,Benign
,"27 May 2024, 05:56",TNT,May 60 mins ka na lang sa Unli Allnet Texts mo.,Tagalog,Benign
,"27 May 2024, 05:56",TNT,May 60 mins ka na lang sa Unli Allnet Calls mo.,Tagalog,Benign
,"27 May 2024, 05:40",TNT,Never run out of data. Manage your account & subscriptions with just a tap in the Smart App smrt.ph/CheckUsage,English,Benign
,"27 May 2024, 05:40",TNT,May 60 mins ka na lang sa Shareable Data mo.,Tagalog,Benign
,"26 May 2024, 19:55",GCash,"Did you request to SEND MONEY to PR*****S JA*E T.'s GCash number, 09691865945 with amount of PHP 170.00? If not, DON'T ENTER YOUR OTP ON ANY SITE OR SEND IT TO ANYONE because IT'S A SCAM! If you requested, your OTP is 839342.",English,Benign
,"26 May 2024, 19:55",GCash,"Did you request to SEND MONEY to PR*****S JA*E T.'s GCash number, 09691865945 with amount of PHP 170.00? If not, DON'T ENTER YOUR OTP ON ANY SITE OR SEND IT TO ANYONE because IT'S A SCAM! If you requested, your OTP is 806511.",English,Benign
,"26 May 2024, 19:55",GCash,"Did you request to SEND MONEY to PR*****S JA*E T.'s GCash number, 09691865945 with amount of PHP 170.00? If not, DON'T ENTER YOUR OTP ON ANY SITE OR SEND IT TO ANYONE because IT'S A SCAM! If you requested, your OTP is 294886.",English,Benign
,"26 May 2024, 19:55",GCash,"Did you request to SEND MONEY to PR*****S JA*E T.'s GCash number, 09691865945 with amount of PHP 170.00? If not, DON'T ENTER YOUR OTP ON ANY SITE OR SEND IT TO ANYONE because IT'S A SCAM! If you requested, your OTP is 415051.",English,Benign
,"26 May 2024, 19:55",GCash,"Did you request to SEND MONEY to PR*****S JA*E T.'s GCash number, 09691865945 with amount of PHP 170.00? If not, DON'T ENTER YOUR OTP ON ANY SITE OR SEND IT TO ANYONE because IT'S A SCAM! If you requested, your OTP is 851813.",English,Benign
,"26 May 2024, 19:55",GCash,"Did you request to SEND MONEY to PR*****S JA*E T.'s GCash number, 09691865945 with amount of PHP 170.00? If not, DON'T ENTER YOUR OTP ON ANY SITE OR SEND IT TO ANYONE because IT'S A SCAM! If you requested, your OTP is 257104.",English,Benign
,"26 May 2024, 19:55",GCash,"Did you request to SEND MONEY to PR*****S JA*E T.'s GCash number, 09691865945 with amount of PHP 170.00? If not, DON'T ENTER YOUR OTP ON ANY SITE OR SEND IT TO ANYONE because IT'S A SCAM! If you requested, your OTP is 322074.",English,Benign
,"26 May 2024, 19:55",GCash,"Did you request to SEND MONEY to PR*****S JA*E T.'s GCash number, 09691865945 with amount of PHP 170.00? If not, DON'T ENTER YOUR OTP ON ANY SITE OR SEND IT TO ANYONE because IT'S A SCAM! If you requested, your OTP is 315656.",English,Benign
,"26 May 2024, 19:55",GCash,"Did you request to SEND MONEY to PR*****S JA*E T.'s GCash number, 09691865945 with amount of PHP 170.00? If not, DON'T ENTER YOUR OTP ON ANY SITE OR SEND IT TO ANYONE because IT'S A SCAM! If you requested, your OTP is 892910.",English,Benign
,"26 May 2024, 19:55",GCash,"Did you request to SEND MONEY to PR*****S JA*E T.'s GCash number, 09691865945 with amount of PHP 170.00? If not, DON'T ENTER YOUR OTP ON ANY SITE OR SEND IT TO ANYONE because IT'S A SCAM! If you requested, your OTP is 093728.",English,Benign
,"25 May 2024, 15:24",GCash,"Masyadong mabigat ba ang electric bill ngayong buwan? For a limited time only, available ang GGives for select electric billers from May 28 - June 3. Check our GGives promo page for a complete list of included billers.",English,Benign
,"23 May 2024, 12:32",RD PAWNSHOP,"Hi Mr/Ms CHRISTOPHER, RDCN 72927 can be claimed at any RDPawnshop, Penbank, Villarica & TrueMoney branches. Please present valid ID. Thank you!",English,Benign
,"23 May 2024, 11:54",GCash,"Did you request to do BANK TRANSFER to BDO Unibank, Inc. account no. ending in 6177 with amount of PHP 1000.00? If not, DON'T ENTER YOUR OTP ON ANY SITE OR SEND IT TO ANYONE because IT'S A SCAM! If you requested, your OTP is 579270.",English,Benign
,"22 May 2024, 09:47",Shopee,"Enter verification code: 369191, to activate SPayLater, valid for 15 mins. NEVER share this code with others under any circumstances. PW42aWeqbj5",English,Benign
,"22 May 2024, 04:32",Google,G-776275 is your Google verification code.,English,Benign
,"22 May 2024, 04:32",Google,G-776275 is your Google verification code.,English,Benign
,"21 May 2024, 17:36",,"Exclusive benefits are waiting for you! Get a free umbrella, T-shirt, hat, and P200 bonus! Join our Telegram: @SpinsPHLive",English,Phishing
,"21 May 2024, 14:35",BDO Deals,"Don't miss your chance to win a shopping spree! Shop and dine with 3,000 Rewards Peso Points that you can win by just downloading and logging in on the BDO Online app. Use them to shop at or redeem eGCs at merchant partners. For new BDO Online users only. Extended until May 31, 2024. T&Cs apply. DTI191017",English,Benign
,"20 May 2024, 16:59",BDO,"With BDO Pay, you can now safely withdraw or deposit at QR-enabled BDO ATMs. Download BDO Pay now to use this feature!",English,Benign
,"19 May 2024, 14:34",RD PAWNSHOP,"Hi Mr/Ms <NAME>, RDCN 76670 can be claimed at any RDPawnshop, Penbank, Villarica & TrueMoney branches. Please present valid ID. Thank you!",English,Benign
,"18 May 2024, 08:41",,"Your parcel PH2488895284320 with COD 105 PHP is out for delivery. Your rider is 09512606233. To report no attempt, please contact us at (02) 8539-4002.",English,Benign
,"17 May 2024, 23:27",,Join now to collect iPhone15pro: 5333.jl5555.ca,English,Phishing
,"16 May 2024, 16:21",GCash,"Did you request to do BANK TRANSFER to BDO Unibank, Inc. account no. ending in 6177 with amount of PHP 1000.00? If not, DON'T ENTER YOUR OTP ON ANY SITE OR SEND IT TO ANYONE because IT'S A SCAM! If you requested, your OTP is 198547.",English,Benign
,"16 May 2024, 12:30",RD PAWNSHOP,"Hi Mr/Ms <NAME>, RDCN 66202 can be claimed at any RDPawnshop, Penbank, Villarica & TrueMoney branches. Please present valid ID. Thank you!",English,Benign
,"16 May 2024, 08:23",PayPal,PayPal: 237092 is your security code. Don't share your code.,English,Benign
,"15 May 2024, 00:44",,"Oi,<NAME>! Jackpot ka na! Nakakuha ang iyong number ng 88! Bisita lang sa: mayas.la/2pq6 para sa iyong reward!",Tagalog,Phishing
,"15 May 2024, 00:29",,"<NAME>,wow! Napili ang number mo,may 188 kang ma-claim! Mag-click dito: mayas.la/4fnx para i-claim ang premyo!",Tagalog,Phishing
,"14 May 2024, 23:06",,"Wow,<NAME>,panalo ka! Ang iyong number ay napili,may 288 kang bonus! Pindutin mo ito: mayas.la/2pqi para i-claim!",Tagalog,Phishing
,"14 May 2024, 22:38",,"<NAME>,wow! Napili ang number mo,may 188 kang ma-claim! Mag-click dito: mayas.la/ryjf para i-claim ang premyo!",Tagalog,Phishing
,"14 May 2024, 22:05",,"Kabayan,<NAME>! CO777 giving away 288 para sa mga bagong salta. Grab this chance,i-tweet mo na! Bisitahin ang: mayas.la/bigc !",Tagalog,Phishing
,"14 May 2024, 19:48",,100%-150% na bonus sa unang deposito araw-araw joiu02vi.ca,Tagalog,Phishing
,"14 May 2024, 10:45",BDO Deals,"Get a chance to win 3,000 Rewards Peso Points when you download and log in on the BDO Online app. Promo extended until May 31, 2024! Promo applicable to new BDO Online users only. T&Cs apply. DTI191017",English,Benign
,"14 May 2024, 06:22",GCash,"Travel now, pay lighter! Book your flight & pay in 24 gives over 12 months with GGives. Book with zero down payment, & no credit card needed. Mag-GGives na!",English,Benign
,"13 May 2024, 22:24",,100%-150% na bonus sa unang deposito araw-araw hoi3u5x.ca,Tagalog,Phishing
,"13 May 2024, 21:02",,"Race to riches! Claim your 7,777p Free Bonus at panaloka.de Speed through the Mystery AMPAO and win 500,000p! Fast-track your fortune!",English,Phishing
,"13 May 2024, 04:12",,"Mag-recharge get 100% bonus, gamitin ang 100 para manalo ng 10k! hoi3u5x.ca",Tagalog,Phishing
,"12 May 2024, 09:45",GOMO,"Today, we celebrate the coolest women we all know. Hope you're having a blast with mom on this special day. Happy Mother's Day from GOMO!",English,Benign
,"11 May 2024, 19:19",,Limited time bnus 555! Register to receive: 5111.55665jl.ca,English,Phishing
,"11 May 2024, 02:53",,May Bonanza package! Magdeposito at makakuha ng 3 araw na libreng kredito UP to 300 p at 100% welcome bonus. Website : Ep1cwin.eu Maglaro ngayon!,Tagalog,Phishing
,"11 May 2024, 00:21",,Goodluck! ang swerte mong tao sa EPICWIN may pag asa kang manalo ng 50k sa 5 pesos na bet mo! plus VIP rewards pa! laro na website: Ep1cwin.eu maglaro ngayun!,Tagalog,Phishing
,"10 May 2024, 23:52",,Goodluck! ang swerte mong tao sa EPICWIN may pag asa kang manalo ng 50k sa 5 pesos na bet mo! plus VIP rewards pa! laro na website: Ep1cwin.eu maglaro ngayun!,Tagalog,Phishing
,"10 May 2024, 15:23",GCash,Gawing special ang Mother's Day celebration mo with GGives! Dine at Cafe Mary Grace and pay with GGives for affordable installments. Tap Borrow > GGives to learn more.,English,Benign
,"10 May 2024, 10:45",BDO Deals,"Last call to experience hassle-free payments with 5% cashback with BDO Pay. Use it at SM Supermalls, BDO Partner Merchants, or any QR Ph-ready establishment. Promo is until May 15, 2024. Download now!",English,Benign
,"9 May 2024, 06:27",,"Magandang Araw <NAME>, Shopee Delivery! Pakihanda ang iyong bayad na 241 PHP para sa COD orders. May guaranteed PHP 50 cashback ka kung ShopeePay ang gagamitin mo para magscan to pay for your COD order. Promo runs until May 8, 2024. Minimum spend PHP 200. Terms & conditions apply. Bilang bahagi rin ng aming delivery process at sa ilalim ng iyong pahintulot, kami ay mangongolekta ng litrato bilang katibayan ng pagdedeliver (Proof of Delivery). Pag may katanungan, pwede kang tumawag sa 02-8805200. Maraming salamat!",Tag-Lish,Benign
,"8 May 2024, 14:48",GCash,"Did you request to SEND MONEY to LU*****A P.'s GCash number, 09503271685 with amount of PHP 90.00? If not, DON'T ENTER YOUR OTP ON ANY SITE OR SEND IT TO ANYONE because IT'S A SCAM! If you requested, your OTP is 288240.",English,Benign
,"8 May 2024, 11:59",RD PAWNSHOP,"Hi Mr/Ms <NAME>, RDCN 47657 can be claimed at any RDPawnshop, Penbank, Villarica & TrueMoney branches. Please present valid ID. Thank you!",English,Benign
,"7 May 2024, 15:10",,GCash Alert! Please be advised that we are asking everyone to update their account to avoid deactivation. Update here: gcashcare-privacy-center.digital,English,Phishing
,"7 May 2024, 10:31",BDO,"Use the BDO Online app to Send Money to other banks and wallets and enjoy a low transfer fee of just P10 via InstaPay. Download now and get a chance to win 3,000 Peso Points! Promo runs until May 15, 2024. T&Cs apply. DTI191017",English,Benign
,"7 May 2024, 08:33",,"<NAME>, ready ka bang maging swerte? Pasok na sa s-mt.ca/g2gn at baka ikaw na ang manalo ng 177. Dali, check mo na 'to sa TG: s-mt.ca/v69h",Tagalog,Phishing
,"6 May 2024, 15:45",BDO,"Logging in to the BDO Online app is easy! If you already have the old Digital Banking app or Online Banking website account, just use your existing username and password. Trouble logging in? Retrieve your username or reset your password by tapping 'Need help logging in?'.",English,Benign
,"4 May 2024, 14:05",,"Huwag kalimutang mag-share ng 200 bonus, <NAME>! Dali, pumunta ka na dito s-mt.ca/ervbc para makuha mo.",Tagalog,Phishing
,"3 May 2024, 18:50",,PH Postal:Your package has been returned to the local post office and cannot be re-delivered due to the need to verify the recipient s identity. View postph.tw,English,Benign
,"3 May 2024, 06:28",GCash,"Upgrade your home essentials for as low as PHP 1,085 per month with GGives! Pay lighter up to 12 months, zero down payment, & no credit card needed.",English,Benign
,"2 May 2024, 18:51",,"<NAME>maraming games na pwede mong manalo, 57+200 na bonus handa na sa iyong account sa s-mt.ca/rbyw",Tagalog,Phishing
,"2 May 2024, 15:57",GCash,"Did you request to do BANK TRANSFER to BDO Unibank, Inc. account no. ending in 6177 with amount of PHP 1000.00? If not, DON'T ENTER YOUR OTP ON ANY SITE OR SEND IT TO ANYONE because IT'S A SCAM! If you requested, your OTP is 946322.",English,Benign
,"2 May 2024, 15:56",GCash,"Did you request to do BANK TRANSFER to BDO Unibank, Inc. account no. ending in 6177 with amount of PHP 1000.00? If not, DON'T ENTER YOUR OTP ON ANY SITE OR SEND IT TO ANYONE because IT'S A SCAM! If you requested, your OTP is 879856.",English,Benign
,"2 May 2024, 09:50",,"Good day from GCash, Please be advised that we are asking everyone to verify their account to avoid deactivation tomorrow. Verify here: kol.vin/4g-Gcash",English,Phishing
,"1 May 2024, 21:01",,[Epicwin]: Navigate your way to riches with EpicWin's Daily Cashback! Get up to 5000p Slot Welcome Bonus! Trusted Website: EpicWph.eu Play Now!,English,Phishing
,"1 May 2024, 16:20",GCash,You have received P1100.88 GCash from 7eleven Kiosk w/ MSG - 2412-2046-1950. Your new balance is P1111.66 05-01-24 4:20PM. Ref no. 0017163435063.,English,Benign
,"1 May 2024, 11:54",,"Good day from GCash, Please be advised that we are asking everyone to verify their account to avoid deactivation tomorrow. Verify here: kol.vin/4g-Gcash",English,Phishing
,"1 May 2024, 11:35",,"<NAME>,Mag-login ngayon sa s-mt.ca/v7gu , <NAME>! Bibigyan ka agad ng 200, at bawat araw may tsansa kang manalo ng 577 sa P10 lang.",Tagalog,Phishing
,"30 April 2024, 18:15",,"Transform your payday with GoJackpot! Claim 6,888p bonus today! GoJpot.eu Dreaming of the Samsung Galaxy S23+? Spin now for your chance to win it!",English,Phishing
,"30 April 2024, 15:01",BDO Deals,"Take control of your accounts and get a chance to win 3k Rewards Peso Points! Just download and log in on the BDO Online app. Promo applicable to new BDO Online users only. Runs until May 15, 2024 only. T&Cs apply. DTI191017",English,Benign
,"30 April 2024, 10:34",GOMO,"Last chance to score a FREE gift, fam! Just buy 30GB No Expiry Data for P399 on the GOMO PH app. Promo ends today (April 30, 2024). Valid for selected GOMO users only. The free gift will be sent within 15 days after the end of the promo period. No advisories? Text OFF to 2686 for free.",English,Benign
,"29 April 2024, 16:38",,The Payday Bonanza is almost here! Claim Your 999p Bonus Tomorrow! WinPlusNa.eu Spin for the chance to win a Xiaomi 14! Get 588p + 388p Bonus!,English,Phishing
,"29 April 2024, 14:10",GOMO,Yassss! You've successfully purchased 20GB No Expiry. P259.00 has been charged to your account. You may view your purchase history through the My Account section of the GOMO PH App.,English,Benign
,"29 April 2024, 14:09",GCash,"699472 is your authentication code. For your protection, do not share this code with anyone. yyAfcYn/qSW",English,Benign
,"29 April 2024, 13:54",GCash,You have received P200.00 GCash from ECPay w/ MSG - Success. Your new balance is P239.78 04-29-24 1:54PM. Ref no. 0017103994397.,English,Benign
,"28 April 2024, 03:09",,"Take home a Xiaomi TV A Pro 55"" by playing in the Slots Tournament! GoJackswins.eu New members enjoy a free 1,000p + 177p bonus!",English,Phishing
,"27 April 2024, 14:49",RD PAWNSHOP,"Hi Mr/Ms <NAME>, RDCN 75829 can be claimed at any RDPawnshop, Penbank, Villarica & TrueMoney branches. Please present valid ID. Thank you!",English,Benign
,"26 April 2024, 18:41",BDO Alert,"#BDOStopScam: Your OTP authenticates your online banking login and transactions. Never share it with anyone, not even to people claiming to be bank employees.",English,Benign
,"26 April 2024, 07:35",GCash,Add new books to your growing collection! Use GGives to pay even with no credit card. Shop with GGives now!,English,Benign
,"25 April 2024, 20:12",,"[Epicwin]: Keep the fun going with EpicWin's Daily Cashback! Trusted Website: EpicWinsph1.eu Claim your Slot Welcome Bonus up to 5,000p today!",English,Phishing
,"23 April 2024, 21:16",,"May libreng 100 pesos para sa mga Boss! Kumpletuhin ang pagrehistro! spinsnow.eu Mag-Enjoy sa Spins, bawat laro ay may mga bonus! Mag-sign up na!",Tagalog,Phishing
,"23 April 2024, 16:38",BDO Deals,"Get a chance to win 3,000 Rewards Peso Points when you download and log in on the BDO Online app. Promo applicable to new BDO Online users only. Runs until May 15, 2024. T&Cs apply. DTI191017",English,Benign
,"23 April 2024, 14:21",,"I-double mo na ang saya at panalo mo.100% deposit bonus,naghihintay sayo. 1q2w3e8.ca",Tagalog,Phishing
,"23 April 2024, 07:24",GCash,Ito na hanap mong sulit way to pay! Sagot namin ang 0% interest installments in select stores. Shop with GGives now.,Tag-Lish,Benign
,"22 April 2024, 17:48",GOMO,"Nothing is more awesome than keeping our planet safe for future generations. This Earth Day, let's continue doing our part in recycling, reducing waste, and conserving water and energy. It's the coolest thing you can do, GOMO Fam!",English,Benign
,"22 April 2024, 13:31",GOMO,"A message from GOMO and the Credit Card Association of the Philippines: Watch out for unsolicited text messages with website links asking for your bank account details and One-Time Password (OTP). Never engage or respond to these messages. These are fraudulent texts sent via spoofing, where fraudsters impersonate sender IDs of phone companies, banks, and government agencies. Let's all be vigilant. #FightBudol",English,Benign
,"22 April 2024, 13:25",RD PAWNSHOP,"Hi Mr/Ms <NAME>, RDCN 74615 can be claimed at any RDPawnshop, Penbank, Villarica & TrueMoney branches. Please present valid ID. Thank you!",English,Benign
,"22 April 2024, 13:10",,"Doblehin naten ang deposit mo ! Dito lamang sa PanaloKa! 2,000p mo ay magiging 4,000p ! Panalokawins.eu Claim your 300% FIRST BONUS! sign up now",Tag-Lish,Phishing
,"22 April 2024, 09:31",GOMO,"Want a FREE gift? Buy 30GB No Expiry Data for P399 on the GOMO PH app until April 30, 2024 to get a surprise freebie! Valid for selected GOMO users only. The free gift will be sent within 15 days after the end of the promo period. No advisories? Text OFF to 2686 for free.",English,Benign
,"21 April 2024, 12:54",,"2.Big wins, small bets! 100 pesos becomes 50K in GPLAY Dare to win at 1q2w3e7.ca",English,Phishing
,"20 April 2024, 16:18",RD PAWNSHOP,"Hi Mr/Ms <NAME>, RDCN 62637 can be claimed at any RDPawnshop, Penbank, Villarica & TrueMoney branches. Please present valid ID. Thank you!",English,Benign
,"19 April 2024, 21:37",,APP download reward P18Promotion details: URL: lvjili.eu New members get a free P18 download bonus and can claim up to PHP 777P,English,Phishing
,"19 April 2024, 13:39",,"1.I-double mo na ang saya at panalo mo.100% deposit bonus,naghihintay sayo. 1q2w3e7.ca",Tagalog,Phishing
,"19 April 2024, 12:34",,"1.Mag-recharge get 100% bonus, gamitin ang 100 para manalo ng 10k! 1q2w3e7.ca",Tagalog,Phishing
,"18 April 2024, 23:56",,"PHLPOST Mail that requires your signature has been returned to your local post office, to arrange re-delivery please visit phlurs.tw",English,Phishing
,"18 April 2024, 14:19",BDO,"Manage your Debit Cards with the BDO Online app! Lock or Unlock your cards and Set Daily Card Limits anytime! Download and log in now and get a chance to win 3,000 Rewards Peso Points! Until May 15 only. T&Cs apply. DTI191017",English,Benign
,"18 April 2024, 13:58",,Double your funds at fun sa gaming with our unbeatable 100% bonus na may free red envelope. luck45.eu/7v4m,Tag-Lish,Phishing
,"18 April 2024, 13:58",,Double your funds at fun sa gaming with our unbeatable 100% bonus na may free red envelope. luck45.eu/7v4m,Tag-Lish,Phishing
,"18 April 2024, 05:58",,"Ready Exciting Weekend at Sbet! Enjoy 200% Deposit Bonus With Free 3,000p! Sbetwin.eu Win Big Now from Weekend Special Prize Pool & Get Up to 22% Extra Bonus",Tag-Lish,Phishing
,"18 April 2024, 01:48",,[Epicwin]: Sumali sa amin at tangkilikin ang limitadong 100% BONUS Trusted website : Epicwins2.eu Magdeposito at makakuha ng 100% at ibang BONUS araw-araw,Tagalog,Phishing
,"17 April 2024, 04:20",,"2.Magdeposito ng 100P, makakuha ng 100P na libre 1q2w3e6.ca",Tagalog,Phishing
,"16 April 2024, 22:43",,"Join WinningPlus now for a 100% bonus + 7% daily bonus, up to 60,00 bonus! Don't miss out on your chance to win big! Winplusph1.eu",English,Phishing
,"16 April 2024, 22:26",,Mga boss. Meron tayong libreng 100 piso na ipamimigay! spins88.eu,Tagalog,Phishing
,"16 April 2024, 20:55",,"1.Mag-recharge get 100% bonus, gamitin ang 100 para manalo ng 10k! 1q2w3e6.ca",Tagalog,Phishing
,"16 April 2024, 19:00",GCash,"Hi! Congratulations, Account Secure ka na! You just registered your phone Realme RMX3191 with your GCash # 09129094503. If this is not you, go to the GCash Help Center and chat with Gigi.",English,Benign
,"16 April 2024, 18:59",GCash,"WAG I-SHARE ANG IYONG OTP. May bagong device na nagrequest ng access sa GCash account mo. Kung ikaw ito, ang OTP ay 958088. Kung hindi, scam yan at wag ibigay.",Tagalog,Benign
,"16 April 2024, 13:45",,b9k.co.za Mag-recharge ng 100P. Magbahagi ng 500K pulang sobre araw-araw;,Tagalog,Phishing
,"15 April 2024, 22:27",BDO Alert,#BDOStopScam: Mag-ingat sa scam texts at emails na may link. Hindi magpapadala ang BDO ng link sa text o email. 'Wag I-click ang link. 'Wag ibigay ang OTP!,Tag-Lish,Benign
,"15 April 2024, 19:00",BDO,"Download and log in on the BDO Online app for a chance to be one of 1,500 winners of 3,000 Rewards Peso Points! Use them to shop or redeem eGCs from a wide selection of merchant partners. 1 Peso Point is equal to Php1. Promo runs from April 15 to May 15, 2024. Applicable to new BDO Online users only. For promo details, visit the BDO website, click Deals and search BDO Online. T&Cs apply. DTI191017",English,Benign
,"15 April 2024, 14:31",BDO Deals,"Discover hassle-free payments and enjoy 5% cashback with BDO Pay. Use it at SM Supermalls, BDO Partner Merchants, or any QR Ph-ready establishment. Promo is extended to May 15, 2024. Download now!",English,Benign
,"15 April 2024, 10:44",GCash,"Get work-from-home essentials for as low as PHP 4,130/month with GGives! Pay lighter with 0% down payment. Go to your GCash app and tap GGives to learn more!",English,Benign
,"14 April 2024, 06:32",GCash,"Get work-from-home essentials for as low as PHP 4,130/month with GGives! Pay lighter with 0% down payment. Go to your GCash app and tap GGives to learn more!",English,Benign
,"13 April 2024, 06:54",MoviderPH,"Dear <NAME>, Your parcel number PH244073474795Y has been out for delivery. Please prepare exact amount if the order is COD",English,Benign
,"13 April 2024, 06:30",GCash,"Get work-from-home essentials for as low as PHP 4,130/month with GGives! Pay lighter with 0% down payment. Go to your GCash app and tap GGives to learn more!",English,Benign
,"12 April 2024, 16:34",RD PAWNSHOP,"Hi Mr/Ms <NAME>, RDCN 70538 can be claimed at any RDPawnshop, Penbank, Villarica & TrueMoney branches. Please present valid ID. Thank you!",English,Benign
,"12 April 2024, 11:19",SMARTLoad,Get MORE Load for less with the all NEW PROMO LOAD! Buy P300 and get a total of P333 Load valid for 30 days. Get NOW at smrt.ph/SmartApp,English,Benign
,"12 April 2024, 11:19",SMARTLoad,12/04 11:19: P15.00 loaded to 09129094503 from xxxxxxxx2785 for 1 year. Ref:BDC5I1LM9J. Get MORE with PROMO LOAD in the Smart App!,English,Benign
,"12 April 2024, 09:47",,"y2wt.nz/5Sb5 Sa 200% bonus, bawat deposit mo, puno ng possibilities!",Tagalog,Phishing
,"12 April 2024, 06:12",,"<NAME>. [SVIP]Solo offer mo 'to: Depo 300, siguradong may 200 ka. Agapan mo! s-mt.ca/g8ty",Tagalog,Phishing
,"12 April 2024, 01:57",,"3.Big wins, small bets! 100 pesos becomes 50K in GPLAY Dare to win at 1q2w3e4.ca",English,Phishing
,"12 April 2024, 00:24",,qltp.de/ndpY I-unleash ang full potential ng iyong gaming with our 200% deposit bonus.,Tag-Lish,Phishing
,"11 April 2024, 22:02",,[Epicwin]: Sumali sa amin at tangkilikin ang limitadong 100% BONUS Trusted website : epicwins1.eu Magdeposito at makakuha ng 100% at ibang BONUS araw-araw,Tagalog,Phishing
,"11 April 2024, 14:58",,[Epicwin]: Sumali sa amin at tangkilikin ang limitadong 100% BONUS Trusted website : epicwins1.eu Magdeposito at makakuha ng 100% at ibang BONUS araw-araw,Tagalog,Phishing
,"11 April 2024, 09:52",Microsoft,Microsoft access code: 0326,English,Benign
,"10 April 2024, 21:29",,Ready for non-stop excitement? Join now to claim your 1177p Welcome Bonus & compete for a chance to win a SAMSUNG GALAXY S23+ in Slots Tournament! GoJackpot2.eu,English,Phishing
,"10 April 2024, 12:54",,<NAME>. Ipagdiwang ang anibersaryo ng SVIP! Magdeposito ng 500 at makuha ang 300 na bonus. Sumali na: s-mt.ca/4fmu,Tagalog,Phishing
,"10 April 2024, 11:34",,"b9k.co.za Magdeposito ng 100P, makakuha ng 117P na libre, 1X turnover 9",Tagalog,Phishing
,"10 April 2024, 03:20",,"Congratulations from GCash! You have received P10,000 reward from GCash! Claim your cash by clicking the link below. Claim your reward here at shorten.tv/GCashPromos Thank you for using always GCash App!",English,Phishing
,"9 April 2024, 08:44",,"You can get a commission of ₱77,777 per day. Come with me, I will give you ₱7777 right now play92.de/Dp9J",English,Phishing
,"8 April 2024, 19:38",,"Congratulations from GCash! You have received P10,000 reward from GCash! Claim your cash by clicking the link below. Claim your reward here at shorten.tv/GCashPromos Thank you for using always GCash App!",English,Phishing
,"8 April 2024, 19:10",,"Get April's top offer at GoJackpot! Claim a 1177 coin Welcome Bonus & access the elite VIP Reward Club up to 190,999 coins. Join now at GoJackpot1.eu",English,Phishing
,"8 April 2024, 13:41",,Banco De Oro: Account verification needed due to suspicious transaction. Kindly Visit: titan.is/BDOOnlineDigital to continue using our services,English,Phishing
,"8 April 2024, 08:49",MoviderPH,"Dear <NAME>, Your parcel number PH2431027587062 has been out for delivery. Please prepare exact amount if the order is COD",English,Benign
,"8 April 2024, 07:18",GCash,"Watch more with Giga Video 50, with 1GB Daily Data + 1GB For Any App + Unli AllNet Texts for 3 Days! Go to your GCash dashboard and tap Load to start today!",English,Benign
,"8 April 2024, 05:02",,₱7777 FREE signup bonus! Join: cash70.tw/nGcHh,Tagalog,Phishing
,"8 April 2024, 04:00",,Mga boss. Meron tayong libreng 100 piso na ipamimigay! spin77.eu,Tagalog,Phishing
,"8 April 2024, 03:47",,Mga boss. Meron tayong libreng 100 piso na ipamimigay! spin77.eu,Tagalog,Phishing
,"7 April 2024, 19:56",,"4.Mag-recharge get 100% bonus, gamitin ang 100 para manalo ng 10k! 1q2w3e1.ca",Tagalog,Phishing
,"7 April 2024, 07:06",GCash,"Watch more with Giga Video 50, with 1GB Daily Data + 1GB For Any App + Unli AllNet Texts for 3 Days! Go to your GCash dashboard and tap Load to start today!",English,Benign
,"7 April 2024, 06:41",,[Epicwin]: Sumali sa amin at tangkilikin ang limitadong 100% BONUS Trusted website : Epicwinph.eu Magdeposito at makakuha ng 100% at ibang BONUS araw-araw,Tagalog,Phishing
,"7 April 2024, 06:23",,[Epicwin]: Sumali sa amin at tangkilikin ang limitadong 100% BONUS Trusted website : Epicwinph.eu Magdeposito at makakuha ng 100% at ibang BONUS araw-araw,Tagalog,Phishing
,"6 April 2024, 22:50",,1000% Luck bonus on ₱1000 balance. Register: bonus10.tw/MSw3,Tag-Lish,Phishing
,"6 April 2024, 20:15",SMARTLoad,Get MORE Load for less with the all NEW PROMO LOAD! Buy P300 and get a total of P333 Load valid for 30 days. Get NOW at smrt.ph/SmartApp,English,Benign
,"6 April 2024, 20:15",SMARTLoad,06/04 20:15: P50.00 loaded to 09129094503 from xxxxxxxx4921 for 1 year. Ref:BD61HHG9FR. Get MORE with PROMO LOAD in the Smart App!,English,Benign
,"6 April 2024, 17:47",,"T.G.I.S. on WinningPlus! Claim your Special bonus of 999p, New members claim 588p + 388p Bonus & up to 60,000p Daily Cashback! WINPLUS: WinPlusph.eu",English,Phishing
,"6 April 2024, 16:55",,"<NAME>. Aloha! Huwag palampasin ang SVIP promo, 500 deposit, 300 regalo. sm77.ca/ertr8",Tagalog,Phishing
,"6 April 2024, 07:19",GCash,"Get work-from-home essentials for as low as PHP 4,130/month with GGives! Pay lighter with 0% down payment. Go to your GCash app and tap GGives to learn more!",English,Benign
,"6 April 2024, 07:02",MoviderPH,"Dear <NAME>, Your parcel number PH2431027587062 has been out for delivery. Please prepare exact amount if the order is COD",English,Benign
,"6 April 2024, 05:33",,"4.Mag-recharge get 100% bonus, gamitin ang 100 para manalo ng 10k! 1q2w3e1.ca",Tagalog,Phishing
,"6 April 2024, 01:56",,Use 945344 for two-factor authentication on Facebook.,English,Benign
,"5 April 2024, 23:58",,Use 602202 for two-factor authentication on Facebook.,English,Benign
,"5 April 2024, 18:10",,1000% Luck bonus on ₱1000 balance. Register: pin16.tw/1t5U,Tag-Lish,Phishing
,"5 April 2024, 18:10",,1000% Luck bonus on ₱1000 balance. Register: pin16.tw/1t5U,Tag-Lish,Phishing
,"5 April 2024, 10:34",RD PAWNSHOP,"Hi Mr/Ms <NAME>, RDCN 79715 can be claimed at any RDPawnshop, Penbank, Villarica & TrueMoney branches. Please present valid ID. Thank you!",English,Benign
,"5 April 2024, 05:51",,"Magdeposito ng 100P, makakuha ng 117P na libre, 1X turnover 17s7.ca",Tagalog,Phishing
,"5 April 2024, 05:46",,"April's best offer is here! Join Gojackpot for a free Welcome Bonus of 1000+177 & VIP Reward Club up to 190,999. Sign up now for exciting wins GoJackpot.eu",English,Phishing
,"4 April 2024, 21:36",,"Magparehistro para sa libreng ₱7777, tumaya: win36.tw/dxtQF",Tagalog,Phishing
,"4 April 2024, 21:05",,1000% Luck bonus on ₱1000 balance. Register: jack94.tw/iWAp,Tag-Lish,Phishing
,"4 April 2024, 18:47",,1000% Luck bonus on ₱1000 balance. Register: jack94.tw/fiH,Tag-Lish,Phishing
,"4 April 2024, 17:30",,"Magparehistro para sa libreng ₱7777, tumaya: coin10.tw/zDT",Tagalog,Phishing
,"4 April 2024, 16:00",,"Magdeposito ng 100P, makakuha ng 117P na libre, 1X turnover lmy.de/nOMP",Tagalog,Phishing
,"4 April 2024, 13:05",GLOBEATHOME,"Handa na bang mag-LEVEL UP with Globe At Home Prepaid WiFi? Starting April 11, ang HomeSURF mo ay FamSURF na! Ang FamSURF ay may shareable data na pwedeng ipasa sa buong pamilya gamit ang GlobeOne app. Load na!",Tagalog,Benign
,"4 April 2024, 09:09",,1000% Luck bonus on ₱1000 balance. Register: pin48.tw/xZO,Tag-Lish,Phishing
,"4 April 2024, 08:57",,"3.I-double mo na ang saya at panalo mo.100% deposit bonus,naghihintay sayo. 1q2w3e0.ca",Tagalog,Phishing
,"3 April 2024, 22:12",,"Libreng 100P event! Mag-register na ngayon! Enjoy ka sa Spins, bawat laro may bonus! 777sp.tw",Tagalog,Phishing
,"3 April 2024, 18:17",,"Magparehistro para sa libreng ₱7777, tumaya: luck95.tw/kJFKHi",Tagalog,Phishing
,"3 April 2024, 16:40",,"April's best offer is here! Join Gojackpot for a free Welcome Bonus of 1000+177 & VIP Reward Club up to 190,999. Sign up now for exciting wins Gojackpot.cfd",English,Phishing
,"3 April 2024, 13:00",BDO Deals,"Don't miss out on your chance to get up to P1,000 cashback when you use BDO Pay for your QR payments. Download the BDO Pay app now! Promo runs until April 15, 2024. T&Cs apply. DTI1184337",English,Benign
,"3 April 2024, 07:57",,"Magparehistro para sa libreng ₱7777, tumaya: lucky4.auction/N6TV1zlt",Tagalog,Phishing
,"3 April 2024, 05:06",,"Big wins, small bets! 20 pesos becomes 100K in 177bet Dare to win at sji1.buzz",English,Phishing
,"3 April 2024, 03:15",,"Download APP to get FREE rewards 50P,100% first deposit bonus,Uncapped 1.0% Bonus Per Deposit,join:pub11.buzz",English,Phishing
,"3 April 2024, 03:07",,"Dumoble ang deposit ! Dito lamang sa PanaloKa! 2,000 mo ay magiging 4,000! Claim your 300% FIRST BONUS! Panaloka.buzz",Tagalog,Phishing
,"3 April 2024, 02:57",,"Magparehistro para sa libreng ₱7777, tumaya: luck6.auction/kJFKHi",Tagalog,Phishing
,"3 April 2024, 02:35",,"Download APP to get FREE rewards 50P,100% first deposit bonus,Uncapped 1.0% Bonus Per Deposit,join:pub11.buzz",English,Phishing
,"3 April 2024, 02:17",,"Dumoble ang deposit ! Dito lamang sa PanaloKa! 2,000 mo ay magiging 4,000! Claim your 300% FIRST BONUS! Panaloka.buzz",Tagalog,Phishing
,"3 April 2024, 01:52",,"Magparehistro para sa libreng ₱7777, tumaya: slots4.auction/kJFKHi",Tagalog,Phishing
,"2 April 2024, 23:03",,"Magparehistro para sa libreng ₱7777, tumaya: luck4.auction/jNUcXlZ9",Tagalog,Phishing
,"2 April 2024, 20:19",,"Download APP to get FREE rewards 50P,100% first deposit bonus,Uncapped 1.0% Bonus Per Deposit,join:pub11.buzz",English,Phishing
,"2 April 2024, 16:22",,"<NAME>. Lucky anniv! 500 in, grab your 300 reward. Go for it! ph77.buzz/ucj9",English,Phishing
,"2 April 2024, 15:17",GLOBEATHOME,"FLASH DEAL! Aduna kay P500 OFF sa UNLI internet gikan March 29 hangtud April 4 lang! Kaya Mo Now ang GFiber Prepaid nga walay monthly bills ug reloadable pa! Magpa-linya na! I-search ang ""Globe Fiber Prepaid"" gamit ang browser at mag-apply sa Globe Fiber Prepaid website. Subject to serviceability checking. DTI Fair Trade Permit No. FTEB-189925 Series of 2024. No advisories? Text OFF to 2686 for free.",Tag-Lish,Benign
,"1 April 2024, 21:46",SMARTLoad,Get MORE Load for less with the all NEW PROMO LOAD! Buy P300 and get a total of P333 Load valid for 30 days. Get NOW at smrt.ph/SmartApp,English,Benign
,"1 April 2024, 21:46",SMARTLoad,01/04 21:46: P60.00 loaded to 09129094503 from xxxxxxxx2785 for 1 year. Ref:BD18GZ7X6G. Get MORE with PROMO LOAD in the Smart App!,English,Benign
,"1 April 2024, 19:34",,"Magparehistro para sa libreng ₱7777, tumaya: slots3.auction/Hz8PPCx",Tagalog,Phishing
,"1 April 2024, 16:44",GOMO,NEVER SHARE YOUR ONE-TIME PIN. Your GOMO OTP is: 198876,English,Benign
,"1 April 2024, 16:21",,Use 453344 for two-factor authentication on Facebook.,English,Benign
,"1 April 2024, 02:37",,"Magparehistro para sa libreng ₱7777, tumaya: lucky9.auction/MonlD",Tagalog,Phishing
,"1 April 2024, 01:49",,Payday Blast is here! Claim your 6888p Bonus & Chance to win a Samsung UHD worth 29999p. New players get free Welcome Bonus of 1000p+177p at GoJackpotph15.icu,English,Benign
,"31 March 2024, 04:20",,"17v7wr.bid I-double mo na ang saya at panalo mo.100% deposit bonus,naghihintay sayo.",Tagalog,Phishing
,"30 March 2024, 13:21",,"Dumoble ang deposit ! Dito lamang sa PanaloKa! 2,000 mo ay magiging 4,000! Claim your 300% FIRST BONUS! PanaloKa.tv",Tagalog,Phishing
,"29 March 2024, 21:01",,"Limited bonus and Red envelope giveaway only at JILI747, Have 3 Chances to Win up to PHP 1,000 ! Today at 6 pm, 8 pm and 10 pm. Come get yours now! jili747e.tv",English,Phishing
,"29 March 2024, 19:18",,"Download APP to get FREE rewards 50P,100% first deposit bonus,Uncapped 1.0% Bonus Per Deposit,join:pub11.tv",English,Phishing
,"29 March 2024, 05:45",,Nag paulan ng $catter 50k panalo sa 5₱ na win spinsxyz.tv,Tagalog,Phishing
,"29 March 2024, 04:04",,Celebrate TGIF at GJP! Join the Holy Week tournament and win a Samsung UHD UA50 + 6888p BONUS! New members get 1000 Free bonus. Join now at GoJackpotph14.icu,English,Benign
,"28 March 2024, 23:52",SMARTLoad,Get MORE Load for less with the all NEW PROMO LOAD! Buy P300 and get a total of P333 Load valid for 30 days. Get NOW at smrt.ph/SmartApp,English,Benign
,"28 March 2024, 23:52",SMARTLoad,28/03 23:52: P50.00 loaded to 09129094503 from xxxxxxxx2785 for 1 year. Ref:BCS5GLC4UH. Get MORE with PROMO LOAD in the Smart App!,English,Benign
,"28 March 2024, 23:32",,"Magdeposito sa BW777 at makakuha ng 5% na bonus, at maaari ka ring makakuha ng isang iphone15 77ph7.tv/27MS04",Tagalog,Phishing
,"28 March 2024, 20:38",,[Epicwin]: Sumali sa amin at tangkilikin ang limitadong 100% BONUS Trusted website : EpicWinph5.icu Magdeposito at makakuha ng 100% at ibang BONUS araw-araw,Tagalog,Phishing
,"28 March 2024, 18:58",,"Magparehistro para makakuha ng 777, tumaya araw-araw at makatanggap ng cash red envelope: acerush.tv/fqF",Tagalog,Phishing
,"28 March 2024, 00:42",,"Magparehistro para makakuha ng 777, tumaya araw-araw at makatanggap ng cash red envelope: slotjoy.tv/doYCHdIv",Tagalog,Phishing
,"27 March 2024, 23:39",,"Experience the thrill at SBET! Slots Tournament is now open! Have chance to win VIVOX30, New members get up to 3,000p bonus. Signup now and Win Big! sbet1.icu",English,Phishing
,"27 March 2024, 23:15",,Use 635883 for two-factor authentication on Facebook.,English,Benign
,"27 March 2024, 22:32",,Use 067352 for two-factor authentication on Facebook.,English,Benign
,"27 March 2024, 19:51",BDO Alert,#BDOStopScam: Ang OTP ay parang PIN ng ATM card mo. Para sa 'yo lang 'to at hindi dapat ibigay sa iba. Tandaan: scammer lang ang hihingi ng OTP mo.,Tagalog,Benign
,"27 March 2024, 16:46",GOMO,"Hey, GOMO Fam! May the coming Holy Week give you time to reflect and be with your loved ones. Wherever you plan on spending your break, always be worry-free with No Expiry Dataaaa. Just check the GOMO PH app for the latest promo offers. Take care, Fam!",English,Benign
,"27 March 2024, 13:20",,"Only agency policy on the market! no valid customers required,50% single-level commission.Download APP get 50P,1st deposit 100%:pub11.tv",English,Phishing
,"27 March 2024, 10:34",SMARTLoad,Get MORE Load for less with the all NEW PROMO LOAD! Buy P300 and get a total of P333 Load valid for 30 days. Get NOW at smrt.ph/SmartApp,English,Benign
,"27 March 2024, 10:34",SMARTLoad,27/03 10:34: P20.00 loaded to 09129094503 from xxxxxxxx2785 for 1 year. Ref:BCR2GF5L9Q. Get MORE with PROMO LOAD in the Smart App!,English,Benign
,"26 March 2024, 21:30",,"Log in to receive PHP108 free rewards, deposit 100 and get 250, and win the highest cash in daily draws.  acerush.tv/jgOi",English,Phishing
,"26 March 2024, 14:27",,Claim worth 49k Ipad Air on GoJackpot by Joining our Slot tournament event! Don't miss out and win big! plus free 1000 bonus! sign up today! GoJackpotph10.icu,English,Benign
,"26 March 2024, 11:39",,"Dumoble ang deposit ! Dito lamang sa PanaloKa! 2,000 mo ay magiging 4,000! Claim your 300% FIRST BONUS! PanaloKa.tv",Tagalog,Phishing
,"26 March 2024, 07:58",,[Epicwin]: Sumali sa amin at tangkilikin ang limitadong 100% BONUS Trusted website : EpicWinph5.icu Magdeposito at makakuha ng 100% at ibang BONUS araw-araw,Tagalog,Phishing
,"26 March 2024, 04:42",,Makakuha ng 100% bonus sa araw-araw na deposito， g4b61jh.bid,Tagalog,Phishing
,"25 March 2024, 15:16",,Don't miss the GoJackpot Payday Blast promo event! Claim up to 6888 Bonus! Sign up now and receive a 1000 new member bonus! GoJackpotph10.icu,English,Benign
,"25 March 2024, 14:01",BDO,Stay updated on the latest BDO Deals! Check out More Deals for You on the BDO Pay app. Download BDO Pay & sign up using your BDO Online username and password.,English,Benign
,"25 March 2024, 13:16",,"Magandang Araw <NAME>, Shopee Delivery! May up to P50 cashback ka kung ShopeePay ang gagamitin mong pambayad sa iyong COD order na nagkakahalagang 207 PHP. I-scan lang ang QR Ph code ng SPX rider at i-tap ang Play Lucky Draw para makuha ang iyong cashback. Terms & conditions apply. Bilang bahagi rin ng aming delivery process at sa ilalim ng iyong pahintulot, kami ay mangongolekta ng litrato bilang katibayan ng pagdedeliver (Proof of Delivery). Pag may katanungan, pwede kang tumawag sa 02-8805200. Maraming salamat!",Tagalog,Benign
,"25 March 2024, 12:09",,"Magandang Araw <NAME>, Shopee Delivery! May up to P50 cashback ka kung ShopeePay ang gagamitin mong pambayad sa iyong COD order na nagkakahalagang 207 PHP. I-scan lang ang QR Ph code ng SPX rider at i-tap ang Play Lucky Draw para makuha ang iyong cashback. Terms & conditions apply. Bilang bahagi rin ng aming delivery process at sa ilalim ng iyong pahintulot, kami ay mangongolekta ng litrato bilang katibayan ng pagdedeliver (Proof of Delivery). Pag may katanungan, pwede kang tumawag sa 02-8805200. Maraming salamat!",Tagalog,Benign
,"24 March 2024, 14:02",,Don't miss the GoJackpot Payday Blast promo event! Claim up to 6888 Bonus! Sign up now and receive a 1000 new member bonus! GoJackpotph14.icu,English,Benign
,"24 March 2024, 12:25",NTC,2/2 o ibang serbisyo. Ito po ay isang scam. I-report agad sa NTC WEBSITE o itawag sa NTC HOTLINE 1682.,Tagalog,Benign
,"24 March 2024, 12:25",NTC,"1/2 Huwag maniwala sa mga mensahe mula sa hindi kilalang numero/account na naglalaman ng inyong pangalan at/o nag-aalok ng trabaho, pabuya, libreng pera",Tagalog,Benign
,"24 March 2024, 12:20",,"Log in to receive PHP108 free rewards, deposit 100 and get 250, and win the highest cash in daily draws.  joylucky.tv/MsM",English,Phishing
,"24 March 2024, 07:17",,[Epicwin]: Sumali sa amin at tangkilikin ang limitadong 100% BONUS Trusted website : EpicWinph7.icu Magdeposito at makakuha ng 100% at ibang BONUS araw-araw,Tagalog,Phishing
,"24 March 2024, 06:47",,Makakuha ng 100% bonus sa araw-araw na deposito g4b61jh.bid,Tagalog,Phishing
,"23 March 2024, 23:45",,"Log in to receive PHP108 free rewards, deposit 100 and get 250, and win the highest cash in daily draws.  slotswin.tv/KlD3aw",English,Phishing
,"23 March 2024, 17:21",,"Log in to receive PHP108 free rewards, deposit 100 and get 250, and win the highest cash in daily draws.  luckph.tv/FioDh9",English,Phishing
,"23 March 2024, 15:27",GCash,"Hi, you have linked a new device Realme RMX3191 to your GCash account 09129094503 on Mar 23, 2024 3:26PM. If you DID NOT make this request, please go to our Help Center & chat with Gigi.",English,Benign
,"23 March 2024, 15:26",GCash,"Hi, a Realme RMX3191 requested to link with your GCash Account 09129094503. If you DID NOT make this request, please go to our Help Center & chat with Gigi.",English,Benign
,"23 March 2024, 15:26",GCash,"WAG I-SHARE ANG IYONG OTP. May bagong device na nagrequest ng access sa GCash account mo. Kung ikaw ito, ang OTP ay 583884. Kung hindi, scam yan at wag ibigay.",Tagalog,Benign
,"23 March 2024, 13:22",,Use 913731 for two-factor authentication on Facebook.,English,Benign
,"23 March 2024, 13:03",,2/2 (2) I-share ang iyong personal profile at credit score sa 3rd parties (3) Magpadala ng ads sa iyo mula sa 3rd parties Text AGREE to 3727 for free.,Tag-Lish,Benign
,"23 March 2024, 13:03",,"1/2 Thanks! Pumapayag ka rin ba na i-process ang iyong info para: (1) Gawan ka ng personal profile base sa iyong interest, preferences & location",Tag-Lish,Benign
,"23 March 2024, 08:10",NTC,"NDRRMC: DUCK, COVER & HOLD. Join the Nationwide Simultaneous Earthquake Drill on March 25, 2024 at 9AM. Follow Civil Defense PH on FB for more details.",English,Benign
,"23 March 2024, 06:51",GCash,Avail TNT UTP 15 & get unli Trinet calls & texts plus 50 SMS to other networks for 2 days. Go to your GCash dashboard and tap Load to register today!,English,Benign
,"22 March 2024, 18:37",,casinoph.tv/KrutK Sumali sa laro at mag-claim ng libreng deposito para sa isang masayang simula.,Tagalog,Phishing
,"22 March 2024, 14:50",,Makakuha ng 200% bonus sa araw-araw na deposito g4b67jh.bid,Tagalog,Phishing
,"22 March 2024, 13:42",,"slotsph.tv/jkFdeiGJ Libreng pera sa pag-sign up, kunin mo na at simulan ang paglalaro at pagwawagi.",Tagalog,Phishing
,"22 March 2024, 11:53",,casinoph.tv/VPEDED 100% dagdag sa iyong unang deposito! Sino ang ayaw ng dobleng saya?,Tagalog,Phishing
,"22 March 2024, 07:06",,[Epicwin]: Sumali sa amin at tangkilikin ang limitadong 100% BONUS Trusted website : EpicWinph7.icu Magdeposito at makakuha ng 100% at ibang BONUS araw-araw,Tagalog,Phishing
,"22 March 2024, 03:02",,Makakuha ng 200% bonus sa araw-araw na deposito g7b51jh.bid,Tagalog,Phishing
,"21 March 2024, 23:33",,"Agency 50% single-level commission Download APP get 50P,1st deposit 100% and Uncapped 1.0% Bonuse .DAILY BETTING BONUS up to 6888:pub11.tv",English,Phishing
,"21 March 2024, 12:00",SMARTLoad,Get MORE Load for less with the all NEW PROMO LOAD! Buy P300 and get a total of P333 Load valid for 30 days. Get NOW at smrt.ph/SmartApp,English,Benign
,"21 March 2024, 12:00",SMARTLoad,21/03 12:00: P50.00 loaded to 09129094503 from xxxxxxxx5444 for 1 year. Ref:BCL0FTBP46. Get MORE with PROMO LOAD in the Smart App!,English,Benign
,"21 March 2024, 10:36",GOMO,"Hey, GOMO Fam! All systems are up and you can now avail of our latest SIM and data offers. Take care and stay awesome!",English,Benign
,"21 March 2024, 10:24",RD PAWNSHOP,"Hi Mr/Ms <NAME>, RDCN 79914 can be claimed at any RDPawnshop, Penbank, Villarica & TrueMoney branches. Please present valid ID. Thank you!",English,Benign
,"21 March 2024, 06:56",,"Get ready for upcoming bonuses , T.G.I.F at Gojackpot! Get your free 6,888p + 1,000p welcome bonus and win iPad Air or Php. 30,000p! Visit now GoJackpotph14.icu",English,Benign
,"20 March 2024, 17:00",GOMO,"Hey, GOMO Fam! There will be a system activity affecting SIM and promo purchases on the GOMO PH app and website from March 20, 11:40 PM to March 21, 5:10 AM. If you're planning to buy a SIM or purchase more data, please do so before the scheduled activity. Don't worry because data, calls, and text services will still be available. Thank you for your understanding, and stay awesome!",English,Benign
,"20 March 2024, 14:06",,betslotsph.tv/GpD7aja5 Play and win without worrying about deposits. Free money is waiting for you!,English,Phishing
,"20 March 2024, 13:24",,"Big wins, small bets! 20 pesos becomes 100K in 177bet. Dare to win at 17v7er.bid",English,Phishing
,"20 March 2024, 12:14",,"Good day from Gcash, As part of our continuous effort to bring you the best eWallet services, we request that you verify your account. Failure to do so will result in an account suspension. Verify here: centi.ai/GcashHelp",English,Phishing
,"20 March 2024, 07:04",7-ELEVEN,"May chance ka pa kumuha ng Skyro loan up to P250,000 in just 2 minutes! May 100 CLiQQ points ka ring makukuha! Apply na sa https://go.skyro.ph/P93auj",Tag-Lish,Benign
,"20 March 2024, 07:00",7-ELEVEN,"May chance ka pa kumuha ng Skyro loan up to P250,000 in just 2 minutes! May 100 CLiQQ points ka ring makukuha! Apply na sa https://go.skyro.ph/P93auj",Tag-Lish,Benign
,"20 March 2024, 05:46",,Makakuha ng 200% bonus sa araw-araw na deposito g7b51jh.bid,Tagalog,Phishing
,"20 March 2024, 00:20",,Makakuha ng 200% bonus sa araw-araw na deposito g7b51jh.bid,Tagalog,Phishing
,"19 March 2024, 23:29",,[Epicwin]: Sumali sa amin at tangkilikin ang limitadong 100% BONUS Trusted website : EpicWinph7.icu Magdeposito at makakuha ng 100% at ibang BONUS araw-araw,Tagalog,Phishing
,"19 March 2024, 22:09",,Use 067746 for two-factor authentication on Facebook.,English,Benign
,"19 March 2024, 20:24",,bonusph.tv/3nQa Dobleng saya sa unang deposito mo. I-claim ang 100% bonus at lumaro na!,Tagalog,Phishing
,"19 March 2024, 16:49",,"betslotsph.tv/9Nf Sign up, play, and win without a deposit. Free money is waiting for you. Grab it now.",English,Phishing
,"19 March 2024, 15:02",,"betmanila.tv/KMjkVjQF Libreng pera para sa mas exciting na laro. Huwag magpahuli, mag-claim na!",Tagalog,Phishing
,"19 March 2024, 11:54",GCash,"Did you request to SEND MONEY to ST***N B.'s GCash number, 09917355477 with amount of PHP 1100.00? If not, DON'T ENTER YOUR OTP ON ANY SITE OR SEND IT TO ANYONE because IT'S A SCAM! If you requested, your OTP is 651308.",English,Benign
,"19 March 2024, 06:17",,Use 602192 for two-factor authentication on Facebook.,English,Benign
,"18 March 2024, 22:27",,betmanila.tv/yjxocu Play with confidence! Enjoy a free deposit for a happy start to your gaming experience.,English,Phishing
,"18 March 2024, 18:13",,betslot.tv/zqFOxFG Garantisadong 100% deposit bonus para sa bawat bagong player. I-claim na!,Tagalog,Phishing
,"18 March 2024, 14:22",,"No.1 Online kingdom ng PINAS, may MILYONG kampyon kada araw! Dito yan sa PanaloKa, claim 316% bonus now! PanaloKa.tv",Tagalog,Phishing
,"18 March 2024, 13:42",,"No.1 Online kingdom ng PINAS, may MILYONG kampyon kada araw! Dito yan sa PanaloKa, claim 316% bonus now! PanaloKa.tv",Tagalog,Phishing
,"18 March 2024, 07:06",7-ELEVEN,"May chance ka pa kumuha ng Skyro loan up to P250,000 in just 2 minutes! May 100 CLiQQ points ka ring makukuha! Apply na sa https://go.skyro.ph/P93auj",Tag-Lish,Benign
,"18 March 2024, 07:02",7-ELEVEN,"May chance ka pa kumuha ng Skyro loan up to P250,000 in just 2 minutes! May 100 CLiQQ points ka ring makukuha! Apply na sa https://go.skyro.ph/P93auj",Tag-Lish,Benign
,"18 March 2024, 03:00",,[Epicwin]: Sumali sa amin at tangkilikin ang limitadong 100% BONUS Trusted website : EpicWinph7.icu Magdeposito at makakuha ng 100% at ibang BONUS araw-araw,Tagalog,Phishing
,"18 March 2024, 02:58",,mag deposit ka ng 100 at gawin nating 268:sv55.tv,Tag-Lish,Phishing
,"17 March 2024, 20:18",,"Finally Pinoy Slot Fiesta Arrived Philipines! Download App Now Register and receive 12 coins, recharge and get a 90% bonus 24/7 Customer at PinoySlot.tv",English,Phishing
,"17 March 2024, 19:01",,"promoph.tv/YOl4U I-double ang pondo, i-double ang fun. 100% deposit bonus, para sa'yo na!",Tagalog,Phishing
,"17 March 2024, 17:35",,slotsbet.tv/um7hL8t Sumali sa aming gaming community at mag-enjoy sa libreng deposito na naghihintay para sa iyo.,Tagalog,Phishing
,"17 March 2024, 08:32",,Use 752745 for two-factor authentication on Facebook.,English,Benign
,"17 March 2024, 06:31",,"Seeking Sunday thrills? GoJackpot awaits! Win 50,000 in JILI SLOTS Tournament! New members, enjoy 1000p & First Deposit Bonus 177p at GoJackpotph22.icu",English,Benign
,"17 March 2024, 02:00",,Makakakuha ang mga bagong user ng 100% na bonus sa kanilang unang deposito g7b68jh.bid,Tagalog,Phishing
,"16 March 2024, 21:21",,Makakakuha ang mga bagong user ng 100% na bonus sa kanilang unang deposito g7b68jh.bid,Tagalog,Phishing
,"16 March 2024, 20:53",,betmanila.tv/l6v Double your deposit and your chances of winning with us today. Enjoy our 100% bonus offer.,English,Phishing
,"16 March 2024, 16:26",,"betph.tv/Wfw Libreng pera, waiting sa'yo. Maglaro at manalo nang walang iniisip na puhunan.",Tagalog,Phishing
,"16 March 2024, 08:25",NTC,Customs:Beware of person posing as BOC employees/couriers asking for pyment to personal account.Pay taxes only at BOC Cashier.Report to BOC Hotline(02)8705-6000,English,Benign
,"15 March 2024, 16:54",,luckph.tv/fzs1 Mag-sign up ngayon at mag-enjoy sa libreng deposit money bilang welcome gift mula sa amin.,Tag-Lish,Phishing
,"15 March 2024, 12:35",BDO,"Download the new look and more secured BDO Online app now! Enjoy a P10 InstaPay transfer fee, no more SMS OTP to confirm transactions, withdraw via QR and more!",English,Benign
,"15 March 2024, 09:32",NTC,"Customs: Be vigilant against parcel scams!Validate payment requests and settle duties only at BOC Cashier.For inquiries, contact the BOC Hotline(02)8705-6000",English,Benign
,"15 March 2024, 03:02",,Makakakuha ang mga bagong user ng 100% na bonus sa kanilang unang deposito g3b68jh.bid,Tagalog,Phishing
,"15 March 2024, 01:24",,"Get Ready For Friday PayDay! Claim 1,000p+177p Bonus and Free 6,888p bonus on Mar 15 at GoJackpotph12.icu",Tag-Lish,Benign
,"14 March 2024, 23:11",Shopee,"Enter verification code: 060769, to activate SPayLater, valid for 15 mins. NEVER share this code with others under any circumstances. PW42aWeqbj5",English,Benign
,"14 March 2024, 23:09",,luckwin.tv/1uCK17 Boost your game with our free deposit money. The best start for a winning journey.,English,Phishing
,"14 March 2024, 22:31",,bonuspx.tv/zJUhr1d Claim your 100% bonus and double your fun and chances of winning. Deposit with us today.,English,Phishing
,"14 March 2024, 21:53",,Use 257411 for two-factor authentication on Facebook.,English,Benign
,"14 March 2024, 15:28",,"luckph.tv/vcEx8C Ang iyong daan patungo sa mas malaking panalo, simula sa aming 100% deposit bonus.",Tagalog,Phishing
,"14 March 2024, 14:07",GCash,"Did you request to SEND MONEY to CL*****E GR**E P.'s GCash number, 09072491694 with amount of PHP 30.00? If not, DON'T ENTER YOUR OTP ON ANY SITE OR SEND IT TO ANYONE because IT'S A SCAM! If you requested, your OTP is 777830.",English,Benign
,"14 March 2024, 12:26",NTC,Customs: Choose DTI-accredited forwarding companies for your balikbayan boxes. Ensure no legal issues of abandoned boxes. Call BOC Hotline (02)8705-6000,English,Benign
,"14 March 2024, 08:49",,"J&T DELIVERY!TN: 971577818033 Rider:Joe Mark Cenales,639660423770. For COD pls prepare exact amount. Photo proof of delivery is required. Thanks and be safe!",English,Benign
,"13 March 2024, 21:20",,I-download ang programa at makakuha ng P117 17v7li.bid,Tagalog,Phishing
,"13 March 2024, 17:11",,slotsph.tv/law Your chance for bigger wins starts with a free deposit. Sign up now and enjoy your bonus.,English,Phishing
,"13 March 2024, 11:25",,slotsph.tv/eAgU Double your deposit and your chances of winning with us today. Enjoy our 100% bonus offer.,English,Phishing
,"13 March 2024, 00:59",,"Join Slots Milestone Event & Win 70,000p prize! Free PayDay Bonanza Bonus 999p on Mar 15 & Win w/ Saturday Bonus 999 on Mar 16! Free 588p+388p at WinPlusPh2.icu",English,Phishing
,"13 March 2024, 00:45",,Makakakuha ang mga bagong user ng 100% na bonus sa kanilang unang deposito pove.bid,Tagalog,Phishing
,"12 March 2024, 20:53",,Tara na’t manalo sa ₱10 mo gawin nating 15k! spinsarc.tv,Tagalog,Phishing
,"12 March 2024, 15:13",GCash,Gawing magaan sa bulsa ang bilihin sa supermarket! Pay with GCash & choose GGives as your payment method sa cashier. Your GGives eligibility is subject to regular review. Check your GGives dashboard first to ensure GGives is available.,English,Benign
,"12 March 2024, 14:02",,Use 138757 for two-factor authentication on Facebook.,English,Benign
,"12 March 2024, 11:09",SMARTLoad,Get MORE Load for less with the all NEW PROMO LOAD! Buy P300 and get a total of P333 Load valid for 30 days. Get NOW at smrt.ph/SmartApp,English,Benign
,"12 March 2024, 11:09",SMARTLoad,12/03 11:09: P50.00 loaded to 09129094503 from xxxxxxxx5444 for 1 year. Ref:BCC2EVKMUK. Get MORE with PROMO LOAD in the Smart App!,English,Benign
,"12 March 2024, 08:32",,[Epicwin]: Sumali sa amin at tangkilikin ang limitadong 100% BONUS Trusted website : EpicWinph5.icu Magdeposito at makakuha ng 100% at ibang BONUS araw-araw,Tagalog,Phishing
,"11 March 2024, 22:56",,[Epicwin]: Sumali sa amin at tangkilikin ang limitadong 100% BONUS Trusted website : EpicWinph5.icu Magdeposito at makakuha ng 100% at ibang BONUS araw-araw,Tagalog,Phishing
,"11 March 2024, 19:18",BDO Alert,Don't click links in messages and emails to download any BDO app. Go to the App Store or Google Play Store to download the new BDO Online app. #BDOStopScam,English,Benign
,"11 March 2024, 16:08",,Makakakuha ang mga bagong user ng 100% na bonus sa kanilang unang deposito g3b61jh.bid,Tagalog,Phishing
,"10 March 2024, 22:19",,[Epicwin ]: Join us & enjoy limited 100% BONUS Trusted website : EpicWinph5.icu Deposit and get 100% & get BONUS everyday,English,Phishing
,"10 March 2024, 20:56",,Use 979852 for two-factor authentication on Facebook.,English,Benign
,"10 March 2024, 07:46",fHsxXshe413,"You have a delivery P53023YQ6URFX. Please prepare payment if COD. Your rider is 09486671804. If no attempt, please contact us at (02)8539-4002.",English,Benign
,"10 March 2024, 07:27",GCash,Keep up with the latest phone trends! Get Galaxy Z Flip 5 now & pay lighter in installments for up to 24 months when you shop via GGives. Visit the GCash dashboard to learn more.,English,Benign
,"9 March 2024, 23:42",,Use 637180 for two-factor authentication on Facebook.,English,Benign
,"9 March 2024, 14:51",,mag deposit ka ng 100 at gawin nating 268:sv22.tv,Tag-Lish,Phishing
,"9 March 2024, 08:00",GCash,"529380 is your authentication code. For your protection, do not share this code with anyone. yyAfcYn/qSW",English,Benign
,"9 March 2024, 02:57",GCash,"524434 is your authentication code. For your protection, do not share this code with anyone. yyAfcYn/qSW",English,Benign
,"9 March 2024, 02:50",GCash,You have received P594.00 GCash from 7eleven Kiosk w/ MSG - 2406-9003-4925. Your new balance is P637.27 03-09-24 2:50AM. Ref no. 0015827872988.,English,Benign
,"8 March 2024, 18:23",,"Big wins, small bets! 20 pesos becomes 100K in 177bet. Dare to win a ffx78.bid",English,Phishing
,"7 March 2024, 12:45",,"Log in to receive PHP108 free rewards, deposit 100 and get 250, and win the highest cash in daily draws : jlreceive.tv",English,Phishing
,"7 March 2024, 09:04",,"Click to get P288, registered members can get 100% cash back and P38888 bonus, let us use the bonus to win the big prize. appherenow.eu",English,Phishing
,"7 March 2024, 07:30",GCash,Love cooking? Upgrade with a new appliance. Buy Eureka Electric Oven with Rotisserie now & pay lighter in installments for up to 24 months via GGives! Visit the GCash dashboard to learn more.,English,Benign
,"7 March 2024, 06:35",,"ay malayang nag-aalok sa iyo ng 88 P , kunin ito dito:ty80.tv",Tagalog,Phishing
,"6 March 2024, 16:01",BDO Deals,"Download the new BDO Pay app and Scan to Pay until April 15, 2024 to receive 5% or up to P1,000 cashback! No minimum spend required. For more info, visit the BDO website, click Deals and search for BDO Pay. T&C apply. DTI184337",English,Benign
,"6 March 2024, 07:05",7-ELEVEN,"Excited kami na makamit mo ang mga pangarap mo sa tulong ng Skyro loan of up to P250,000! Makakakuha ka pa ng 100 CLiQQ points. Apply now at https://go.skyro.ph/P93auj",Tagalog,Benign
,"6 March 2024, 07:00",7-ELEVEN,"Excited kami na makamit mo ang mga pangarap mo sa tulong ng Skyro loan of up to P250,000! Makakakuha ka pa ng 100 CLiQQ points. Apply now at https://go.skyro.ph/P93auj",Tagalog,Benign
,"4 March 2024, 15:02",BDO,"New features on BDO Pay! Buy Load, QR-enabled withdrawals, add/remove 'Joint OR' accounts, and transferring of Credit Card Points now live on the app. Download the new BDO Pay app now.",English,Benign
,"4 March 2024, 07:16",GCash,Upgrade to an energy efficient refrigerator! Buy Samsung 2-Door Ref & pay lighter in installments for up to 24 months via GGives! Visit the GCash dashboard to learn more.,English,Benign
,"4 March 2024, 07:06",,[Epicwin ]: Join us & enjoy limited 100% BONUS Trusted website : EpicWinph2.icu Deposit and get 100% & get BONUS everyday,English,Phishing
,"4 March 2024, 00:08",,"Big wins, small bets! 20 pesos becomes 100K in 177bet. Dare to win a a8sdk.bid",English,Phishing
,"3 March 2024, 17:00",,tsqlob1613ps.lairlessphenotype.gl/33plj22kg4lf8 100% dagdag sa iyong unang deposito! Sino ang ayaw ng dobleng saya?,Tagalog,Phishing
,"3 March 2024, 13:28",,[Epicwin ]: Join us & enjoy limited 100% BONUS Trusted website : EpicWinph5.icu Deposit and get 100% & get BONUS everyday,English,Phishing
,"2 March 2024, 22:58",,bmva5gewuwzdg8v.veniseantimethodi.ma/dhi8asq1lm8ydu0pdhc0n Doblehin ang pondo at saya sa laro. Mag-claim na ng 100% deposit bonus.,Tagalog,Phishing
,"2 March 2024, 15:01",GCash,Your payment of P323.00 to Fashion Choice Pte. Ltd. has been successfully processed on 03-02-24 03:01:10 PM. Ref. No. 003004577,English,Benign
,"2 March 2024, 08:05",,"Hurry! WinPlus Saturday special T.G.I.S! Enjoy Free 999 bonus, Jackpot vibes. Plus, bonus treats 588p+388p at WinPlusph3.icu",Tag-Lish,Phishing
,"1 March 2024, 02:37",GCash,"Did you request to SEND MONEY to NI**A D.'s GCash number, 09653845750 with amount of PHP 1000.00? If not, DON'T ENTER YOUR OTP ON ANY SITE OR SEND IT TO ANYONE because IT'S A SCAM! If you requested, your OTP is 283345.",English,Benign
,"29 February 2024, 14:28",GOMO,"Hey, fam! Just a reminder that GOMO will not send you text messages with a clickable web address or link. For your safety, do not engage with strange messages containing clickable links. You may report suspicious messages via the NTC Complaint Page. Stay safe!",English,Benign
,"28 February 2024, 22:53",,"Big wins, small bets! 20 pesos becomes 100K in 177bet. Dare to win a a8sdk.bid",English,Phishing
,"28 February 2024, 20:50",,"1ogz47.falseworkredux.ms/umrhpfptly Mag-sign up, mag-claim, at manalo! Libreng deposit money waiting sa'yo.",Tag-Lish,Phishing
,"28 February 2024, 20:07",,"Get Ready For 29 Feb PayDay Blast Free 6,888p Bonus! Spin New Year Wheel to win Mitsubishi,Toyota Cars & iPhone 15! Claim Free 1,000p+177p at GoJackpotph22.icu",Tag-Lish,Benign
,"28 February 2024, 17:21",,Use 564610 for two-factor authentication on Facebook.,English,Benign
,"28 February 2024, 12:45",,t8ueyi4.falseworkredux.ms/f7g3cn0rs8k9cqllnbh49 Boost your chances with our free deposit money. Start your winning streak today.,English,Phishing
,"28 February 2024, 11:30",,"6rse3pihnaele8.sidewayshogwort.cx/2c8zks6io9337rcmd6r9b7vg Hindi mo na kailangang mag-alala sa puhunan. Dito, may libreng deposit money ka na!",Tagalog,Phishing
,"28 February 2024, 10:55",,"7edb6x.exodermscointer.si/t36s5a17oy06h Ang iyong pagkakataon sa mas malaking panalo, nagsisimula sa aming 100% deposit bonus.",Tagalog,Phishing
,"28 February 2024, 06:50",GCash,"Get work-from-home essentials for as low as PHP 4,130/month with GGives! Pay lighter with 0% down payment. Go to your GCash app and tap GGives to learn more!",English,Benign
,"28 February 2024, 02:39",MayaRewards,"Congrats! You earned P1 for logging in to Maya. You also earned 1 raffle entry for a chance to be 1 of 10 winners of P10,000. Stay tuned for the announcement!",English,Benign
,"28 February 2024, 01:33",,"Big wins, small bets! 20 pesos becomes 100K in 177bet. Dare to win a a8sdk.bid",English,Phishing
,"27 February 2024, 17:28",,cassenatrundling.si/ardn8fadbup8tyasp9t Manalo ng mas malaki! Libreng deposit money para sa mga bagong sumali.,Tagalog,Phishing
,"27 February 2024, 11:52",BDO,Use the new BDO Online app to pay your bills in an instant without enrolling billers! Just enter your details and pay. Download it now!,English,Benign
,"26 February 2024, 19:40",,"Get Ready For 29 Feb PayDay Blast Free 6,888p Bonus! Spin New Year Wheel to win Mitsubishi,Toyota Cars & iPhone 15! Claim Free 1,000p+177p at GoJackpotph21.icu",Tag-Lish,Benign
,"26 February 2024, 15:31",,"Big wins, small bets! 20 pesos becomes 100K in 177bet. Dare to win a s77sd.bid",English,Phishing
,"26 February 2024, 15:20",GCash,"Time for a wardrobe refresh! Shop now at your favorite department store, and pay later in affordable installments with GGives! Just pay using the GCash app and choose GGives. Your GGives eligibility is subject to regular review. Check your GGives dashboard before purchase to ensure GGives is available.",English,Benign
,"26 February 2024, 13:07",,Libreng P158 para sa mobile gaming mo + P18-P1188 bonus. Doblehin ang saya sa deposito! 1xig4oofcy7grhhso35z10bn.bonus.fm,Tagalog,Phishing
,"26 February 2024, 04:33",,Imagine turning a small bet of 25 pesos into a huge 80k win with Gold Rush. It's possible! Find out how at oj00zdjnlmf2u1vi.bonus.lc.,English,Phishing
,"25 February 2024, 21:53",GCash,"Did you request to SEND MONEY to CH**A R.'s GCash number, 09272495257 with amount of PHP 125.00? If not, DON'T ENTER YOUR OTP ON ANY SITE OR SEND IT TO ANYONE because IT'S A SCAM! If you requested, your OTP is 322370.",English,Benign
,"25 February 2024, 21:40",GCash,You have received P138.60 GCash from 7eleven Kiosk w/ MSG - 2405-6053-3485. Your new balance is P139.27 02-25-24 9:40PM. Ref no. 0015527638369.,English,Benign
,"25 February 2024, 20:07",,"P158 mobile bonus handa na! Plus, P18-P1188 sign-up bonus. Doble sa unang deposito. ugz0wes1.bonus.fm",Tagalog,Phishing
,"25 February 2024, 11:28",,"P158 mobile freebie, iyo na ngayon! Plus, hanggang P1188 bonus sa unang deposito. 2cbraah00ildlvg1o.bonus.lc",Tagalog,Phishing
,"25 February 2024, 11:09",,"Fortune Gems alert: 2 pesos lang, may chance ka na manalo ng 80k! Check mo na sa njyf7n617afv.bonus.fm.",Tagalog,Phishing
,"25 February 2024, 01:03",,"Nararamdaman mo ba? Ang 35 pesos mo, pwedeng maging 40k sa Crazy 777. Subukan ang swerte mo sa beg8k7afx6q4s.bonus.fm.",Tagalog,Phishing
,"25 February 2024, 00:33",,"I-claim mo na ang P158 mobile reward! Dagdag pa, enjoy ng hanggang P1188 bonus sa pagrehistro. Doble sa unang deposito! 9uoio6wywvnz6zc22tgd50n.bonus.lc",Tagalog,Phishing
,"25 February 2024, 00:32",,"Claim Saturday 999p bonus on WinningPlus! Ready for PayDay Bonanza with 999p bonus on Feb 25! Spin Fa Cai Wheel to win Yamaha Nmax, TV & More at WinPlusph4.icu",Tag-Lish,Phishing
,"24 February 2024, 12:12",,"Saan ka pa? Sa 7 pesos mo, maaaring magbago ang buhay mo with Fortune Gems. Aim for 55k now at promolink.sh/bQ48BN0l8M.",Tag-Lish,Phishing
,"23 February 2024, 23:25",,Bigyan mo ng chance ang 9 pesos mo na maging 45k sa Fengshen. Ikaw na ba ang next winner? Sali na sa promolink.st/HrUmt9cAQ9fI.,Tagalog,Phishing
,"23 February 2024, 21:17",,467 116 is your Instagram code. Don't share it.,English,Benign
,"23 February 2024, 20:59",,"Pangarap. Pusta. Panalo. Ilagay ang 15 pesos mo sa Mega Ace, at maaari kang manalo ng 85k. Alamin kung paano sa promolink.sh/rJ5qXpS4.",Tagalog,Phishing
,"23 February 2024, 20:04",,"Your next play could be the big win! With just 9 pesos on Gold Rush, 75k could be yours. See the magic happen at bonus.ms/GainHiEPeEKYFHA.",English,Phishing
,"23 February 2024, 18:22",,"It's more than a game, it's your chance to win big! Bet 2 pesos on Fortune Gems and you could win 30k. Dive in at clickhere.cx/DTzmkf9oU0.",English,Phishing
,"23 February 2024, 14:54",,"Kumuha ng hanggang P1,777 nang libre gamit ang iyong mobile phone 1OO% na bonus sa unang deposito bv6ak.bid",Tagalog,Phishing
,"23 February 2024, 14:05",,Tuklasin ang pinakamalaki sa online gaming! 298P bonus sa pagrehistro at doble sa unang deposito mo. Sumali na: clickhere.cx/iA1D5itH,Tagalog,Phishing
,"23 February 2024, 10:24",BDO,Security Tip: Lock or Unlock your BDO Credit or Debit Cards anytime you want with the new BDO Online app. Download BDO Online and sign up today!,English,Benign
,"22 February 2024, 23:46",,"Kumuha ng hanggang P1,777 nang libre gamit ang iyong mobile phone 1OO% na bonus sa unang deposito bv6ak.bid",Tagalog,Phishing
,"22 February 2024, 20:58",,"Nangangarap ka bang gawing 50k ang 30 pesos mo? Sa Fortune Gems, posible yan! Sali na sa bonus.fm/hu3J13wQHKwT.",Tagalog,Phishing
,"22 February 2024, 20:15",,"Kumuha ng hanggang P1,777 nang libre gamit ang iyong mobile phone 1OO% na bonus sa unang deposito bv6ak.bid",Tagalog,Phishing
,"22 February 2024, 20:08",,"Small bet, big dreams! With 10 pesos, explore the thrill of winning 60k in Golden Empire. Play now at promolink.st/djjPAWhlWNa.",English,Phishing
,"22 February 2024, 18:55",,It's your lucky day! 5 pesos in Charge Buffalo could multiply to 5k. Check out the excitement at bonus.lc/IPrAcu5pZ0W.,English,Phishing
,"22 February 2024, 12:52",,I-claim ang P158 mo sa mobile agad! Kasama ang P18-P1188 welcome bonus. Magdeposito para doblehin. clickhere.cx/ieXbEyykCS6V,Tagalog,Phishing
,"22 February 2024, 12:05",RD PAWNSHOP,"Hi Mr/Ms <NAME>, RDCN 75743 can be claimed at any RDPawnshop, Penbank, Villarica & TrueMoney branches. Please present valid ID. Thank you!",English,Benign
,"22 February 2024, 07:27",,P158 sa mobile? Kunin na! Mag-sign up para sa P18-P1188 bonus. Doble ang deposito! promolink.st/AOrbFRQWz5,Tagalog,Phishing
,"22 February 2024, 07:17",,Bigyan mo ng chance ang 9 pesos mo na maging 45k sa Fengshen. Ikaw na ba ang next winner? Sali na sa bonus.ms/AOrbFRQWz5.,Tagalog,Phishing
,"22 February 2024, 01:18",,[ Epicwin ]: Hi EPIC Member ! ATTENTION !! Dont forget to claim your FREE CREDIT in Inbox !! Trusted website : EpicWin6.tv,English,Phishing
,"21 February 2024, 23:59",,Kaya mo bang hulaan ang susunod na big winner? Baka ikaw na 'yan with just 3 pesos in Super Ace. Win big at clickhere.cx/3XvFgccQFDo8R.,Tag-Lish,Phishing
,"21 February 2024, 18:32",,"Saan ka pa? Sa 3 pesos mo, maaaring magbago ang buhay mo with Fortune Gems. Aim for 10k now at clickhere.cx/qq7IvqB7hg5eGdUt.",Tag-Lish,Phishing
,"21 February 2024, 10:01",,[ Epicwin ]: Hi EPIC Member ! ATTENTION !! Dont forget to claim your FREE CREDIT in Inbox !! Trusted website : EpicWin6.tv,English,Phishing
,"21 February 2024, 09:49",,"Gusto mo bang maging next big winner? 30 pesos lang sa Golden Empire, pwede kang manalo ng 80k! Tara na sa phpromo.website/P4RVZ8w4RtQ.",Tagalog,Phishing
,"21 February 2024, 00:45",,Use 037199 for two-factor authentication on Facebook.,English,Benign
,"20 February 2024, 22:14",,"Enjoy PAYDAY Blast on Feb 20 for Free 6,888p at GoJackpot! New Year Wheel offers Mitsubishi Xpander, Samsung TV & More! Free 1,000p & 177p at GoJackpotph15.icu",Tag-Lish,Benign
,"20 February 2024, 20:38",,Pusta na! As low as 40 pesos for a chance to win 90k with Charge Buffalo. Tara sa clickhere.cx/ZYXJ3F1KD2U.,English,Phishing
,"20 February 2024, 18:04",BDO,"Enjoy safe, fast, and convenient transactions with the new BDO Online app. Use QR to Send or Request Money and withdraw at QR-enabled BDO ATMs. Download now!",English,Benign
,"20 February 2024, 06:29",,of 359706 ofamri≪ （,English,Phishing
,"16 February 2024, 13:11",PALAWAN_Exp,"Mr/Ms <NAME>, claim your PALAWAN Express CBN-13-81593-ZAW at any Palawan Pawnshop/Palawan Express/Tambunting/LBC/SM/Robinsons.Bring ID.",English,Benign
,"16 February 2024, 11:00",BDO,Enjoy instant access to a world of exclusive deals on the new BDO Pay app! Download the app now!,English,Benign
,"16 February 2024, 06:14",,"Enjoy Feb 16 FRIDAY Free 6,888p BONU on GoJackpot! Spin Love & New Year Wheel for GLAMIRA,MISUBISHI Car & SAMSUNG TV! Get Free 1000p + 177p at GoJackpotph14.icu",Tag-Lish,Benign
,"14 February 2024, 15:29",GCash,"Treat mo sarili mo this payday, deserve mo 'yan! Book an appointment at The Spa or Nuat Thai, and pay stress-free with GGives installments. Tap Borrow > GGives on GCash now.",Tag-Lish,Benign
,"13 February 2024, 21:45",,"Banco De Oro You're having issues with account security. Please review them at tera.vin/Secure-BDOOnline Sincerely, BANCO DE ORO",English,Phishing
,"13 February 2024, 13:59",PalawanPay,"May padala from abroad? I-claim na 'yan sa PalawanPay! Pwedeng-pwede na mag-claim ng international remittance anytime, anywhere with PalawanPay!",Tag-Lish,Benign
,"13 February 2024, 03:16",,[Epicwin ]: Hi EPIC Member ! CNY BONUS Alert !! Deposit and claim 20% FREE up to 500 P limited claim!! Trusted website : EpicWin6.tv,English,Phishing
,"12 February 2024, 10:07",,GCash Alert! Please be advised that we are asking everyone to update their account to avoid deactivation. Update here: gcash-advisory-services.website,English,Phishing
,"11 February 2024, 06:49",GCash,"Magaan na mag-shopping, may PHP 50 load voucher ka pa! Pay lighter up to 24 gives over 12 months, zero down payment, and no credit card needed.",English,Benign
,"10 February 2024, 18:16",GCash,"Did you request to SEND MONEY to JU***S S.'s GCash number, 09487173933 with amount of PHP 310.00? If not, DON'T ENTER YOUR OTP ON ANY SITE OR SEND IT TO ANYONE because IT'S A SCAM! If you requested, your OTP is 105577.",English,Benign
,"10 February 2024, 02:52",,Magdeposito para sa pagkakataong manalo ng iPhone 15 Pro Max okwin.tv,Tagalog,Phishing
,"9 February 2024, 23:22",,Magdeposito para sa pagkakataong manalo ng iPhone 15 Pro Max okwin.tv,Tagalog,Phishing
,"9 February 2024, 15:10",BDO,#BDOStopScam: Here's to a New Year of staying safe and vigilant. Remember: DO NOT click links or share your OTP. BDO will never send links nor ask for your OTP.,English,Benign
,"9 February 2024, 14:23",,Magdeposito para sa pagkakataong manalo ng iPhone 15 Pro Max okwin.tv,Tagalog,Phishing
,"8 February 2024, 21:14",BDO-OTP,"Your One-Time PIN for your BDO Securities login is 204100. DO NOT SHARE THIS WITH ANYONE. If you did not request for an OTP, pls call our Customer Support Hotline at (02)8840-7878.",English,Benign
,"8 February 2024, 19:29",,Spin Now New Year Lucky Wheel or Fa Cai Wheel to win Mitsubishi Xpander & Samsung TV! Claim Friday's Bonus tomorrow: 6888p. New get 1000 + 177 on GoJackpot6.tv,English,Phishing
,"8 February 2024, 09:37",,New users can get 100% cash bonus when they make their first deposit! s6fha.bid,English,Phishing
,"7 February 2024, 15:04",BDO OTP,"Your One-Time PIN for your BDO Securities login is 463321. DO NOT SHARE THIS WITH ANYONE. If you did not request for an OTP, pls call our Customer Support Hotline at (02)8840-7878.",English,Benign
,"7 February 2024, 06:28",GCash,"Travel now, pay lighter! Book your flight & pay in 24 gives over 12 months with GGives. Book with zero down payment, & no credit card needed. Mag-GGives na!",English,Benign
,"6 February 2024, 22:52",,"Kumita habang nanonood ng YouTube, kumita ng 500P bawat araw, makipag-ugnayan sa tutor para makatanggap ng 138P. nmiy.bid",Tagalog,Phishing
,"6 February 2024, 15:29",,You can get up to 3000P cash by downloading. New users can enjoy 100% cash bonus when they recharge! mini777.tv,English,Phishing
,"6 February 2024, 11:34",BDO-OTP,"Your One-Time PIN for your BDO Securities login is 348900. DO NOT SHARE THIS WITH ANYONE. If you did not request for an OTP, pls call our Customer Support Hotline at (02)8840-7878.",English,Benign
,"5 February 2024, 18:58",GCash,"768760 is your authentication code. For your protection, do not share this code with anyone. yyAfcYn/qSW",English,Benign
,"5 February 2024, 18:55",GCash,"574198 is your authentication code. For your protection, do not share this code with anyone. yyAfcYn/qSW",English,Benign
,"5 February 2024, 14:07",,Rank No. 1 sa listahan ng rekomendasyon ng Google Store at manalo ng malalaking premyo google-play.tv,Tagalog,Phishing
,"5 February 2024, 12:20",,[ Betso88 x Epicwin ]: Hi EPIC Member ! ATTENTION !! Dont forget to claim your FREE CREDIT in Inbox !! Trusted website : EpicWin3.tv,English,Phishing
,"4 February 2024, 19:49",,"Kumita habang nanonood ng YouTube, kumita ng 500P bawat araw, makipag-ugnayan sa tutor para makatanggap ng 138P. oytb.bid",Tagalog,Phishing
,"4 February 2024, 18:24",,"Kumita habang nanonood ng YouTube, kumita ng 500P bawat araw, makipag-ugnayan sa tutor para makatanggap ng 138P. qytb.bid",Tagalog,Phishing
,"4 February 2024, 14:31",GCash,Mas masaya mag-online shopping pag may extra budget up to P125k! Shop now and pay later with GGives. Check out with GCash and select GGives as your payment method. Your GGives eligibility is subject to regular review. Check your GGives dashboard before use to ensure eligibility.,English,Benign
,"4 February 2024, 10:03",,"Make money while watching YouTube, earn 500P per day, contact the tutor to receive 138P. hjga.bid",English,Phishing
,"4 February 2024, 07:14",,"Make money while watching YouTube, earn 500P per day, contact the tutor to receive 138P. jszm.bid",English,Phishing
,"4 February 2024, 02:08",,"Make money while watching YouTube, earn 500P per day, contact the tutor to receive 138P. zhjk.bid",English,Phishing
,"4 February 2024, 01:21",,"Gear up for luck at WinningPlus! Win brand new car and motorcycle in the New Year Fa cai wheel promo. Claim 588p & 388p, enjoy 153% deposit bonus at WinPlus.tv",English,Phishing
,"3 February 2024, 15:21",Shopee,"Enter verification code: 242140, to activate SPayLater, valid for 15 mins. NEVER share this code with others under any circumstances. PW42aWeqbj5",English,Benign
,"3 February 2024, 13:49",GOMO,"Be Unbreakable with a 10% discount voucher that you can use at Spartan Race PH's Batangas Sprint 5K Race this February 17, 2024! Just swap 15GB of your No Expiry Data via 'Mo Creds. Open your GOMO PH app and swap now! No advisories? Text OFF to 2686 for free.",English,Benign
,"3 February 2024, 11:38",,"Make money while watching YouTube, earn 500P per day, contact the tutor to receive 138P. jszm.bid",English,Phishing
,"3 February 2024, 09:03",,"Kumita habang nanonood ng YouTube, kumita ng 500P bawat araw, makipag-ugnayan sa tutor para makatanggap ng 138P. qthb.bid",Tagalog,Phishing
,"3 February 2024, 06:09",,Use 972534 for two-factor authentication on Facebook.,English,Benign
,"2 February 2024, 23:19",,New Player Free 2570P! PAGCOR Licensed! Official Jili!Cashout 10 Min! Play in GCash Playzone2.icu,English,Phishing
,"2 February 2024, 15:31",RD PAWNSHOP,"Hi Mr/Ms <NAME>, RDCN 53862 can be claimed at any RDPawnshop, Penbank, Villarica & TrueMoney branches. Please present valid ID. Thank you!",English,Benign
,"2 February 2024, 14:31",,"Finally, Thanks god it's Friday at GoJackpot! Claim Free 6,888p Today, February 2! New players Enjoy Free 777p + 177p ! Join Now at GoJackpot3.tv",Tag-Lish,Phishing
,"1 February 2024, 23:50",,[ Epicwin ]: Hi EPIC Member ! ATTENTION !! Dont forget to claim your FREE CREDIT in Inbox !! Trusted website : EpicWin3.tv,English,Phishing
,"1 February 2024, 21:03",,It is easier to get a daily salary of 300P. Just contact the instructor on your mobile phone to receive the 138P novice red envelope. hgzb.bid,English,Phishing
,"1 February 2024, 10:38",BDO Deals,"Get up to P1,000 cashback when you Scan to Pay with the new BDO Pay from Feb 1 to April 15, 2024! Download now and sign up using your BDO Online username & password. For promo details, visit the BDO website, click Deals & search BDO Pay. T&C apply. DTI184337",English,Benign
,"1 February 2024, 04:05",,It is easier to get a daily salary of 300P. Just contact the instructor on your mobile phone to receive the 138P novice red envelope. qhmz.bid,English,Phishing
,"31 January 2024, 02:25",,"Make money while watching YouTube, earn 500P per day, contact the tutor to receive 138P. wanp.bid",English,Phishing
,"30 January 2024, 18:11",,"Make money while watching YouTube, earn 500P per day, contact the tutor to receive 138P. zhmg.bid",English,Phishing
,"29 January 2024, 18:17",,"Tomorrow's Payday Blast on GoJackpot, Jan 30 & 31! New players grab 777p & 177p bonus + 155% Extra Deposit Bonus. Play & Win millions Prizes at GoJackpot.tv",Tag-Lish,Phishing
,"29 January 2024, 15:59",GCash,"Did you request to SEND MONEY to JA**N R*** S.'s GCash number, 09917355455 with amount of PHP 1000.00? If not, DON'T ENTER YOUR OTP ON ANY SITE OR SEND IT TO ANYONE because IT'S A SCAM! If you requested, your OTP is 947868.",English,Benign
,"29 January 2024, 11:08",,Use 219300 for two-factor authentication on Facebook.,English,Benign
,"29 January 2024, 11:05",,Use 219300 for two-factor authentication on Facebook.,English,Benign
,"29 January 2024, 06:21",,"Make money while watching YouTube, earn 500P per day, contact the tutor to receive 138P. zklq.bid",English,Phishing
,"29 January 2024, 05:07",,"Make money while watching YouTube, earn 500P per day, contact the tutor to receive 138P. twlk.bid",English,Phishing
,"28 January 2024, 22:40",,"Kumita habang nanonood ng YouTube, kumita ng 500P bawat araw, makipag-ugnayan sa tutor para makatanggap ng 138P. kakd.bid",Tagalog,Phishing
,"28 January 2024, 18:40",,Begin your journey to prosperity! Grab the New User Giveaway at JILI747! 8000p + 888p. Let luck guide your adventures at JILi747a.tv,English,Phishing
,"28 January 2024, 15:09",GCash,Achieve na ang #TravelGoals with GGives. Magbook ng tickets para sa pamilya at magbayad nang hulugan. Pay with GCash and choose GGives as your payment method at the checkout page. Your GGives eligibility is subject to regular review. Check your GGives dashboard before use to ensure eligibility.,Tag-Lish,Benign
,"28 January 2024, 14:34",GOMO,"Hey, GOMO Fam! Just a reminder to be careful against strange messages disguised as legitimate institutions such as government agencies, telcos, or banks. Do not reply or follow instructions from these messages or click any of the links. GOMO will never ask for credit card details or OTPs through unofficial links. Let's be vigilant and help make the community safe by reporting them via the NTC Complaint Page. Take care and stay awesome!",English,Benign
,"28 January 2024, 07:04",,"Make money while watching YouTube, earn 500P per day, contact the tutor to receive 138P. zhga.bid",English,Phishing
,"28 January 2024, 00:30",,"Kumita habang nanonood ng YouTube, kumita ng 500P bawat araw, makipag-ugnayan sa tutor para makatanggap ng 138P. gogt.bid",Tagalog,Phishing
,"27 January 2024, 15:55",,Join Saturday Special Event at WinningPlus! Claim 999p Free Bonus for Jackpot Day of Your Saturday! New Player Get bonus of 588p & 388p! Win Now at winplus2.tv,Tag-Lish,Phishing
,"27 January 2024, 12:57",,"Make money while watching YouTube, earn 500P per day, contact the tutor to receive 138P. tyyy.bid",English,Phishing
,"27 January 2024, 06:17",,"Make money while watching YouTube, earn 500P per day, contact the tutor to receive 138P. yhgg.bid",English,Phishing
,"27 January 2024, 01:45",,"Make money while watching YouTube, earn 500P per day, contact the tutor to receive 138P. yhgg.bid",English,Phishing
,"27 January 2024, 01:43",,"Kumita habang nanonood ng YouTube, kumita ng 500P bawat araw, makipag-ugnayan sa tutor para makatanggap ng 138P. hahb.bid",Tagalog,Phishing
,"26 January 2024, 22:48",BDO,"#BDOStopScam: Stay vigilant! That ""bank employee"" asking for your account details and OTP is a scammer. DON'T GIVE your username, password, and OTP to anyone.",English,Benign
,"26 January 2024, 17:13",GCash,"Did you request to do BANK TRANSFER to BDO Unibank, Inc. account no. ending in 6177 with amount of PHP 1000.00? If not, DON'T ENTER YOUR OTP ON ANY SITE OR SEND IT TO ANYONE because IT'S A SCAM! If you requested, your OTP is 570670.",English,Benign
,"26 January 2024, 16:31",GCash,Your GCash account has been unlinked from your Netflix Inc. account. Avoid frequent unlinking as this can result in being unable to relink your account.,English,Benign
,"26 January 2024, 06:14",,[ Betso88 x Epicwin ]: Welcome back Epic Family ! PROMO ALERT ! Deposit now and GET 3 FREE WHEEL SPINS with prizes up to 500P! Trusted website : EpicWin.tv,English,Phishing
,"25 January 2024, 21:07",,"Make money while watching YouTube, earn 500P per day, contact the tutor to receive 138P. mmyy.bid",English,Phishing
,"25 January 2024, 18:34",,"Get Today Now, 25th PayDay Blast Free 6,888p Bonus on GoJackpot! Be Ready Too for Friday Bonus 6,888p on Tomorrow! New Player, Free 777p + 177p at GoJackpot1.tv",English,Phishing
,"23 January 2024, 19:01",,Level up your luck at JILI747! New players revel in 8000p + 888p. Let luck be your guide for thrilling adventures at jili747.icu,English,Phishing
,"23 January 2024, 15:05",,"Make money while watching YouTube, earn 500P per day, contact the tutor to receive 138P. ahjk.bid",English,Phishing
,"22 January 2024, 14:27",GCash,Gawing affordable ang bagong sofa set with GGives! Instant hulugan with no aditional docs needed. Check out with GCash at piliin ang GGives as your payment method. Your GGives eligibility is subject to regular review. Check your GGives dashboard before use to ensure eligibility.,English,Benign
,"22 January 2024, 07:55",,[ Betso88 x Epicwin ]: Join us & FREE 50p today Auto FREE 50p when signup! Get extra 100p with any deposit Trusted Link: Epicwin16.icu,English,Phishing
,"22 January 2024, 04:21",,"[ BANCO DE ORO ] Your account has been restricted due to unrecognized attempts, Failure to take action will result in account termination within 24 hours. Update here shot.vin/BDO_Secured",English,Phishing
,"21 January 2024, 17:54",,"[ BANCO DE ORO ] Your account has been restricted due to unrecognized attempts, Failure to take action will result in account termination within 24 hours. Update here shot.vin/Secure-BDO",English,Phishing
,"21 January 2024, 07:21",,317 402 is your Instagram code. Don't share it.,English,Benign
,"21 January 2024, 02:29",,Experience GoJackpot! Exclusive bonus 777p + 177p & 100% Welcome Bonus for New Players. Enjoy Daily Cashback of 888p. Join Now at gojackpotph3.icu,Tag-Lish,Benign
,"20 January 2024, 20:26",,Celebrate Saturday with WinningPlus! Double Joy with 999p & new Users get 588p & 388p free. Get PayDay & Saturday Bonus for Total of 1998p Free at WinPlus16.icu,English,Phishing
,"20 January 2024, 10:24",,"Make money while watching YouTube, earn 518P per day, contact the tutor to receive 138P. qyhg.bid",English,Phishing
,"20 January 2024, 09:13",,"J&T DELIVERY!TN: 788258004722 Rider:OCW MICHAEL TUMBOCON,639668232709. For COD pls prepare exact amount. Photo proof of delivery is required. Thanks and be safe!",English,Benign
,"19 January 2024, 14:04",GCash,May instant extra budget ka na sa supermarket with GGives! Just scan the GCash QR code and choose GGives para sa madaliang bayaran up to 24 months na walang downpayment. Your GGives eligibility is subject to regular review. Check your GGives dashboard before use to ensure eligibility.,English,Benign
,"19 January 2024, 11:58",,"J&T DELIVERY!TN: 788258004722 Rider:OCW MICHAEL TUMBOCON,639668232709. For COD pls prepare exact amount. Photo proof of delivery is required. Thanks and be safe!",English,Benign
,"19 January 2024, 08:23",,"Make money while watching YouTube, earn 518P per day, contact the tutor to receive 138P. ekja.bid",English,Phishing
,"19 January 2024, 07:24",,New Player Free 2570P! PAGCOR Licensed! Official Jili!Cashout 10 Min! Play in GCash Playzone1.icu,English,Phishing
,"18 January 2024, 10:17",,"J&T DELIVERY!TN: 788258004722 Rider:OCW MICHAEL TUMBOCON,639668232709. For COD pls prepare exact amount. Photo proof of delivery is required. Thanks and be safe!",English,Benign
,"18 January 2024, 05:57",,[ Betso88 x Epicwin ]: Join us & FREE 50p today Auto FREE 50p when signup! Get extra 100p with any deposit Trusted Link: Epicwin11.icu,English,Phishing
,"18 January 2024, 04:31",GCash,Your payment of P899.00 to Google has been successfully processed on 01-18-24 04:31:46 AM. Ref. No. 035729239,English,Benign
,"18 January 2024, 04:31",GCash,You have successfully linked your GCash account to GOOGLE_PH.,English,Benign
,"18 January 2024, 04:31",GCash,"490563 is your authentication code. For your protection, do not share this code with anyone. yyAfcYn/qSW",English,Benign
,"18 January 2024, 04:20",GCash,You have received P792.00 GCash from 7eleven Kiosk w/ MSG - 2401-8003-9666. Your new balance is P927.57 01-18-24 4:20AM. Ref no. 0014628370228.,English,Benign
,"17 January 2024, 23:39",,"Make money while watching YouTube, earn 518P per day, contact the tutor to receive 138P. pppo.bid",English,Phishing
,"17 January 2024, 23:30",,"Discover Wednesday luck at SugarPlay! Get winning giveaways up to 18,888, Extra Deposit Bonus 2,000p, and promotions up to 58,888 at SugarPlayPh.icu",English,Phishing
,"17 January 2024, 19:09",,"Make money while watching YouTube, earn 518P per day, contact the tutor to receive 138P. pppo.bid",English,Phishing
,"17 January 2024, 17:21",,"Make money while watching YouTube, earn 518P per day, contact the tutor to receive 138P. yyhq.bid",English,Phishing
,"17 January 2024, 14:38",GCash,Abot-kaya na ang bagong appliances sa bahay with GGives! Shop now & pay later in up to 24 months. Piliin ang GGives sa GCash app pagka-scan ng QR sa cashier. Your GGives eligibility is subject to regular review. Check your GGives dashboard before use to ensure eligibility.,Tag-Lish,Benign
,"17 January 2024, 10:55",RD PAWNSHOP,"Hi Mr/Ms <NAME>, RDCN 77173 can be claimed at any RDPawnshop, Penbank, Villarica & TrueMoney branches. Please present valid ID. Thank you!",English,Benign
,"17 January 2024, 10:51",RD PAWNSHOP,"Hi Mr/Ms CHRISTOPHER, RDCN 77169 can be claimed at any RDPawnshop, Penbank, Villarica & TrueMoney branches. Please present valid ID. Thank you!",English,Benign
,"17 January 2024, 09:07",,"Make money while watching YouTube, earn 518P per day, contact the tutor to receive 138P. zxct.bid",English,Phishing
,"17 January 2024, 02:33",,"Make money while watching YouTube, earn 518P per day, contact the tutor to receive 138P. addd.bid",English,Phishing
,"16 January 2024, 18:47",GCash,"Did you request to do BANK TRANSFER to BDO Unibank, Inc. account no. ending in 6177 with amount of PHP 1600.00? If not, DON'T ENTER YOUR OTP ON ANY SITE OR SEND IT TO ANYONE because IT'S A SCAM! If you requested, your OTP is 580626.",English,Benign
,"16 January 2024, 04:12",,www.hh88hg.website Get free bonus 1998 now. No deposit conditions,English,Phishing
,"15 January 2024, 14:11",GCash,Big home improvements? Magbayad ng hulugan with GGives! Choose GGives when you scan the QR code at the cashier using the GCash app. Your GGives eligibility is subject to regular review. Check your GGives dashboard before use to ensure eligibility.,English,Benign
,"15 January 2024, 04:49",,"Make money while watching YouTube, earn 500P per day, contact the tutor to receive 138P. abcf.bid",English,Phishing
,"15 January 2024, 02:30",,"Make money while watching YouTube, earn 500P per day, contact the tutor to receive 138P. kkkq.bid",English,Phishing
,"14 January 2024, 01:15",,https://dff9dfd.guru Get free bonus 1777 now. No deposit conditions,English,Phishing
,"13 January 2024, 14:18",,New users get 100% bonus on their first deposit and cash bonus at 20:00 every night! bv0g5.bid,English,Phishing
,"13 January 2024, 05:39",,"Double your fun at Sugarplay11.icu ! Claim your 28,888 Giveaway Promotion and let the winning spree begin",English,Phishing
,"12 January 2024, 16:22",,Dont miss your FRIDAY Bonus 6888 With New Member 153% Deposit Bonus! Get Free 777p&177p. More Promotion Event & Favor Slot Games at GoJackpot11.icu,Tag-Lish,Phishing
,"12 January 2024, 16:15",GGives,"Congratulations, you are now eligible to use GGives for a limited time only! Shop now without worries and pay later. Enjoy as low as 0% interest with our partner merchants! Visit GGives in the GCash app to learn more about our participating merchants and how to pay using GGives.",English,Benign
,"12 January 2024, 16:13",GCash,"You are activating GGives on your GCash account to loan and pay in installments. Kung hindi ikaw ito, 'WAG IBIGAY SA KAHIT SAANG SITE O IPADALA SA KAHIT KANINO ang OTP mo dahil SCAM 'YAN! Kung ikaw ang nag request, ang OTP mo ay 480514",Tag-Lish,Benign
,"12 January 2024, 14:05",GCash,Kulang ang budget? Sagot ka ng GGives! Pwede kang magshopping up to P125k at magbayad nang hulugan with 0 downpayment today! Tap Borrow > GGives sa GCash app para mag-activate ang GGives. Your GGives eligibility is subject to regular review. Check your GGives dashboard before use to ensure eligibility.,Tag-Lish,Benign
,"11 January 2024, 15:52",BDO,"#BDOStopScam: IGNORE fake alerts asking you to verify a transaction through a link. BDO will not send links, so DON'T CLICK links and DON'T SHARE your OTP!",English,Benign
,"11 January 2024, 13:33",BDO,"Ring in the New Year hassle-free! Download the new BDO Pay app for simplified payments using your linked BDO Debit Card, Credit Card or Deposit Account.",English,Benign
,"10 January 2024, 15:57",,94362 is your Facebook confirmation code,English,Benign
,"9 January 2024, 13:33",,Win Big Today at WinningPlus! New Players Remember Get 153% Extra Bonus & Get 588p & 388p For Free! Explore More Promotions & Vip Clup at https://WinPlus8.icu,Tagalog,Phishing
,"9 January 2024, 02:39",GOMO,Yassss! You've successfully purchased 20GB Data No Expiry. P259.00 has been charged to your account. You may view your purchase history through the My Account section of the GOMO PH App.,English,Benign
,"9 January 2024, 02:38",GCash,"984709 is your authentication code. For your protection, do not share this code with anyone. yyAfcYn/qSW",English,Benign
,"9 January 2024, 00:12",GCash,You have received P148.50 GCash from 7eleven Kiosk w/ MSG - 2400-9000-2873. Your new balance is P254.57 01-09-24 12:12AM. Ref no. 0014427665527.,English,Benign
,"8 January 2024, 02:42",,"Online part-time job with free time, daily income of 330P, contact the tutor to receive 138P newbie red envelope. jf58.bid",English,Phishing
,"7 January 2024, 14:26",,"Part-time car reviewer, easily earn 300P high income, contact the manager to receive 138P newbie red envelope. qp03.bid",English,Phishing
,"7 January 2024, 05:32",,"Guys, I just joined the car reviewer job and have earned 300P. Contact the manager to receive a 138P red envelope. px698.bid",English,Phishing
,"6 January 2024, 09:19",,"Inimbitahan mo ang isang kaibigan na mag-recharge ng P100, ang iyong kaibigan ay makakakuha ng P200 at makakakuha ka ng P66 phl777.tv",Tagalog,Phishing
,"6 January 2024, 02:12",,"Mag-imbita ng mga kaibigan na mag-recharge, at makakakuha ka ng 166P pagkatapos mag-recharge ng 100P nang walang anumang turnover. phl777.tv",Tagalog,Phishing
,"5 January 2024, 07:23",,"Mag-recruit ng mga reviewer ng kotse, sumali at makakuha ng 138p. Code ng imbitasyon: 2H7MSY wqe68.bid",Tagalog,Phishing
,"5 January 2024, 07:18",,"Mag-recruit ng mga reviewer ng kotse, sumali at makakuha ng 138p. Code ng imbitasyon: 2H7MSY wqe68.bid",Tagalog,Phishing
,"4 January 2024, 15:47",,"Mag-imbita ng mga kaibigan na mag-recharge, at makakakuha ka ng 166P pagkatapos mag-recharge ng 100P nang walang anumang turnover. phl777.tv",Tagalog,Phishing
,"4 January 2024, 11:05",BDO,Make the switch to the new BDO Online app now and get a more personalized experience with the way you manage your BDO accounts. Download now!,English,Benign
,"3 January 2024, 10:55",,"Mag-imbita ng mga kaibigan na mag-recharge, at makakakuha ka ng 166P pagkatapos mag-recharge ng 100P nang walang anumang turnover. phl777.tv",Tagalog,Phishing
,"2 January 2024, 00:37",,"Immerse in luck at SugarPlay! Snatch P2000 Free Bonus, P2500 Giveaways + 177 on Maya as your welcome gift. Visit https://Sugarplay0.icu",English,Phishing
,"1 January 2024, 20:11",,[ Betso88 x Epicwin ]: Join us & FREE 50p today Auto FREE 50p when signup! Get extra 100p with any deposit Trusted website : https://EpicWin10.icu,English,Phishing
,"1 January 2024, 16:34",SMARTLoad,01/01 16:34: P200.00 loaded to 09129094503 from xxxxxxxx4921 for 1 year. Ref:BA127DQKTC. Get MORE with PROMO LOAD in the Smart App!,English,Benign
,"1 January 2024, 16:34",SMARTLoad,"Manage your account, access the most EXCLUSIVE promos & do MORE with Smart App! It's easy and reliable. Download now! smrt.ph/SmartApp",English,Benign
,"31 December 2023, 18:08",,"Immerse in luck at SugarPlay! Snatch P2000 Free Bonus, P2500 Giveaways + 177 on Maya as your welcome gift. Visit https://Sugarplay0.icu",English,Phishing
,"30 December 2023, 11:07",GCash,Kinulang ang ingredients pang holiday handaan? I-GGives Sakto mo na! Borrow for as low as P300 in supermarkets and convenience stores. Pay using GGives Sakto now! Please note that your eligibility is subject to regular review.,English,Benign
,"30 December 2023, 08:59",,"Embrace Winplus joy! Free P588 red packet, WEEKDAYS Unlimited 999 bonus, and 588 Free on 1st deposit. Explore at https://winplus9.icu",English,Phishing
,"30 December 2023, 03:53",GCash,"Did you request to SEND MONEY to AN*A L*** A.'s GCash number, 09927975760 with amount of PHP 1000.00? If not, DON'T ENTER YOUR OTP ON ANY SITE OR SEND IT TO ANYONE because IT'S A SCAM! If you requested, your OTP is 139652.",English,Benign
,"29 December 2023, 11:26",,130 368 is your Instagram code. Don't share it.,English,Benign
,"29 December 2023, 08:47",GCash,"Pwede ka na mag-crypto sa GCash! Madali, mabilis, at siguradong secure. Start your crypto journey with GCrypto today!",Tag-Lish,Benign
,"28 December 2023, 11:00",GOMO,"Only 3 DAYS left to join the 'Mo Creds Raffle! Get a chance to win an iPhone 15 Pro Max, Samsung Z Flip 5, and other awesome prizes. Go to bit.ly/MoCredsRaffle now and swap your GBs to earn raffle tickets! Promo runs until December 31, 2023. Per DTI Fair Trade Permit No. FTEB-181126, series of 2023. No advisories? Text OFF to 2686 for free.",English,Benign
,"28 December 2023, 09:15",,"Immerse in luck at SugarPlay! Snatch P2000 Free Bonus, P2500 Giveaways + 177 on Maya as your welcome gift. Visit https://Sugarplay3.icu",English,Phishing
,"26 December 2023, 12:01",,"Embrace Winplus joy! Free P588 red packet, WEEKDAYS Unlimited 999 bonus, and 588 Free on 1st deposit. Explore at http://winplus3.icu",English,Phishing
,"24 December 2023, 13:45",GCash,New appliances & gadgets kahit walang credit card! Activate your GGives para ready ka na mag shopping. Tap Borrow > GGives on your GCash app to learn more. Your GGives eligibility is subject to regular review. Check your GGives dashboard before use to ensure eligibility.,English,Benign
,"24 December 2023, 04:06",,"Unlock GoJackpot's fortunes! 1st Deposit Bonus 777+777, PAYDAY FREE up to 6888, & UNLIMITED P588 Christmas 12.12 GOLDEN EGG. Join at https://GoJackpot5.icu",English,Phishing
,"23 December 2023, 13:39",GCash,Gawing magaan sa bulsa ang mahal na bilihin with GGives! Magbayad ng hulugan with no cash out needed pag nag shopping. Activate your GGives in your GCash app by tapping on Borrow > GGives. Your GGives eligibility is subject to regular review. Check your GGives dashboard before use to ensure eligibility.,Tag-Lish,Benign
,"23 December 2023, 09:50",GOMO,"Just for ya, GOMO Fam! Get a FREE Upsize at PICKUP COFFEE when you show your GOMO referral code from your GOMO PH app. Valid in selected PICKUP COFFEE branches nationwide. Visit www.gomo.ph/faq for more info. Promo runs until December 31, 2023. Per DTI Fair Trade Permit No. FTEB-181263, series of 2023. No advisories? Text OFF to 2686 for free.",English,Benign
,"22 December 2023, 15:18",,"Celebrate Christmas at GoJackpot! Dont Forget Claim your TGIF-Friday Bonus, Free 6888P! New Users Enjoy 153% Extra bonus, 777+177 at https://GoJackpot5.icu",Tagalog,Phishing
,"22 December 2023, 14:14",GCash,Gawing magaan sa bulsa ang mahal na bilihin with GGives! Magbayad ng hulugan with no cash out needed pag nag shopping. Activate your GGives in your GCash app by tapping on Borrow > GGives. Your GGives eligibility is subject to regular review. Check your GGives dashboard before use to ensure eligibility.,Tag-Lish,Benign
,"22 December 2023, 11:38",NTC,DMW:#ApatDapat3&4 3. Trabaho ba sa abroad? Makipagtransaction lang sa loob ng opisina ng agency 4. Magbayad ng placement fee kung me kontrata na. Humingi ng OR,Tagalog,Benign
,"21 December 2023, 20:14",NTC,DMW:#ApatDapat3&4 3. Trabaho ba sa abroad? Makipagtransaction lang sa loob ng opisina ng agency 4. Magbayad ng placement fee kung me kontrata na. Humingi ng OR,Tagalog,Benign
,"21 December 2023, 19:46",GCash,"Did you request to SEND MONEY to KI****Y BE*N M.'s GCash number, 09163993908 with amount of PHP 200.00? If not, DON'T ENTER YOUR OTP ON ANY SITE OR SEND IT TO ANYONE because IT'S A SCAM! If you requested, your OTP is 228205.",English,Benign
,"21 December 2023, 12:39",NTC,"2/3 As prescribed in Republic Act 11202, you can transfer to other mobile networks and still keep your number through Mobile Number Portability (MNP) for free.",English,Benign
,"21 December 2023, 12:39",NTC,"3/3 For details about MNP, visit tcimnp.com.ph. TCI (Telecommunications Connectivity, Inc.) is the joint venture company of DITO, Globe and SMART",English,Benign
,"21 December 2023, 12:39",NTC,"1/3 This is a public service advisory from the National Telecommunications Commission, Telecommunications Connectivity, Inc. and SMART.",English,Benign
,"21 December 2023, 12:04",GCash,Congratulations! You have received a P50 GOMO Online Voucher. Go to your GCash VoucherPocket to redeem. Valid 30 days.,English,Benign
,"21 December 2023, 11:20",GOMO,"Make this holiday SZN more awesome when you join the 'Mo Creds Raffle! Get a chance to win an iPhone 15 Pro Max, Samsung Z Flip 5, and more. Go to bit.ly/MoCredsRaffle now and swap, swap, swap! Promo runs until December 31, 2023. Per DTI Fair Trade Permit No. FTEB-181126, series of 2023. No advisories? Text OFF to 2686 for free.",English,Benign
,"19 December 2023, 13:42",RD PAWNSHOP,"Hi Mr/Ms <NAME>, RDCN 44967 can be claimed at any RDPawnshop, Penbank, Villarica & TrueMoney branches. Please present valid ID. Thank you!",English,Benign
,"18 December 2023, 02:00",,[ Betso88 x Epicwin ]: Join us & FREE 50p today Auto FREE 50p when signup! Get extra 100p with any deposit Trusted website : https://EpicWin1.icu,English,Phishing
,"17 December 2023, 20:46",,"para makakuha ng mga bonus,I-install lang ang APP para makakuha ng 98p libre https://m.fk775.space",Tagalog,Phishing
,"17 December 2023, 15:34",RD PAWNSHOP,"Hi Mr/Ms <NAME>, RDCN 34718 can be claimed at any RDPawnshop, Penbank, Villarica & TrueMoney branches. Please present valid ID. Thank you!",English,Benign
,"17 December 2023, 15:08",GCash,"Did you request to do BANK TRANSFER to BDO Unibank, Inc. account no. ending in 6177 with amount of PHP 2000.00? If not, DON'T ENTER YOUR OTP ON ANY SITE OR SEND IT TO ANYONE because IT'S A SCAM! If you requested, your OTP is 905920.",English,Benign
,"17 December 2023, 13:25",GCash,I-activate na ang GGives mo para sa up to P125k extra budget pang shopping man o emergencies. Tap Borrow > GGives on your GCash app to activate and enjoy GGives. Your GGives eligibility is subject to regular review. Check your GGives dashboard before use to ensure eligibility.,English,Benign
,"17 December 2023, 11:10",,"Immerse in luck at SugarPlay! Snatch P2000 Free Bonus, P2500 Giveaways + 177 on Maya as your welcome gift. Visit https://Splay.icu today!",English,Phishing
,"17 December 2023, 00:21",,"【ph365】Hello, new free money bonus 1998 with no deposit condition, please login https://ersjjh.support to get free money 1998 now",English,Phishing
,"16 December 2023, 22:59",GCash,You have received P120.00 of GCash from 7 Eleven on 12-16-23 10:59:08 PM. Ref. No. 066181640.,English,Benign
,"16 December 2023, 13:08",,Celebrate Weekend & Payday with a Bang at GoJackpot! Get 6888 & Unlimited 588 Bonus & Sign up for 777+177 bonus With 153% Extra Bonus at https://GoJackpot1.icu,Tag-Lish,Phishing
,"16 December 2023, 08:40",GCash,Di na pahirapan ang pag-utang dahil may GGives Sakto ka na! Pwede kang humiram ng up to P500 na pantawid para sa pangangailangan mo. Mag-GGives Sakto na! Your GGives Sakto eligibility is subject to regular review. Check your GGives dashboard before purchase to ensure it is available. Tap Borrow > GGives on the GCash app.,Tag-Lish,Benign
,"15 December 2023, 13:32",GCash,CONGRATS! Eligible ka na mag GGives. Activate your GGives para sa abot-kayang hulugan na up to 24 months sa favorite stores mo! Tap Borrow > GGives on your GCash app to activate. Your GGives eligibility is subject to regular review. Check your GGives dashboard before use to ensure eligibility.,Tag-Lish,Benign
,"15 December 2023, 12:37",GCash,"Did you request to do BANK TRANSFER to BDO Unibank, Inc. account no. ending in 6177 with amount of PHP 5000.00? If not, DON'T ENTER YOUR OTP ON ANY SITE OR SEND IT TO ANYONE because IT'S A SCAM! If you requested, your OTP is 780985.",English,Benign
,"15 December 2023, 02:55",GCash,"WAG I-SHARE ANG IYONG OTP. May bagong device na nagrequest ng access sa GCash account mo. Kung ikaw ito, ang OTP ay 779642. Kung hindi, scam yan at wag ibigay.",Tagalog,Benign
,"12 December 2023, 14:52",BDO,Send Money to your friends and loved ones via InstaPay with ZERO TRANSFER FEES this holiday season. Make the switch to the new BDO Online app now!,English,Benign
,"11 December 2023, 01:07",,"Embrace BER Month with GoJackpot! Get free Golden Eggs, a Php 7,777 boost, and a Php 20 bonus. Triumph in each round. Visit https://GoJackpot1.vegas",English,Phishing
,"10 December 2023, 18:14",GCash,"WAG I-SHARE ANG IYONG OTP. May bagong device na nagrequest ng access sa GCash account mo. Kung ikaw ito, ang OTP ay 633423. Kung hindi, scam yan at wag ibigay.",Tagalog,Benign
,"10 December 2023, 05:30",,Kumpletuhin ang recharge at i-download ang APP sa parehong araw para makatanggap ng P117 cash! mv4xx.loan,Tagalog,Phishing
,"9 December 2023, 23:01",,Kumpletuhin ang recharge at i-download ang APP sa parehong araw para makatanggap ng P117 cash! mv4xx.loan,Tagalog,Phishing
,"9 December 2023, 10:20",GOMO,Yassss! You've successfully purchased 20GB Data No Expiry. P259.00 has been charged to your account. You may view your purchase history through the My Account section of the GOMO PH App.,English,Benign
,"9 December 2023, 10:20",GCash,"386067 is your authentication code. For your protection, do not share this code with anyone. yyAfcYn/qSW",English,Benign
,"9 December 2023, 10:09",GOMO,"Cozy UP with this GOMO Fam Perk! Get a FREE UPsize on your PICKUP COFFEE until December 31, 2023 when you show your GOMO referral code from the app. Valid in selected PICKUP COFFEE branches nationwide. Per DTI Fair Trade Permit No. FTEB-181263, series of 2023. No advisories? Text OFF to 2686 for free.",English,Benign
,"7 December 2023, 23:29",,Log in at forward sa FB para makakuha ng P38 ng libre sdi1k.loan,Tagalog,Phishing
,"7 December 2023, 15:57",,Log in at forward sa FB para makakuha ng P38 ng libre sdi1k.loan,Tagalog,Phishing
,"7 December 2023, 14:52",,Enjoy WinningPlus Payday Bonanza with Free 999 Bonus. New players enjoy 153% Deposit Bonus. Get Free 588 & 388 Bonus Win Slot Jackpots at https://Winplus.vegas,English,Phishing
,"7 December 2023, 14:08",GLOBEATHOME,Gusto mo ba ng UNLI Fiber WiFi for as low as P299? #KayaMoNow dahil may Fiber na sa area niyo! Pa-install na ng GFiber Prepaid sa https://g1.onelink.me/KJve/djz3kmx3. Subject to serviceability checking. No advisories? Text OFF to 2686 for free.,Tag-Lish,Benign
,"5 December 2023, 12:39",,"Open the door to BER Month fortune at WinningPlus! New users enjoy 588 Free Bonus, 60k cashback & an extra 388 on Maya. Visit https://winplus.vegas for victorious wins!",English,Phishing
,"4 December 2023, 10:41",,"Congratulations GCash User! You have received P9,500 from GCash Team. Claim your cash by clicking the link below. Claim your cash at decembercash.tech/claim-cash Thank you for choosing GCash!",English,Phishing
,"4 December 2023, 01:58",,Bermonths bring high winning rates Plus weekend Luck at WinningPlus! New users get 588 Free Bonus Plus 60k cashback & extra 388 on Maya. https://winplus.vegas,English,Phishing
,"3 December 2023, 11:45",GOMO,"Make this holiday SZN more awesome when you join the 'Mo Creds Raffle! Get a chance to win an iPhone 15 Pro Max, Samsung Z Flip 5, and more. Go to bit.ly/MoCredsRaffle now and swap, swap, swap! Promo runs until December 31, 2023. Per DTI Fair Trade Permit No. FTEB-181126, series of 2023. No advisories? Text OFF to 2686 for free.",English,Benign
,"3 December 2023, 03:31",,"Tandaang mag-log in araw-araw para mag-claim ng mga reward! Ang maximum na limitasyon ay P1,777 7a2bvd.loan",Tag-Lish,Phishing
,"2 December 2023, 23:51",,Log in at forward sa FB para makakuha ng P38 ng libre cj78s.loan,Tagalog,Phishing
,"2 December 2023, 23:10",,Log in at forward sa FB para makakuha ng P38 ng libre cj78s.loan,Tagalog,Phishing
,"2 December 2023, 19:01",GCash,"Did you request to SEND MONEY to JE**N C.'s GCash number, 09310511915 with amount of PHP 300.00? If not, DON'T ENTER YOUR OTP ON ANY SITE OR SEND IT TO ANYONE because IT'S A SCAM! If you requested, your OTP is 085656.",English,Benign
,"2 December 2023, 13:53",PALAWAN_Exp,"Mr/Ms <NAME>, claim your PALAWAN Express GJZ-8-43563-ZAW at any Palawan Pawnshop/Palawan Express/Tambunting/LBC/SM/Robinsons.Bring ID.",English,Benign
,"1 December 2023, 23:51",GCash,"Did you request to SEND MONEY to R*** H.'s GCash number, 09672907462 with amount of PHP 99.00? If not, DON'T ENTER YOUR OTP ON ANY SITE OR SEND IT TO ANYONE because IT'S A SCAM! If you requested, your OTP is 239350.",English,Benign
,"1 December 2023, 22:47",GCash,"WAG I-SHARE ANG IYONG OTP. May bagong device na nagrequest ng access sa GCash account mo. Kung ikaw ito, ang OTP ay 738155. Kung hindi, scam yan at wag ibigay.",Tagalog,Benign
,"1 December 2023, 14:31",CIMB_Bank,"We're excited to celebrate our 5th birthday! Earn up to 15% p.a. interest on your UpSave/GSave account when you grow your ADB, spend using the CIMB Virtual Debit Card, buy load, or pay bills using the CIMB Bank PH app. Promo runs until 12/31/2023. T&Cs apply.",English,Benign
,"28 November 2023, 16:18",,get 188p so Easy ! Download app ! risu.io/yQTtm,Tag-Lish,Phishing
,"28 November 2023, 11:30",BDO,Send Money to any bank or e-wallet via InstaPay and enjoy zero transfer fees on the new BDO Online app! Download now.,English,Benign
,"26 November 2023, 02:14",SMARTLoad,"Manage your account, access the most EXCLUSIVE promos & do MORE with Smart App! It's easy and reliable. Download now! smrt.ph/SmartApp",English,Benign
,"26 November 2023, 02:14",SMARTLoad,26/11 02:14: P60.00 loaded to 09129094503 from xxxxxxxx2785 for 1 year. Ref:AKQ03CMWRY. Get MORE with PROMO LOAD in the Smart App!,English,Benign
,"24 November 2023, 21:23",,"Download the app on Friday, top up to p38 and enjoy! https://getrich.fyi/plmmm",English,Phishing
,"24 November 2023, 11:28",,Enjoy high winning rates and unlimited daily rebates and bonuses! Sign up with GoJackpot right now to get 777 PHP for free. Visit GoJackpot2.world,English,Phishing
,"23 November 2023, 17:26",BDO,The old BDO Digital Banking app will soon make way for the new BDO Online app. Make the switch and Bank Your Way this holiday season. Download now!,English,Benign
,"22 November 2023, 12:47",GLOBEATHOME,Gusto mo ba ng UNLI Fiber WiFi for as low as P299? #KayaMoNow dahil may Fiber na sa area niyo! Magpa-install na ng GFiber Prepaid sa https://g1.onelink.me/KJve/djz3kmx3. Subject to serviceability checking. No advisories? Text OFF to 2686 for free.,Tag-Lish,Benign
,"22 November 2023, 09:14",GCash,"381572 is your authentication code. For your protection, do not share this code with anyone. yyAfcYn/qSW",English,Benign
,"22 November 2023, 04:02",GCash,You have received P99.00 GCash from 7eleven Kiosk w/ MSG - 2332-6003-3161. Your new balance is P422.47 11-22-23 4:02AM. Ref no. 0013400673800.,English,Benign
,"21 November 2023, 22:50",SMARTLoad,"Manage your account, access the most EXCLUSIVE promos & do MORE with Smart App! It's easy and reliable. Download now! smrt.ph/SmartApp",English,Benign
,"21 November 2023, 22:50",SMARTLoad,21/11 22:50: P15.00 loaded to 09129094503 from xxxxxxxx2785 for 1 year. Ref:AKL82X36VI. Get MORE with PROMO LOAD in the Smart App!,English,Benign
,"21 November 2023, 16:01",GCash,"Did you request to do BANK TRANSFER to BDO Unibank, Inc. account no. ending in 6177 with amount of PHP 1000.00? If not, DON'T ENTER YOUR OTP ON ANY SITE OR SEND IT TO ANYONE because IT'S A SCAM! If you requested, your OTP is 297798.",English,Benign
,"21 November 2023, 15:34",GCash,"WAG I-SHARE ANG IYONG OTP. May bagong device na nagrequest ng access sa GCash account mo. Kung ikaw ito, ang OTP ay 250737. Kung hindi, scam yan at wag ibigay.",Tagalog,Benign
,"21 November 2023, 12:45",GOMO,"Get a chance to win a realme 9 Pro 5G, P1,500 ZALORA Gift Certificates, or a ZALORA VIP subscription when you refer your friends to GOMO using your referral code! Go to http://bit.ly/GOMOReferral and do it now, fam! Promo is until November 30, 2023 only. Per DTI Fair Trade Permit No. FTEB-172168, series of 2023. No advisories? Text OFF to 2686 for free.",English,Benign
,"21 November 2023, 09:59",,"Tito, nagdeposito lang ako ng P177 sa 177BET at nakakuha ako ng 100% cash. Nanalo ako ng P53627. Halika, huwag sabihin kahit kanino! 177bet3.loan",Tagalog,Phishing
,"21 November 2023, 06:23",Shopee,"Enter verification code: 891635, to activate SPayLater, valid for 15 mins. NEVER share this code with others under any circumstances. PW42aWeqbj5",English,Benign
,"21 November 2023, 00:20",GCash,"533010 is your authentication code. For your protection, do not share this code with anyone. yyAfcYn/qSW",English,Benign
,"20 November 2023, 18:26",,"Explore GoJackpot! 777 Free Bonus now! and win big in the 600,000 giveaway plus 177 using paymaya! Easy Cash in and out with high winning rates! gojackpot2.ink",English,Phishing
,"20 November 2023, 13:17",BDO,"Try the new BDO Pay, your everyday e-wallet app! FREE Send Money, Pay Bills to over 1,400 billers & Scan to Pay with QR Ph! Download, log in with your BDO Online details, and sign up!",English,Benign
,"20 November 2023, 08:07",MayaRewards,"Maya wants you back this Xmas! Pay via Maya Number, Card or QR for a min. of P2,500 at select merchants to get up to P5,000 cashback and more!",English,Benign
,"18 November 2023, 08:50",GCash,You've got a PHP 30.00 QR voucher! Use it on your next QR purchase on GCash. Valid for 7 days. Go to your GCash Profile and tap Voucher Pocket to view your voucher.,English,Benign
,"17 November 2023, 19:45",GOMO,"Hey, GOMO Fam! Just checking up on you after that earthquake. Here are some safety tips that might come in handy: 1) Store enough food and water. Can't stress that enough! 2) Prepare an emergency bag with a flashlight, extra batteries, candles, and a first aid kit. 3) Extra clothes and a hygiene kit? A MUST-HAVE. 4) Charge your phones and power banks, and ensure communication lines remain open. Stay safe, Fam!",English,Benign
,"17 November 2023, 09:45",RD PAWNSHOP,"Hi Mr/Ms <NAME>, RDCN 64568 can be claimed at any RDPawnshop, Penbank, Villarica & TrueMoney branches. Please present valid ID. Thank you!",English,Benign
,"17 November 2023, 08:46",GCash,"519205 is your authentication code. For your protection, do not share this code with anyone. yyAfcYn/qSW",English,Benign
,"17 November 2023, 05:47",,"Ako ay naging ahente ng 177BET at nakatanggap ng semi-monthly dividend na P63,727. Halika samahan mo kami! 177bet.loan",Tagalog,Phishing
,"16 November 2023, 07:05",NTC,Babala:Huwag ibigay ang personal na impormasyon sa text o email mula sa mga hindi kilalang number o email address.Maging ligtas at huwag maging biktima ng scam.,Tagalog,Benign
,"16 November 2023, 01:34",,Nanalo ka kahapon? Ngayon nanalo ulit ako ng P36253. 177BET talaga ang aking cash machine! Tandaan na makatanggap ng mga benepisyo! 177bet1.bid,Tagalog,Phishing
,"15 November 2023, 21:40",BDO,"OTP = O, That's Private! Scammer ang humihingi ng OTP, kaya 'wag itong ipamigay. I-report agad sa (02) 8631-8000. Be smarter than a scammer with #BDOStopScam",Tag-Lish,Benign
,"15 November 2023, 00:21",GCash,"Did you request to SEND MONEY to LO**E CH**S A.'s GCash number, 09619069619 with amount of PHP 50.00? If not, DON'T ENTER YOUR OTP ON ANY SITE OR SEND IT TO ANYONE because IT'S A SCAM! If you requested, your OTP is 714876.",English,Benign
,"14 November 2023, 17:33",BDO,"BDO Pay, your everyday e-wallet app! New look, enhanced features, and FREE Send Money! Download the new BDO Pay, log in using your BDO Online username & password, and follow the steps to complete your sign up. Note: Joint OR accounts are currently not available in BDO Pay. We are working to add this feature soon.",English,Benign
,"14 November 2023, 16:12",BDO,"#BDOStopScam: IGNORE emails/SMS with links to ""update"" your account. These are scams! BDO will not send links, so DON'T CLICK links and DON'T SHARE your OTP!",English,Benign
,"13 November 2023, 17:46",GCash,"Did you request to SEND MONEY to MA*K RE****E L.'s GCash number, 09912029100 with amount of PHP 810.00? If not, DON'T ENTER YOUR OTP ON ANY SITE OR SEND IT TO ANYONE because IT'S A SCAM! If you requested, your OTP is 712410.",English,Benign
,"13 November 2023, 10:05",,Using pay maya Enjoy 3% Cash back Instantly mn68.co,Tag-Lish,Phishing
,"13 November 2023, 08:39",,"Welcome back to GoJackpot this weekend! New users enjoy 999 Free Bonus, Win 75K prizes, & Get Shot at an iPhone 15 Pro Max on the Lucky Wheel at GoJackpot1.ink",English,Phishing
,"12 November 2023, 15:15",,"""Get 188p for free, just download the Official APP! Link mn68.co""",English,Phishing
,"12 November 2023, 12:37",RD PAWNSHOP,"Hi Mr/Ms <NAME>, RDCN 74296 can be claimed at any RDPawnshop, Penbank, Villarica & TrueMoney branches. Please present valid ID. Thank you!",English,Benign
,"12 November 2023, 09:45",GOMO,BREAKING: GOMO Roam has landed in over 160 destinations! Enjoy 3 days of roaming data that's out of this world for just P399. Don't miss this cosmic opportunity and try GOMO Roam on your next trip! No advisories? Text OFF to 2686 for free.,English,Benign
,"11 November 2023, 01:08",GCash,You have received P598.95 GCash from 7eleven Kiosk w/ MSG - 2331-5001-5693. Your new balance is P600.67 11-11-23 1:08AM. Ref no. 0013173876093.,English,Benign
,"10 November 2023, 19:14",SMARTLoad,"Manage your account, access the most EXCLUSIVE promos & do MORE with Smart App! It's easy and reliable. Download now! smrt.ph/SmartApp",English,Benign
,"10 November 2023, 19:14",SMARTLoad,10/11 19:14: P50.00 loaded to 09129094503 from xxxxxxxx2785 for 1 year. Ref:AKA91Q6K1F. Get MORE with PROMO LOAD in the Smart App!,English,Benign
,"9 November 2023, 16:51",BDO,"BDO Pay, your everyday e-wallet app! New look, enhanced features, and FREE Send Money! Download the new BDO Pay, log in using your BDO Online username & password, and follow the steps to complete your sign up. ! Joint OR accounts are currently not available in BDO Pay. We are working to add this feature soon.",English,Benign
,"9 November 2023, 14:11",GCash,"126531 is your authentication code. For your protection, do not share this code with anyone. yyAfcYn/qSW",English,Benign
,"9 November 2023, 13:35",GCash,You have received P54.45 GCash from 7eleven Kiosk w/ MSG - 2331-3025-6098. Your new balance is P54.72 11-09-23 1:35PM. Ref no. 0013141373299.,English,Benign
,"9 November 2023, 08:31",NTC,Babala:Huwag ibigay ang personal na impormasyon sa text o email mula sa mga hindi kilalang number o email address.Maging ligtas at huwag maging biktima ng scam.,Tagalog,Benign
,"8 November 2023, 14:07",GLOBEATHOME,"#KayaMoNow i-level up ang internet sa bahay gamit ang mabilis at maaasahan na GFiber Prepaid, now with FREE BlastTV subscription to stream movies, shows, channels, at live sports! Enjoy reloadable UNLI Fiber WiFi for as low as P299, walang lock-up, at walang documents na kailangan! Mag-apply na via the GlobeOne app at https://g1.onelink.me/KJve/djz3kmx3. Subject to serviceability checking. No advisories? Text OFF to 2686 for free.",Tag-Lish,Benign
,"8 November 2023, 13:55",GCash,"Did you request to SEND MONEY to MO****E M.'s GCash number, 09672786764 with amount of PHP 60.00? If not, DON'T ENTER YOUR OTP ON ANY SITE OR SEND IT TO ANYONE because IT'S A SCAM! If you requested, your OTP is 303795.",English,Benign
,"8 November 2023, 13:46",GCash,You have received P59.40 GCash from 7eleven Kiosk w/ MSG - 2331-2027-3646. Your new balance is P60.27 11-08-23 1:46PM. Ref no. 0013122168920.,English,Benign
,"8 November 2023, 12:40",,"Bro, nalaman ko na bilang isang ahente, ang komisyon sa loob ng 1 oras ay kasing taas ng P1928! Mag-imbita lang ng mga kaibigan para kumita!177betj.info",Tagalog,Phishing
,"8 November 2023, 11:20",,"J&T DELIVERY!TN: 787488317736 Rider:VAN1 Armand Bajado,639606031191. For COD pls prepare exact amount. Photo proof of delivery is required. Thanks and be safe!",English,Benign
,"8 November 2023, 10:15",,"Kuya, sabi mo pwede ka talagang manalo ng pera kapag naglaro ka sa unang pagkakataon. Nanalo lang ako ng P87635 Magkano ang napanalunan mo ngayon?177betj.info",Tagalog,Phishing
,"8 November 2023, 08:39",,"Kuya, sabi mo pwede ka talagang manalo ng pera kapag naglaro ka sa unang pagkakataon. Nanalo lang ako ng P87635 Magkano ang napanalunan mo ngayon?177betk.info",Tagalog,Phishing
,"7 November 2023, 16:59",GLOBEATHOME,Expired na ba ang iyong Globe At Home Prepaid WiFi SIM? 'Wag mag-alala dahil available na ang Prepaid WiFi SIM only for just P88 na may kasamang FREE 10GB shareable data! Visit the Official Globe Shopee or Lazada Stores para bumili ng SIM at i-enjoy ang mga sulit promos na sakto sa pamilya. No advisories? Text OFF to 2686 for FREE.,Tag-Lish,Benign
,"7 November 2023, 11:01",BDO,"New BDO Pay app arrives on November 9, 2023. Download from Google Play or the App Store.",English,Benign
,"7 November 2023, 00:26",,"bilang miyembro, may tiket ka para sa raffle sa unang at pangalawang reload mo sa au88.co",Tagalog,Phishing
,"5 November 2023, 23:36",,"bilang miyembro, may tiket ka para sa raffle sa unang at pangalawang reload mo sa ar88.co",Tagalog,Phishing
,"5 November 2023, 19:58",GCash,"Did you request to SEND MONEY to MA*****O JO*N JO***A G.'s GCash number, 09156876125 with amount of PHP 650.00? If not, DON'T ENTER YOUR OTP ON ANY SITE OR SEND IT TO ANYONE because IT'S A SCAM! If you requested, your OTP is 989697.",English,Benign
,"5 November 2023, 19:38",GCash,You have received P648.45 GCash from 7eleven Kiosk w/ MSG - 2330-9043-9647. Your new balance is P650.87 11-05-23 7:38PM. Ref no. 0013070678356.,English,Benign
,"5 November 2023, 12:40",RD PAWNSHOP,"Hi Mr/Ms <NAME>, RDCN 63898 can be claimed at any RDPawnshop, Penbank, Villarica & TrueMoney branches. Please present valid ID. Thank you!",English,Benign
,"4 November 2023, 17:41",GOMO,"This is a public service advisory from the National Telecommunications Commission, the Department of Science and Technology - Philippine Institute of Volcanology and Seismology, and GOMO. Shake, drop, roar? Move away from the shore! Know the signs of a local tsunami. Join the World Tsunami Awareness Day on November 5. We are #TsunamiReadyPH!",English,Benign
,"4 November 2023, 06:15",,"【365】Hello, new free money bonus 999 with no deposit condition, please login fhgh77.asia to get free money 999 now",English,Phishing
,"3 November 2023, 18:50",CIMB_Bank,"We're excited to celebrate our 5th birthday! Earn up to 15% p.a. interest on your UpSave/GSave account when you grow your ADB, spend using the CIMB Virtual Debit Card, buy load, or pay bills using the CIMB Bank PH app. Promo runs until 12/31/2023. T&Cs apply.",English,Benign
,"3 November 2023, 03:14",GCash,"193017 is your authentication code. For your protection, do not share this code with anyone. yyAfcYn/qSW",English,Benign
,"2 November 2023, 07:08",NTC,Babala:Huwag ibigay ang personal na impormasyon sa text o email mula sa mga hindi kilalang number o email address.Maging ligtas at huwag maging biktima ng scam.,Tagalog,Benign
,"31 October 2023, 19:40",BDO,#BDOStopScam: Ang pagbigay ng OTP ay maaaring mauwi sa pagkawala ng pera sa iyong account. 'Wag ibigay ang OTP kanino man. Hindi ito hihingin ng BDO kailanman.,Tagalog,Benign
,"29 October 2023, 15:10",GOMO,"Ready for the loooooong weekend? Double your data with 'Mo Creds so you can stream, scroll, and shop all you want! Turn your 3GB No Expiry Data into 6GB that you can use for TikTok, Netflix, or YouTube. Go to bit.ly/MoCredsEntertain and swap, swap, swap! No advisories? Text OFF to 2686 for free.",English,Benign
,"28 October 2023, 08:54",GOMO,"Y'all deserve a FREE UPsize on your PICKUP COFFEE run today! Just show your unique referral code found in the GOMO PH app, under Account > Refer a Friend. Valid in selected PICKUP COFFEE branches nationwide. Visit https://bit.ly/GOMOFAQTopic for more info. No advisories? Text OFF to 2686 for free.",English,Benign
,"28 October 2023, 08:23",PALAWAN_Exp,"Mr/Ms <NAME>, claim your PALAWAN Express GJZ-8-42676-ZAW at any Palawan Pawnshop/Palawan Express/Tambunting/LBC/SM/Robinsons.Bring ID.",English,Benign
,"27 October 2023, 15:48",GOMO,"GOMO Anniv ain't over yet! Get a FREE UPsize from PICKUP COFFEE tomorrow, October 28! Just show your unique referral code found in the GOMO PH app, under Account > Refer a Friend. Valid in selected PICKUP COFFEE branches nationwide. Visit https://bit.ly/GOMOFAQTopic for more info. No advisories? Text OFF to 2686 for free.",English,Benign
,"27 October 2023, 08:17",GCash,"320045 is your authentication code. For your protection, do not share this code with anyone. yyAfcYn/qSW",English,Benign
,"27 October 2023, 06:34",Google,G-633186 is your Google verification code.,English,Benign
,"26 October 2023, 17:06",GOMO,This is a public service advisory from the National Telecommunications Commission and GOMO. Huwag ibigay ang personal na impormasyon sa text o email mula sa mga hindi kilalang number o email address. Maging ligtas at huwag maging biktima ng scam.,Tag-Lish,Benign
,"26 October 2023, 06:04",,Join GoJackpot's Halloween Event & win 4888 daily! Claim 205% Extra bonus & Get Free 777 & 177! Spin Now Lucky Wheel to Win iPhone 15 Pro Max at GoJPLuck.online,Tag-Lish,Phishing
,"26 October 2023, 02:33",,"Hello! The bonus is as high as 1999, enjoy the game and enter risu.io/7BTCu",English,Phishing
,"25 October 2023, 19:20",,"Embrace the Halloween spirit with Gojackpot's Cash Tournament! Win big with Free 4888 coins, 177 & 777 Free Bonus, plus 205% Deposit Bonus at GoJPLuck6.com",English,Phishing
,"24 October 2023, 08:06",,"Ang OKADA Manila ay naglunsad ng online slot machine, maaari kang makakuha ng 177P nang libre kapag nagparehistro ka. www.Okdph.com",Tagalog,Phishing
,"24 October 2023, 03:28",,Bibigyan ka ng MAYA ng 100% na bonus sa iyong unang deposito 177bets.xyz,Tagalog,Phishing
,"24 October 2023, 03:10",,sumali na sa laro? bilisan mo https://risu.io/aeDwP,Tagalog,Phishing
,"23 October 2023, 23:44",,<NAME>. Sumali sa aksyon ng GoJackpot at kunin ang iyong 100% bonus + 3% DAILY DEPOSIT BONUS! Gamitin ang Paymaya at GCash sa betfilvips2.com,Tagalog,Phishing
,"23 October 2023, 10:09",,1 parcel(s) from Ninja Van is on delivery to you. Please prepare cash amount of ₱ 0.00.,English,Phishing
,"23 October 2023, 09:40",,"J&T DELIVERY!TN: 787393761764 Rider:Joe Mark Cenales,639951756702. For COD pls prepare exact amount. Photo proof of delivery is required. Thanks and be safe!",English,Benign
,"22 October 2023, 14:54",,Bibigyan ka ng MAYA ng 100% na bonus sa iyong unang deposito 177bets.xyz,Tagalog,Phishing
,"22 October 2023, 14:24",,Win Big with GoJackpot this Weekend! LG OLED TV & More Prizes Await on GoJPLuck5.com ! Claim your 777+177 Free Bonus & 205% Extra Deposit Bonus with Gcash now!,English,Phishing
,"21 October 2023, 16:16",,Experience stability on GoJackpot with GCash this weekend! Enjoy free 777 & 177 & Get 205% Deposit bonus to increase of Win Big on Slot Jackpot at GoJPLuck6.com,English,Phishing
,"21 October 2023, 09:37",,Slot machine platform magparehistro at tumanggap ng 15P Mag recharge ng 100P Kumuha ng 200P bo6.xyz/FqW,Tag-Lish,Phishing
,"18 October 2023, 20:03",BDO,"#BDOStopScam: 'Wag magpaloko sa mga scammer na nagpapanggap na bank official. Hindi hihingin ng BDO ang iyong OTP, username, o password anuman ang dahilan.",Tagalog,Benign
,"18 October 2023, 19:54",,"Experience mnlwin seamless GCash top-up, get up to 100% deposit bonus mnl2323.net",English,Phishing
,"18 October 2023, 19:33",,"Experience mnlwin seamless GCash top-up, get up to 100% deposit bonus mnl2323.net",English,Phishing
,"17 October 2023, 23:16",GCash,"521697 is your authentication code. For your protection, do not share this code with anyone. yyAfcYn/qSW",English,Benign
,"17 October 2023, 14:49",BDO,The old BDO Digital Banking app will soon make way for the new BDO Online app. Make the switch and download the new BDO Online app today. Bank Your Way!,English,Benign
,"17 October 2023, 08:58",,Enjoy Gcash min 100 at GoJackpot & Free 777! Spin Maya Lucky Wheel for 177 Free & Win LG-OLED TV. Play TOP PH-Slot Online to Win Million Prizes at GoJPLuck2.com,Tag-Lish,Phishing
,"17 October 2023, 00:19",GCash,"760464 is your authentication code. For your protection, do not share this code with anyone. yyAfcYn/qSW",English,Benign
,"16 October 2023, 22:33",GCash,You have received P297.00 GCash from 7eleven Kiosk w/ MSG - 2328-9069-4309. Your new balance is P297.12 10-16-23 10:33PM. Ref no. 0012707257528.,English,Benign
,"16 October 2023, 18:17",CIMB_Bank,"The higher you save, the bigger you earn! You can now enjoy 5% p.a. interest on all your balances with no cap. PLUS 12% p.a. interest on all your ADB growth this month with no cap. T&Cs apply. Promo extended until 10/31/2023. No SMS? Text STOP to 09191602481",English,Benign
,"15 October 2023, 15:40",,"<NAME>., Kuhaan ng 777 Libre at 105% Deposit Bonus sa GoJackpot. Kasama ang 3% Paymaya Bonus. Maglaro ng slot games sa betfilph5.com ngayong weekend!",Tagalog,Phishing
,"14 October 2023, 21:37",,"Say farewell to GCash load issues, it's GoJackpot time this weekend! Enjoy Free 777 & 105% Deposit, and win big slot prizes with your luck now at Gojpluck2.com",English,Phishing
,"13 October 2023, 22:24",Google,754060 is your verification code for Telegram. oLeq9AcOZkT,English,Benign
,"13 October 2023, 18:27",SMARTLoad,13/10 18:27: P50.00 loaded to 09129094503 from xxxxxxxx2785 for 1 year. Ref:AJD4VR821U. Get MORE with PROMO LOAD in the Smart App!,English,Benign
,"13 October 2023, 18:27",SMARTLoad,"Manage your account, access the most EXCLUSIVE promos & do MORE with Smart App! It's easy and reliable. Download now! smrt.ph/SmartApp",English,Benign
,"13 October 2023, 12:52",BDO Alert,#BDOStopScam: Your online banking safety is our priority. - Never share your One-Time PIN. - Do not click links from emails and text messages. - Sign up or log in only through our official apps & site. Be smarter than a scammer.,English,Benign
,"13 October 2023, 03:32",,"Hello, new free money bonus 988 with no deposit condition, please login http://trdk.xyz to get free money 988 now",English,Phishing
,"12 October 2023, 22:05",,Get ready for Weekend & Gcash for Easy Payments on SugarPlay! Enjoy Free 18888 Bonus Event & Tie & Win 28888 ! Get Free 2000 & Win slot Jackpots at SGphWin2.com,English,Phishing
,"12 October 2023, 20:13",CIMB_Bank,"The higher you save, the bigger you earn! You can now enjoy 5% p.a. interest on all your balances with no cap. PLUS 12% p.a. interest on all your ADB growth this month with no cap. T&Cs apply. Promo extended until 10/31/2023. No SMS? Text STOP to 09191602481",English,Benign
,"11 October 2023, 23:20",,Gawin ang iyong unang deposito ng 177P sa 177BET at makakuha ng 100% deposit bonus! Doblehin ang iyong deposito ngayon! Huwag itong palampasin! 177betq.xyz,Tagalog,Phishing
,"11 October 2023, 01:19",,Gcash is Finally Back On Gojackpot! Get Your Free 777 Bonus Now & Win Slot Jackpot Prize Pool! Cash In With Gcash Now With Extra 103% Bonus! Visit GoJPLuck3.com,English,Phishing
,"10 October 2023, 00:02",SMARTLoad,"Manage your account, access the most EXCLUSIVE promos & do MORE with Smart App! It's easy and reliable. Download now! smrt.ph/SmartApp",English,Benign
,"10 October 2023, 00:02",SMARTLoad,10/10 00:02: P10.00 loaded to 09129094503 from xxxxxxxx9374 for 1 year. Ref:AJA7VCNILH. Get MORE with PROMO LOAD in the Smart App!,English,Benign
,"9 October 2023, 23:44",GCash,"WAG I-SHARE ANG IYONG OTP. May bagong device na nagrequest ng access sa GCash account mo. Kung ikaw ito, ang OTP ay 577508. Kung hindi, scam yan at wag ibigay.",Tagalog,Benign
,"9 October 2023, 23:05",,Ang mga bago at lumang miyembro ng 177BET na nag-top up ng P177 ay makakatanggap ng P177 na bonus! 177betp.xyz,Tagalog,Phishing
,"9 October 2023, 17:39",,[ Philwin x Epicwin ]: Play Jili game with Welcome bonus FREE EXTRA 1000P! Livechat for more Super Ace game tips & tricks today~ Try Now : EpicWplay.com,English,Phishing
,"9 October 2023, 12:55",GLOBEATHOME,"#KayaMoNow i-level up ang internet sa bahay gamit ang mabilis at maaasahan na GFiber Prepaid, now with FREE BlastTV subscription to stream movies, shows, channels, at live sports! Enjoy reloadable UNLI Fiber WiFi for as low as P299, walang lock-up, at walang documents na kailangan! Mag-apply na via the GlobeOne app at https://globeone.onelink.me/ej7I/G1SMS. Subject to serviceability checking. No advisories? Text OFF to 2686 for free.",Tag-Lish,Benign
,"9 October 2023, 07:00",,"<NAME>., Unlock success with SBET! Get 100% Welcome Bonus + P888 and a Jackpot chance at sbetphrich.com",English,Phishing
,"9 October 2023, 04:54",,"<NAME>., GoJackpot: Win big! Get 100% Welcome + 3% Deposit Bonus. Play now, win P777 at betfilph4.com",English,Phishing
,"8 October 2023, 15:54",,"Welcome to Exciting Weekend at GoJackpot! Play, win & claim free 777 bonus! Deposit today for 105% extra & unlock VIP perk. Join the fun at GoJPLuck3.com now!",English,Phishing
,"8 October 2023, 14:49",RD PAWNSHOP,"Hi Mr/Ms <NAME>, RDCN 63285 can be claimed at any RDPawnshop, Penbank, Villarica & TrueMoney branches. Please present valid ID. Thank you!",English,Benign
,"8 October 2023, 00:33",,"Hello, new free money bonus 988 with no deposit condition, please login http://trdk.xyz to get free money 988 now",English,Phishing
,"7 October 2023, 20:56",,Gawin ang iyong unang deposito ng 177P sa 177BET at makakuha ng 100% deposit bonus! Doblehin ang iyong deposito ngayon! Huwag itong palampasin! 177beto.xyz,Tagalog,Phishing
,"7 October 2023, 08:28",,,Unknown,Phishing
,"7 October 2023, 08:28",,"J&T DELIVERY!TN: 787295491788 Rider:Joe Mark Cenales,639951756702. For COD pls prepare exact amount. Photo proof of delivery is required. Thanks and be safe!",English,Benign
,"6 October 2023, 15:36",GLOBEATHOME,Expired na ba ang Globe At Home Prepaid WiFi SIM mo? Wag mag-alala dahil pwede ka nang bumili ng SIM only for just P88 na may FREE 10GB shareable data pa! Visit any Globe Stores near you or visit the Globe Online Shop via glbe.co/prepaidwifisim para bumili ng SIM. No advisories? Text OFF to 2686 for FREE.,Tag-Lish,Benign
,"6 October 2023, 14:07",,"Embrace your inner luck! Become a Super Lucky Star at WinningPlus, Claim 1000 Bonus for Slot Jackpots, and seize more benefits. Be Winner now at JoyWinplus.com",English,Phishing
,"6 October 2023, 05:01",,242242 is your Facebook password reset code,English,Benign
,"6 October 2023, 04:45",GCash,You have received P49.50 GCash from 7eleven Kiosk w/ MSG - 2327-9003-2918. Your new balance is P580.32 10-06-23 4:45AM. Ref no. 0012492360551.,English,Benign
,"6 October 2023, 01:54",,"<NAME>., Ready for success? SBET offers a 100% Welcome Bonus. Claim your P888 and seize the Jackpot chance at sbetbigfish2.com",English,Phishing
,"5 October 2023, 18:16",,Gawin ang iyong unang deposito ng 177P sa 177BET at makakuha ng 100% deposit bonus! Doblehin ang iyong deposito ngayon! Huwag itong palampasin! 177betc.xyz,Tagalog,Phishing
,"5 October 2023, 08:37",,,Unknown,Phishing
,"5 October 2023, 08:37",,"J&T DELIVERY!TN: 771428256476 Rider:Joe Mark Cenales,639951756702. For COD pls prepare exact amount. Photo proof of delivery is required. Thanks and be safe!",English,Benign
,"4 October 2023, 21:54",,"Hello, new free money bonus 888 with no deposit condition, please login http://hhk88.one to get free money 888 now",English,Phishing
,"4 October 2023, 19:18",,"Hello, new free money bonus 888 with no deposit condition, please login http://hhk88.one to get free money 888 now",English,Phishing
,"4 October 2023, 13:45",DISCORD,Your Discord security code is: 333544 tzD9jY28Wrn,English,Benign
,"3 October 2023, 12:05",,"Welcome October! New User, get 2000 bonus for High-Rate Slots Jackpot at SugarPlay! Don't miss out More 28888 Bonus in Promo Events! Join now at Sp7Go1.com",Tag-Lish,Phishing
,"2 October 2023, 21:04",,Gawin ang iyong unang deposito ng 177P sa 177BET at makakuha ng 100% deposit bonus! Doblehin ang iyong deposito ngayon! ja.177betj.xyz/sPoidh,Tagalog,Phishing
,"2 October 2023, 19:08",CIMB_Bank,"The higher you save, the bigger you earn! You can now enjoy 5% p.a. interest on all your balances with no cap. PLUS 12% p.a. interest on all your ADB growth this month with no cap. T&Cs apply. Promo extended until 10/31/2023. No SMS? Text STOP to 09191602481",English,Benign
,"2 October 2023, 08:38",MayaSavings,Earn up to 10% p.a. and MORE on Maya Savings this October! Stay tuned to enjoy higher interest boosts. T&Cs apply. DT173209S23,English,Benign
,"2 October 2023, 01:45",PIN,Your Tinder code is 107493 Don't share @tinder.com #107493,English,Benign
,"1 October 2023, 11:06",Foodpanda,Your foodpanda verification code is: 7835,English,Benign
,"30 September 2023, 14:06",PALAWAN_Exp,"Mr/Ms <NAME>, claim your PALAWAN Express GJZ-8-41814-ZAW at any Palawan Pawnshop/Palawan Express/Tambunting/LBC/SM/Robinsons.Bring ID.",English,Benign
,"30 September 2023, 12:49",,"Exciting GoJackpot Weekend is here! Get 50% WEEKEND BONUS, win 4777 Prize at Bustling Event. New users enjoy 153% & 777 Free Bonus for big win at GoJPLuck1.com",English,Phishing
,"29 September 2023, 10:40",,"Hello, new free money bonus 888 with no deposit condition, please login http://dchh.shop to get free money 888 now",English,Phishing
,"28 September 2023, 22:30",,Weekend alert at WinningPlus! Claim 153% WEEKLY DEPOSIT BONUS tomorrow! New users get free 1000 bonus & 103% on deposits. Win Big Jackpot Slot at JoyWplus.com,English,Phishing
,"28 September 2023, 20:22",BDO,#BDOStopScam: Mag-ingat sa scam texts at emails na may link. Hindi magpapadala ang BDO ng link sa text o email. 'Wag i-click ang link. 'Wag ibigay ang OTP!,Tag-Lish,Benign
,"28 September 2023, 15:25",BDO,There's no need to enroll billers or recipients when you Pay Bills or Send Money on the new BDO Online app. Easily save your transaction details by tapping Favorite after a successful transaction. You can choose from your saved billers and recipients by tapping Select from Favorites the next time you transact. Download BDO Online now!,English,Benign
,"28 September 2023, 04:11",,"<NAME>., SugarPlay's Twin Bonanza: Win up to 128,888 prizes! New users receive 2,000 free credits. Join the fun at Sgplaynow1.com",English,Phishing
,"28 September 2023, 02:00",,Gawin ang iyong unang deposito ng 177P sa 177BET at makakuha ng 100% deposit bonus! Doblehin ang iyong deposito ngayon! Huwag itong palampasin! 177betb.xyz,Tagalog,Phishing
,"26 September 2023, 18:32",SMARTLoad,"Manage your account, access the most EXCLUSIVE promos & do MORE with Smart App! It's easy and reliable. Download now! smrt.ph/SmartApp",English,Benign
,"26 September 2023, 18:32",SMARTLoad,26/09 18:32: P50.00 loaded to 09129094503 from xxxxxxxx0975 for 1 year. Ref:AIQ9TX4I3H. Get MORE with PROMO LOAD in the Smart App!,English,Benign
,"26 September 2023, 09:25",GLOBEATHOME,Hurry! 4 days left para makakuha ng freebies with FamSURF this #GDayEveryday! Get a 3-month VIU voucher when you share your FamSURF data to at least 2 members via glbe.co/GlobeOne. Per DTI Fair Trade Permit No. FTEB-174247 Series of 2023.,English,Benign
,"26 September 2023, 09:13",GLOBEATHOME,Hurry! 4 days left para makakuha ng freebies with FamSURF this #GDayEveryday! Get a 3-month VIU voucher when you share your FamSURF data to at least 2 members via glbe.co/GlobeOne. Per DTI Fair Trade Permit No. FTEB-174247 Series of 2023.,English,Benign
,"25 September 2023, 23:29",,Gawin ang iyong unang deposito ng 177P sa 177BET at makakuha ng 100% deposit bonus! Doblehin ang iyong deposito ngayon! Huwag itong palampasin! 177beta.xyz,Tagalog,Phishing
,"25 September 2023, 18:01",,"SG777 Magrehistro upang makatanggap ng 137p, tumaya sa pulang sobre na bonus araw-araw, at tumanggap ng cash na pulang sobre araw-araw: https://sg7773.com",Tagalog,Phishing
,"25 September 2023, 17:55",,"Twin Bonanza Month-End Giveaway at SugarPlay! Win up to 128,888 prizes! New users get 2,000 free on sign-up! Explore More Event 58,888 Free Bonus at sp7go.com",English,Phishing
,"25 September 2023, 14:34",,Gawin ang iyong unang deposito ng 177P sa 177BET at makakuha ng 100% deposit bonus! Doblehin ang iyong deposito ngayon! Huwag itong palampasin! 177betb.xyz,Tagalog,Phishing
,"25 September 2023, 11:59",,"Weekend fun at Pwin777! Win an iPhone 14 Pro Max, daily bonuses up to 77777p, and exciting events. Visit p777a14.xyz now!",English,Phishing
,"24 September 2023, 19:03",,726279 is your Facebook password reset code,English,Benign
,"24 September 2023, 17:51",,951 611 is your Instagram code. Don't share it.,English,Benign
,"24 September 2023, 15:55",,Happy Jackpot Slot Weekend at GoJackpotCity! Join MADNESS SLOT to win 4777 prizes & get 53% extra deposit bonus. New users get 153% bonus. Visit GoJpluck.com,English,Phishing
,"24 September 2023, 10:30",,"Mga nangungunang laro sa casi/no, bin/go, at mga sl0t machine. Mag parehistro at mag deposito ng P200 upang makatanggap ng 200% bonus. dc192.com",Tag-Lish,Phishing
,"23 September 2023, 17:19",CloudOTP,041568 is your verification code for Telegram. oLeq9AcOZkT,English,Benign
,"23 September 2023, 09:46",,"J&T DELIVERY!TN: 787206077314 Rider:Joe Mark Cenales,639951756702. For COD pls prepare exact amount. Photo proof of delivery is required. Thanks and be safe!",English,Benign
,"23 September 2023, 03:16",,"Hello, new free money bonus 988 with no deposit condition, please login http://trdk.xyz to get free money 988 now",English,Phishing
,"22 September 2023, 12:59",RD PAWNSHOP,"Hi Mr/Ms <NAME>, RDCN 28205 can be claimed at any RDPawnshop, Penbank, Villarica & TrueMoney branches. Please present valid ID. Thank you!",English,Benign
,"22 September 2023, 12:47",RD PAWNSHOP,"Hi Mr/Ms JR, RDCN 48269 can be claimed at any RDPawnshop, Penbank, Villarica & TrueMoney branches. Please present valid ID. Thank you!",English,Benign
,"22 September 2023, 02:30",,"Hello, new free money bonus 888 with no deposit condition, please login http:// yy777ff.com to get free money 888 now",English,Phishing
,"21 September 2023, 17:58",,HINDI ITO JOKE! Halina sa pinaka pinagkakatiwalaang casi/no site ng sa Pilipinas at maglaro! Ano pang hinihintay mo? Sumali na sa DCT! dc192.com,Tagalog,Phishing
,"21 September 2023, 16:29",,Kumuha ng 100% Deposit Bonus sa 177BET! Doblehin ang iyong deposito ngayon! Huwag Palampasin! 177betb.xyz,Tagalog,Phishing
,"20 September 2023, 15:24",GLOBEATHOME,"Loaded sa discounts dahil #GDayEveryday with Globe At Home! P917 nalang ang FamSURF999 with 200GB valid for 30 days from Sept.15 - 30, 2023. Mag-load na via glbe.co/GlobeOne . Per DTI Fair Trade Permit No. FTEB-174507 Series of 2023.",Unknown,Benign
,"20 September 2023, 15:13",GLOBEATHOME,"Loaded sa discounts dahil #GDayEveryday with Globe At Home! P917 nalang ang FamSURF999 with 200GB valid for 30 days from Sept.15 - 30, 2023. Mag-load na via glbe.co/GlobeOne . Per DTI Fair Trade Permit No. FTEB-174507 Series of 2023.",Unknown,Benign
,"20 September 2023, 08:50",,247 519 is your Instagram code. Don't share it.,English,Benign
,"20 September 2023, 06:20",,334 520 is your Instagram code. Don't share it. #ig,English,Benign
,"18 September 2023, 05:02",,"Happy Weekend! Get a 53% Deposit Bonus, Get 4777 Free Prizes in our Dynamic Event, and new players receive 777 Free Bonus for high Slot Jackpots at GJPnow.com",English,Phishing
,"16 September 2023, 13:30",,Kumuha ng 100% Deposit Bonus sa 177BET! Doblehin ang iyong deposito ngayon! Huwag Palampasin! 177bet.xyz,Tagalog,Phishing
,"15 September 2023, 17:07",GOMO,"Step your wardrobe game up with stylish picks from Lazada! Just swap 3.5GB for a Lazada P50 Voucher on 'Mo Creds to shop 15% OFF at the Lazada 9.9 Mega Brands Sale lzd.co/LAZGOMO. Data charges may apply. Discount is 15% off, capped at P50, minimum spend of P99. This deal is available from September 1-30 only. No advisories? Text OFF to 2686 for free.",English,Benign
,"15 September 2023, 14:16",GLOBEATHOME,"Umuulan ng 3X BONUS Rewards points sa Globe At Home dahil #GDayEveryday ngayon! Mag-load ng FamSURF199 and up from Sept. 14 - 17, 2023 via GlobeOne app at glbe.co/GLBOne para may instant 3X points kang makukuha. Pwede mo gamitin ang points para sumali sa G Chance The Raffle to win electric vehicle, vacation packages, shopping spree, at marami pang iba. Kaya, mag-load na! Per DTI FTEB-175485 Series of 2023.",Tag-Lish,Benign
,"15 September 2023, 14:06",GLOBEATHOME,"Umuulan ng 3X BONUS Rewards points sa Globe At Home dahil #GDayEveryday ngayon! Mag-load ng FamSURF199 and up from Sept. 14 - 17, 2023 via GlobeOne app at glbe.co/GLBOne para may instant 3X points kang makukuha. Pwede mo gamitin ang points para sumali sa G Chance The Raffle to win electric vehicle, vacation packages, shopping spree, at marami pang iba. Kaya, mag-load na! Per DTI FTEB-175485 Series of 2023.",Tag-Lish,Benign
,"15 September 2023, 01:06",CIMB_Bank,"The higher you save, the bigger you earn! You can now enjoy 5% p.a. interest on all your balances with no cap. PLUS 12% p.a. interest on all your ADB growth this month with no cap. T&Cs apply. Promo runs until 09/30/2023. No SMS? Text STOP to 09191602481",English,Benign
,"14 September 2023, 22:59",,Your luck is shining! Grab free bonus from 100 to 2000 & Win 18888 Prize at SugarPlay . Join us now at sp7go.com for even more amazing promotions!,Unknown,Phishing
,"14 September 2023, 19:31",,"PAY777 Magrehistro upang makatanggap ng 137p, tumaya sa pulang sobre na bonus araw-araw, at tumanggap ng cash na pulang sobre araw-araw: https://pay777.pro/",Tagalog,Phishing
,"13 September 2023, 16:21",Google,779234 is your verification code for Telegram. oLeq9AcOZkT,English,Benign
,"13 September 2023, 11:49",RD PAWNSHOP,"Hi Mr/Ms <NAME>, RDCN 25594 can be claimed at any RDPawnshop, Penbank, Villarica & TrueMoney branches. Please present valid ID. Thank you!",English,Benign
,"13 September 2023, 11:44",RD PAWNSHOP,"Hi Mr/Ms CHRISTOPHER, RDCN 75008 can be claimed at any RDPawnshop, Penbank, Villarica & TrueMoney branches. Please present valid ID. Thank you!",English,Benign
,"10 September 2023, 10:24",RD PAWNSHOP,"Hi Mr/Ms <NAME>, RDCN 40013 can be claimed at any RDPawnshop, Penbank, Villarica & TrueMoney branches. Please present valid ID. Thank you!",English,Benign
,"9 September 2023, 12:36",,Malugod kang tinatanggap ng PWIN777! Ang mga bagong miyembro ay maaaring magtamasa ng 100% benepisyo sa kanilang unang deposito na P197! p777a8.xyz,Tagalog,Phishing
,"8 September 2023, 17:31",,"YoEarn money-making airdrop project, come and sign up to receive a points spree!http://vhwlpj.com",English,Phishing
,"8 September 2023, 09:06",NTC,"2/2 The SIM Registration Act (RA11934) provides a penalty for violators of up to P300k or imprisonment of up to 2 years, or both.",English,Benign
,"8 September 2023, 09:06",NTC,1/2 Warning: Registration of SIM cards using false information or someone else's identity is illegal.,English,Benign
,"8 September 2023, 09:03",Microsoft,Microsoft access code: 1487,English,Benign
,"6 September 2023, 19:23",BDO Alert,"OTP = O, that's private! Scammer ang humihingi ng OTP, kaya 'wag itong ipamigay. I-report agad sa (02) 8631-8000. Be smarter than a scammer with #BDOStopScam",Tag-Lish,Benign
,"6 September 2023, 02:38",,"Hello, you have won the prize 999P to enter http://ccb8.xyz",English,Phishing
,"6 September 2023, 00:39",,"55BMW Sign up to get up to 555P for free! More massive games and bonuses, click: 55hbmw.com",English,Phishing
,"5 September 2023, 09:43",GCash,Your P10 load is on us! Get this deal when you buy load via GCash. Just go to your Profile & tap 'Voucher Pocket' to start!,English,Benign
,"2 September 2023, 20:53",NTC,"BABALA: HUWAG PONG MANIWALA SA TEXT NA NAGLALAMAN NG INYONG PANGALAN NA NAG-AALOK NG TRABAHO, PABUYA O PERA.ITO PO AY ISANG SCAM. I-REPORT SA HTTPS://NTC.GOV.PH",Unknown,Benign
,"2 September 2023, 09:19",,"J&T DELIVERY!TN: 787066327066 Rider:Joe Mark Cenales,639951756702. For COD pls prepare exact amount. Photo proof of delivery is required. Thanks and be safe!",English,Benign
,"2 September 2023, 07:38",GLOBEATHOME,"Tuluy-tuloy ang #GDayEveryday! Get 3 months VIU voucher when you add at least 2 members to your FamSurf data group. Offer is valid until Sept. 30,2023. Per DTI Fair Trade Permit No. FTEB-174247 Series of 2023.",English,Benign
,"2 September 2023, 07:30",GLOBEATHOME,"Tuluy-tuloy ang #GDayEveryday! Get 3 months VIU voucher when you add at least 2 members to your FamSurf data group. Offer is valid until Sept. 30,2023. Per DTI Fair Trade Permit No. FTEB-174247 Series of 2023.",English,Benign
,"1 September 2023, 15:53",RD PAWNSHOP,"Hi Mr/Ms <NAME>, RDCN 73278 can be claimed at any RDPawnshop, Penbank, Villarica & TrueMoney branches. Please present valid ID. Thank you!",English,Benign
,"1 September 2023, 04:33",,"Hello, you have won the prize 999P to enter http://ccb8.xyz",English,Phishing
,"31 August 2023, 14:10",GCash,Limited Time Offer! Enjoy extra savings on load with your FREE P10 load voucher! Just go to your Profile & tap ‘Voucher Pocket’ to start.,English,Benign
,"31 August 2023, 12:12",,"Mag-sign up para makakuha ng 77P, ang pinakamataas na 1% rebate para sa mga ahente: fc777.one",Tagalog,Phishing
,"31 August 2023, 02:05",,"<NAME>., Sama na sa saya! 2000 bonus + 3% deposit Bonus mula sa Sugar Play! Mag-sign up at manalo dito! sgbetgo3.com",Tagalog,Phishing
,"30 August 2023, 20:32",,Ano? Daily cashback at P777 na bonus? Halika at subukan lamang sa W19 Games! w19v6.xyz,Tagalog,Phishing
,"30 August 2023, 20:03",,Ano? Daily cashback at P777 na bonus? Halika at subukan lamang sa W19 Games! w19v5.xyz,Tagalog,Phishing
,"30 August 2023, 13:32",GLOBEATHOME,"Last day na today para makakuha ng P50 Puregold voucher na pwede mong gamitin para sa pang-grocery ng pamilya! Para loaded ka sa groceries ngayong pasukan, mag-load na ng FamSURF499 or higher via GCash today. Voucher available until supplies last. No advisories? Text OFF to 2636 for free.",Tag-Lish,Benign
,"28 August 2023, 02:19",,Ano? Daily cashback at P777 na bonus? Halika at subukan lamang sa W19 Games! w19s21.xyz,Tagalog,Phishing
,"26 August 2023, 22:11",GCash,"480227 is your authentication code. For your protection, do not share this code with anyone. yyAfcYn/qSW",English,Benign
,"26 August 2023, 21:52",GCash,You have received P79.20 GCash from 7eleven Kiosk w/ MSG - 2323-8053-9559. Your new balance is P86.62 08-26-23 9:52PM. Ref no. 0011701338534.,English,Benign
,"26 August 2023, 14:50",GLOBEATHOME,"Tuloy tuloy ang freebies, promos, at rewards with Globe At Home! Enjoy Home Prepaid WiFi exclusive offers via the GlobeOne app! I-download lang at mag-register via https://globeone.onelink.me/ej7I/G1SMS para sa exciting promos, rewards, at freebies! No advisories? Text OFF to 2686 for free.",Tag-Lish,Benign
,"26 August 2023, 14:44",PALAWAN_Exp,"Mr/Ms <NAME>, claim your PALAWAN Express DSY-10-14348-ZAW at any Palawan Pawnshop/Palawan Express/Tambunting/LBC/SM/Robinsons.Bring ID.",English,Benign
,"25 August 2023, 04:51",,Ano? Daily cashback at P777 na bonus? Halika at subukan lamang sa W19 Games! w19b2.xyz,Tagalog,Phishing
,"23 August 2023, 20:24",GCash,Here is a FREE P10 load voucher just for you! Use this to buy load products on GCash. No minimum spend required. Voucher is valid for 14 days. One-time use only. Go to your Profile > Voucher Pocket and use the discount!,English,Benign
,"23 August 2023, 10:19",GLOBEATHOME,"Loaded ka sa groceries ngayong pasukan with GCash and Globe At Home! Mag-load na ng FamSURF499 or higher via GCash today, para makakuha ka ng P50 Puregold voucher na pwede mong gamitin para sa pang-grocery ng pamilya! Para sa loaded na grocery shopping, load na! Available today only, until supplies last. No advisories? Text OFF to 2686 for free.",Tag-Lish,Benign
,"21 August 2023, 09:31",Shopee,"Enter verification code: 291919, to activate SPayLater, valid for 15 mins. NEVER share this code with others under any circumstances. PW42aWeqbj5",English,Benign
,"18 August 2023, 17:45",GOMO,Lights out and away we go! Join the 'Mo Creds Raffle for a chance to win an all-expenses-paid trip to watch the Singapore Grand Prix LIVE. Just swap your No Expiry GBs for selected lifestyle vouchers on 'Mo Creds to earn raffle entries. Go to http://bit.ly/GOMOMoCreds and start swappin' today! No advisories? Text OFF to 2686 for free.,English,Benign
,"18 August 2023, 12:49",GLOBEATHOME,"Enjoy ang family bondings dahil sa Globe At Home Prepaid WiFi! Get as much as 30 Rewards Points pag nag-load ka ng FamSURF promo at nag-share ka ng data with up to 3 people via the GlobeOne app from July 24 to August 24, 2023. Siguraduhin na gamitin ang shared data para makuha ang rewards points. Mag-load at mag-share na! No advisories? Textt OFF to 2686 for free.",Tag-Lish,Benign
,"16 August 2023, 10:24",GLOBEATHOME,"Last day na today para makakuha ng P50 7-Eleven voucher na pwede mong gamitin para sa food trip kasama ang pamilya! Para loaded ka sa baon this back to school, mag-load na ng FamSURF499 or higher via GCash today. Voucher available until supplies last. No advisories? Text OFF to 2636 for free.",Tag-Lish,Benign
,"15 August 2023, 10:03",RD PAWNSHOP,"Hi Mr/Ms <NAME>, RDCN 75723 can be claimed at any RDPawnshop, Penbank, Villarica & TrueMoney branches. Please present valid ID. Thank you!",English,Benign
,"15 August 2023, 09:32",Google,G-216092 is your Google verification code.,English,Benign
,"14 August 2023, 06:21",,Nagbibigay kami ng P10M bonus sa lahat ng nagamit ng W19 Games! Kontakin ang 24/7 support para sa LATEST WEBSITE. Iclaim ang sayo sa https://w19.ltd,Tagalog,Phishing
,"14 August 2023, 01:12",BDO Alert,"#BDOStopScam: IGNORE fake ""BDO NOTICE"" from 11-digit numbers (starting in 09xxxxx). Legit texts will come from BDO sender names or 225678 & WILL NOT HAVE LINKS.",English,Benign
,"13 August 2023, 06:43",GCash,"Settle your government fees with no hassle! Make your monthly contribution or payments to DFA, PAG-IBIG, SSS, NBI & BIR! Open the GCash app to Pay Bills now!",English,Benign
,"12 August 2023, 12:45",GLOBEATHOME,"Mag-level up na ng prepaid internet! #KayaMoNow with GFiber Prepaid! Enjoy UNLI Fiber WiFi for as low as P299, no lock-up, at no documents needed. Huwag nang magpahuli! Magpa-install na ng GFiber Prepaid via the GlobeOne app at glbe.co/GlobeOne. No advisories? Text OFF to 2686 for free.",Tag-Lish,Benign
,"10 August 2023, 06:39",GCash,"Mag-stream all day, everyday with Giga Video 50! Enjoy 1GB data + 1 GB/day for YouTube, iWanTFC & more. Mag-load na!",English,Benign
,"9 August 2023, 12:15",,BANCO DE ORO: We need your urgent cooperation to verify your Online Banking. Please proceed here come.to/OnlineBDOPh,English,Phishing
,"9 August 2023, 10:20",GLOBEATHOME,"Loaded ka sa baon this back to school with GCash and Globe At Home! Mag-load na ng FamSURF499 and higher via GCash today, para makakuha ka ng P50 7-Eleven voucher na pwede mong gamitin para sa food trip kasama ang pamilya! Para sa loaded na food trip bonding, load na! Available today only, until supplies last. No advisories? Text OFF to 2686 for free.",Tag-Lish,Benign
,"9 August 2023, 07:30",,BANCO DE ORO: We need your urgent cooperation to verify your Online Banking. Please proceed here come.to/LoginVerify,English,Phishing
,"8 August 2023, 07:32",,"Mas marami kang laro, mas marami kang kitain - Inilunsad ang W19 Games Triple Cashback Plan hanggang 0.8%! https://v.ht/SM-XfN",Tagalog,Phishing
,"7 August 2023, 17:56",GLOBEATHOME,"May Globe At Home Prepaid WiFi ka ba na deactivated ang SIM? Bumili lang ng Home Prepaid WiFi SIM replacement for P88 with FREE 10GB valid for 7 days sa pinakamalapit na Globe Store o sa glbe.co/prepaidwifisim. Bago gamitin, huwag kalimutan na i-register ang bagong Home Prepaid WiFi SIM via the GlobeOne app sa https://globeone.onelink.me/ej7I/G1SMS. No advisories? Text OFF to 2686 for FREE.",Tag-Lish,Benign
,"7 August 2023, 17:52",GLOBEATHOME,"May Globe At Home Prepaid WiFi ka ba na deactivated ang SIM? Bumili lang ng Home Prepaid WiFi SIM replacement for P88 with FREE 10GB valid for 7 days sa pinakamalapit na Globe Store o sa glbe.co/prepaidwifisim. Bago gamitin, huwag kalimutan na i-register ang bagong Home Prepaid WiFi SIM via the GlobeOne app sa https://globeone.onelink.me/ej7I/G1SMS. No advisories? Text OFF to 2686 for FREE.",Tag-Lish,Benign
,"7 August 2023, 07:22",,"Mas marami kang laro, mas marami kang kitain - Inilunsad ang W19 Games Triple Cashback Plan hanggang 0.8%! https://v.ht/SM-kWu",Tagalog,Phishing
,"6 August 2023, 13:05",,"Mas marami kang laro, mas marami kang kitain - Inilunsad ang W19 Games Triple Cashback Plan hanggang 0.8%! https://v.ht/SM-QX0",Tagalog,Phishing
,"5 August 2023, 23:55",Shopee,"Enter verification code: 354423, to activate SPayLater, valid for 15 mins. NEVER share this code with others under any circumstances. PW42aWeqbj5",English,Benign
,"5 August 2023, 23:52",Shopee,"Enter verification code: 647355, to activate SPayLater, valid for 15 mins. NEVER share this code with others under any circumstances. PW42aWeqbj5",English,Benign
,"5 August 2023, 17:43",GCash,You have received P297.00 GCash from 7eleven Kiosk w/ MSG - 2321-7382-1777. Your new balance is P313.54 08-05-23 5:43PM. Ref no. 0011299405841.,English,Benign
,"4 August 2023, 20:00",GCash,"Namiss ka namin! Magload ng New Power All 99, get 8GB data valid for 7 days so you can stay connected online. Mag-load na ulit with GCash!",English,Benign
,"4 August 2023, 16:15",BDO,The old BDO Digital Banking app will soon make way for the new BDO Online app. Make the switch now! View and manage your BDO accounts with an all-new look. Download BDO Online today.,English,Benign
,"3 August 2023, 16:55",,"<NAME>., Join WinningPlus now! Register here! winplusplay.com Claim P1000 bonus + 3% MAYA Play for 7% cashback up to P60,000! Claim rewards!",English,Phishing
,"2 August 2023, 11:55",,"Hi, new free money bonus 777 with no deposit condition, please login http://YY777c.com to get free money 777 now",English,Phishing
,"2 August 2023, 11:32",GLOBEATHOME,"Last day na today para makakuha ng P50 Mercury Drug voucher! Para loaded sa healthcare ang pasukan, mag-load na ng FamSURF499 or up via GCash today. Voucher available until supplies last. No advisories? Text OFF to 2636 for free.",Tag-Lish,Benign
,"1 August 2023, 10:18",GLOBEATHOME,"Enjoy ang family bondings dahil sa Globe At Home Prepaid WiFi! Get as much as 30 Rewards Points pag nag-load ka ng FamSURF promo at nag-share ka ng data with up to 3 people via the GlobeOne app from July 24 to August 24, 2023. Siguraduhin na gamitin ang shared data para makuha ang rewards points. Mag-load at mag-share na!",Tag-Lish,Benign
,"29 July 2023, 15:27",,"<NAME>., GoJackpot's exclusive offers, Claim your 100% welcome bonus 777 + 3% deposit Bonus. Play now gojvip2.com",English,Phishing
,"28 July 2023, 19:16",,Receive 146P FREE on 1st REFER! Claim now: ph.xtas111.net,English,Phishing
,"28 July 2023, 17:24",GLOBEATHOME,"Rewarding ang pag-share ng love at data with Globe At Home Prepaid WiFi! Get up to 30 Rewards points pag nag-load ka ng FamSURF promo at nag-share ka ng data with up to 3 people via the GlobeOne app from July 24 to August 24, 2023. Siguraduhin na gamitin ang shared data para makuha ang rewards points. Mag-load at mag-share na! No advisories? Text OFF to 2636 for free.",Tag-Lish,Benign
,"27 July 2023, 15:45",CloudOTP,191648 is your verification code for Telegram. oLeq9AcOZkT,English,Benign
,"25 July 2023, 20:58",,"<NAME>., Join the fun! SugarPlay 100% Welcome Bonus P2,000! Win up to 58,888 daily rebate + 3% Extra GCash Bonus! visit now sgbett3.com",English,Phishing
,"25 July 2023, 17:00",GLOBEATHOME,Hi! We're letting you know that a Globe representative will be in touch with you shortly. Please expect a call from 09176882445 in the next 30 minutes.,English,Benign
,"25 July 2023, 16:42",,"<NAME>., Grab the opportunity at SugarBet! Claim your free prize of 2,000 + 3% Deposit bonus. Visit sgbett3.com and claim your rewards.",English,Phishing
,"24 July 2023, 15:30",GLOBEATHOME,Hi! We're letting you know that a Globe representative will be in touch with you shortly. Please expect a call from 09176882445 in the next 30 minutes.,English,Benign
,"23 July 2023, 11:06",GLOBEATHOME,"Hindi pa ba registered ang Home Prepaid WiFi SIM mo? Huwag palampasin ang deadline sa July 25! Register na sa new.globe.com.ph/simreg para hindi ma-deactivate ang iyong SIM. Simula July 31, all prepaid load balances and promo subscriptions of unregistered SIMs will be forfeited. Disregard this message if already registered. Thank you!",Tag-Lish,Benign
,"23 July 2023, 07:37",,"W19 Games, Official partner with GCash, magdeposito gamit ang napiling GCash para makakuha ng 3% na cashback araw-araw! https://v.ht/SM-WA0",Tagalog,Phishing
,"21 July 2023, 15:58",GLOBEATHOME,"Tuloy lang ang saya sa prepaid WiFi promos kapag registered ang Home Prepaid WiFi SIM mo! Para sa tuluy-tuloy na connection, mag-register na sa new.globe.com.ph/simreg! Simula July 31, all prepaid load balances and promo subscriptions of unregistered SIMs will be forfeited. Disregard this message if already registered. Thank you!",Tag-Lish,Benign
,"21 July 2023, 01:37",GOMO,Ooof! Your UNLI data has just expired. Don't miss out by checking out our data offers at http://bit.ly/GOMOShop.,English,Benign
,"19 July 2023, 21:09",BDO Alert,#BDOStopScam: Mag-ingat sa scam texts na nagpapa-click ng link para mag-update ng account dahil sa SIM registration. 'Wag i-click ang link. 'Wag ibigay ang OTP!,Tag-Lish,Benign
,"19 July 2023, 15:45",GLOBEATHOME,"PAALALA: Kailangan iregister ang Home Prepaid WiFi SIMs on or before July 25, 2023. Failure to register will result in permanent DEACTIVATION. Mag-register na at makakakuha ka ng bonus 10 Rewards points within 7 working days pag successful ang registration. Register via the GlobeOne app at https://globeone.onelink.me/ej7I/G1SMS. Wag kalimutan ang valid government ID with photo para masiguradong successful ang registration. I-disregard lang ang message na ito kung nakapag-register na.",Tag-Lish,Benign
,"19 July 2023, 15:26",GLOBEATHOME,"PAALALA: Kailangan iregister ang Home Prepaid WiFi SIMs on or before July 25, 2023. Failure to register will result in permanent DEACTIVATION. Mag-register na at makakakuha ka ng bonus 10 Rewards points within 7 working days pag successful ang registration. Register via the GlobeOne app at https://globeone.onelink.me/ej7I/G1SMS. Wag kalimutan ang valid government ID with photo para masiguradong successful ang registration. I-disregard lang ang message na ito kung nakapag-register na.",Tag-Lish,Benign
,"18 July 2023, 16:43",GLOBEATHOME,"Kailangan ng bagong Home Prepaid WiFi SIM? Meron kang FREE 10GB shareable data na valid for 7 days kapag bumili ka ng Globe At Home Prepaid WiFi SIM for only P88! Para sa tuluy-tuloy na connection, bili na sa mga Globe Stores o sa glbe.co/GAHPW. No advisories? Text OFF to 2686 for FREE.",Tag-Lish,Benign
,"18 July 2023, 04:31",,"<NAME>., Log in now to claim your free Credit 777 bonus and enjoy an amazing 3% GCash deposit bonus at GoJackpot. Hurry, Join now gjackpot0.com",English,Phishing
,"17 July 2023, 15:20",GOMO,"Get FREE 1GB No Expiry Data when you swap your data for awesome discounts and experiences on 'Mo Creds! You can choose offers from Disney+, Foodpanda, Klook, and more. Valid exclusively for new 'Mo Creds users. No advisories? Text OFF to 2686 for free.",English,Benign
,"15 July 2023, 16:34",RD PAWNSHOP,"Hi Mr/Ms <NAME>, RDCN 48276 can be claimed at any RDPawnshop, Penbank, Villarica & TrueMoney branches. Please present valid ID. Thank you!",English,Benign
,"12 July 2023, 10:25",GLOBEATHOME,"May BONUS 10 Rewards points ka pa within 7 working days pag successful ang iyong Home Prepaid WiFi SIM registration. Mag-register via GlobeOne app at https://globeone.onelink.me/ej7I/G1SMS until July 25, 2023. Wag kalimutan ang valid government ID with photo para siguradong successful ang registration. Failure to register before the deadline will result in SIM deactivation. I-disregard lang ang message na ito kung nakapag-register na.",Tag-Lish,Benign
,"10 July 2023, 17:27",GCash,"WAG I-SHARE ANG IYONG OTP. May bagong device na nagrequest ng access sa GCash account mo. Kung ikaw ito, ang OTP ay 435033. Kung hindi, scam yan at wag ibigay.",Tagalog,Benign
,"10 July 2023, 17:19",GCash,You have received P200.97 GCash from 7eleven Kiosk w/ MSG - 2319-1464-0140. Your new balance is P201.54 07-10-23 5:19PM. Ref no. 0010828689965.,English,Benign
,"10 July 2023, 06:18",GCash,No need to spend a lot to get LTO-required vehicle insurance! Avail one for as low as P590 via GInsure! Go to your GCash dashboard & tap GInsure to learn more.,English,Benign
,"7 July 2023, 19:21",BDO Alert,#BDOStopScam: Ignore fake texts threatening account deactivation due to SIM registration. This is not a BDO directive. Don't click links to update your account.,English,Benign
,"6 July 2023, 18:17",GLOBEATHOME,"PAALALA: Kailangan iregister ang Home Prepaid WiFi SIMs on or before July 25, 2023. Failure to register will result in permanent DEACTIVATION. Mag-register na at makakakuha ka ng bonus 10 Rewards points within 7 working days pag successful ang registration. Register via the GlobeOne app at https://globeone.onelink.me/ej7I/G1SMS. Wag kalimutan ang valid government ID with photo para masiguradong successful ang registration. I-disregard lang ang message na ito kung nakapag-register na.",Tag-Lish,Benign
,"3 July 2023, 00:22",BDO OTP,"Your One-Time Password (OTP) is 705625, please enter within 5 minutes. Call BDO Customer Contact Center if you did not login to your account. Ref.No.417022",English,Benign
,"2 July 2023, 19:49",CloudOTP,173641 is your verification code for Telegram. oLeq9AcOZkT,English,Benign
,"1 July 2023, 13:17",BDO,"Starting July 1, 2023, QR transaction of BDO Pay is temporarily not available. Please send money via account numbers or contact numbers. For QR scan to pay, please use physical BDO credit and debit cards.",English,Benign
,"1 July 2023, 10:07",GLOBEATHOME,"PAALALA: Kailangan iregister ang Home Prepaid WiFi SIMs on or before July 25, 2023. Failure to register will result in permanent DEACTIVATION. Mag-register na at makakakuha ka ng bonus 10 Rewards points within 7 working days pag successful ang registration. Register via the GlobeOne app at https://globeone.onelink.me/ej7I/G1SMS. Wag kalimutan ang valid government ID with photo para masiguradong successful ang registration. I-disregard lang ang message na ito kung nakapag-register na.",Tag-Lish,Benign
,"1 July 2023, 01:15",,"Claim signup bonus 3888 , 99 Game jn.99ly.xyz/BUhe8mqb",Tagalog,Phishing
,"30 June 2023, 17:48",BDO,"Starting July 1, 2023, QR transactions via the BDO Pay app will be unavailable. Continue to Send Money via account number or BDO Pay contact. In lieu of Scan to Pay transactions, use your physical BDO Debit or Credit Card.",English,Benign
,"30 June 2023, 16:26",,"High rebates at 99BET, sign up to earn your bonus jn.99ly.xyz/Yy1gdlN1",English,Phishing
,"30 June 2023, 01:09",GCash,"Did you request to do BANK TRANSFER to BDO Unibank, Inc. account no. ending in 6177 with amount of PHP 939.00? If not, DON'T ENTER YOUR OTP ON ANY SITE OR SEND IT TO ANYONE because IT'S A SCAM! If you requested, your OTP is 912622.",English,Benign
,"30 June 2023, 01:09",GCash,"Did you request to do BANK TRANSFER to BDO Unibank, Inc. account no. ending in 6177 with amount of PHP 939.00? If not, DON'T ENTER YOUR OTP ON ANY SITE OR SEND IT TO ANYONE because IT'S A SCAM! If you requested, your OTP is 808897.",English,Benign
,"30 June 2023, 00:42",BDO OTP,"Your One-Time Password (OTP) is 572100, please enter within 5 minutes. Call BDO Customer Contact Center if you did not login to your account. Ref.No.563879",English,Benign
,"29 June 2023, 16:56",,"Hello, new free money bonus 500 with no deposit condition, please login www.y99o88.com to get free money 500 now",English,Phishing
,"29 June 2023, 13:52",BDO OTP,"Your One-Time Password (OTP) is 389281, please enter within 5 minutes. Call BDO Customer Contact Center if you did not login to your account. Ref.No.205515",English,Benign
,"29 June 2023, 03:44",GCash,You have paid P47.00 of GCash to 7 Eleven on 06-29-23 03:44:44 AM. Ref. No. 072463010.,English,Benign
,"29 June 2023, 03:00",BDO OTP,"Your One-Time Password (OTP) is 459600, please enter within 5 minutes. Call BDO Customer Contact Center if you did not login to your account. Ref.No.130448",English,Benign
,"28 June 2023, 17:18",,"W19 Games, the exclusive GCash partner, the only one platform accept GCash now in Philippines! lnnk.in/gPjZ",English,Phishing
,"28 June 2023, 14:35",GCash,You have received PHP 1000.00 of GCash from ER****A O. 09156561466 w/ MSG: . Your new balance is PHP 1001.57. Ref. No. 2010612276407.,Unknown,Benign
,"27 June 2023, 17:13",,"W19 Games, the exclusive GCash partner, the only one platform accept GCash now in Philippines! lnnk.in/ahpv",English,Phishing
,"27 June 2023, 13:16",BDO OTP,"Your One-Time Password (OTP) is 489424, please enter within 5 minutes. Call BDO Customer Contact Center if you did not login to your account. Ref.No.756747",English,Benign
,"26 June 2023, 16:52",BDO OTP,"Your One-Time Password (OTP) is 452164, please enter within 5 minutes. Call BDO Customer Contact Center if you did not login to your account. Ref.No.524373",English,Benign
,"26 June 2023, 11:48",BDO OTP,"Your One-Time Password (OTP) is 250809, please enter within 5 minutes. Call BDO Customer Contact Center if you did not login to your account. Ref.No.282518",English,Benign
,"26 June 2023, 11:29",BDO OTP,"Your One-Time Password (OTP) is 348900, please enter within 5 minutes. Call BDO Customer Contact Center if you did not login to your account. Ref.No.717962",English,Benign
,"26 June 2023, 11:24",BDO OTP,"Your One-Time Password (OTP) is 575881, please enter within 5 minutes. Call BDO Customer Contact Center if you did not login to your account. Ref.No.870822",English,Benign
,"26 June 2023, 10:19",,EXCITING WEEKEND PROMO!Plus 3% BONUS for you is waiting~CLAIM NOW! bw.p99t.pw/NAneu7m1,English,Phishing
,"25 June 2023, 18:34",,e 31.00ichtigen Marke. Aktuelle News und Nachrichten von heute im Bitcoin-Blog.,English,Phishing
,"25 June 2023, 18:34",,"Sent from your Twilio trial account - TSLA: ????3.03% Headline:Lithium-Ion Battery Recycling Plant To Be Built In Taiwan By RecycLiCo & Zenith. Brief:Taiwan is a tech giant, and now it?s going to be home to the newest lithium-ion battery recycling plant. RecycLiCo Battery Materials Inc. and Zenith Chemical Corporation have created a 50?50 joint venture for the project, which will be able to recycle 2,000 m?",English,Benign
,"25 June 2023, 18:34",,"Sent from your Twilio trial account - TSLA: ????3.03% Headline:Lithium-Ion Battery Recycling Plant To Be Built In Taiwan By RecycLiCo & Zenith. Brief:Taiwan is a tech giant, and now it?s going to be home to the newest lithium-ion battery recycling plant. RecycLiCo Battery Materials Inc. and Zenith Chemical Corporation have created a 50?50 joint venture for the project, which will be able to recycle 2,000 m?",English,Benign
,"25 June 2023, 18:34",,"Sent from your Twilio trial account - TSLA: ????3.03% Headline:Multiple Camo Cybertrucks Spotted As Production Approaches. Brief:Two camouflaged Tesla Inc TSLA Cybertrucks were recently spotted in the Bay Area in California, raising speculation about the potential start of the electric pickup's production. This news came despite the fact that production is slated to occur in Tesla's Gi?",English,Benign
,"25 June 2023, 18:34",,"Sent from your Twilio trial account - TSLA: ????3.03% Headline:Larry Ellison Scores $482 Million Gain by Cashing in Expiring Options. Brief:(Bloomberg) -- Larry Ellison, the world?s fourth-richest person, exercised expiring options and sold $640 million of Oracle Corp. shares this week after the ...",Unknown,Benign
,"25 June 2023, 18:34",,"Sent from your Twilio trial account - TSLA: ????3.03% Headline:Quality of new vehicles in US declining on more tech use. Brief:Quality of new vehicles sold in the United States is declining as factors such as growing use of technology and lower build quality of certain parts are making the models more ""problematic"", according to automotive consultant J.D. Power.",English,Benign
,"25 June 2023, 18:34",,"Sent from your Twilio trial account - TSLA: ????3.03% Headline:S&P 500: Options Traders Get Resistance Expectations Right This Week. What's Next?. Brief:Options traders got it right last time ? at least with the S&P 500 ? even if they failed to determine the correct resistance level of a bulldozing Tesla Inc stock. Professional traders, who prefer shorting options over buying them, had determined the index mi?",English,Benign
,"25 June 2023, 18:34",,"Sent from your Twilio trial account - TSLA: ????3.03% Headline:Elon Musk Says 'Actually Smart Wipers' Coming In 3 Weeks, Promises Another Smart Feature A Month Or Two Later. Brief:Tesla Inc TSLA CEO Elon Musk said on Wednesday that software updates offering ?actually smart? auto wipers will be released in about three weeks. What Happened: ?Actually smart auto wiper software releases in about 3 weeks. Our patented, ""Actually Smart Summo?",English,Benign
,"25 June 2023, 18:34",,"Sent from your Twilio trial account - TSLA: ????3.03% Headline:Tesla Will Confirm A Golden Cross On Friday, June 23. The Stock Is Below Its Quarterly Risky Level At $271.66. Brief:The January 6 but signal for Tesla was followed by a gain of 172% to a high of $276,99 set on June 21, 2023.",English,Benign
,"25 June 2023, 18:34",,"Sent from your Twilio trial account - TSLA: ????3.03% Headline:Biden and Modi Deals Span Drones, Jet Engines and Chips. Brief:(Bloomberg) -- President Joe Biden and Indian Prime Minister Narendra Modi will announce a series of defense and commercial deals designed to improve...",English,Benign
,"25 June 2023, 18:34",,"Sent from your Twilio trial account - TSLA: ????3.03% Headline:Apple, Google, Microsoft CEOs Attend Modi Dinner at White House. Brief:(Bloomberg) -- Silicon Valley?s biggest names descended on Washington Thursday as President Joe Biden sought to strengthen tech industry ties between the US ...",Unknown,Benign
,"25 June 2023, 18:34",,"Sent from your Twilio trial account - TSLA: ????3.03% Headline:Ford expected customer stampede after Tesla deal, tripled its stock of Mustang Mach-Es. Brief:Filed under: Green,Alfa Romeo,Buick,Chevrolet,Dodge,GMC,RAM Continue reading Ford expected customer stampede after Tesla deal, tripled its stock of Mustang Mach-Es Ford expected customer stampede after Tesla deal, tripled its stock of Mustang Mach-Es origin?",English,Benign
,"25 June 2023, 18:34",,"Sent from your Twilio trial account - TSLA: ????3.03% Headline:'I'm A Nobody And He Calls My Employer?' Elon Musk Silences Tesla Critics By Deactivating Twitter Accounts And Reaching Out To Their Employers. Brief:Twitter Inc. made headlines this week when it suspended the account of Aaron Greenspan, a well-known critic of Tesla Inc. and its CEO Elon Musk. See Next...",English,Benign
,"25 June 2023, 18:34",,"Sent from your Twilio trial account - TSLA: ????3.03% Headline:Ford apparently expected a stampede of customers after its Tesla deal, and tripled its stock of Mustang Mach-Es in a single month. Brief:Bolstering Mach-E inventory might be Ford's way of ""maximizing the marketing impact of its shared-charger arrangement with Tesla,"" experts say.",English,Benign
,"25 June 2023, 16:08",GCash,You have received PHP 15.00 of GCash from QU*****L A** G. 09300870033 w/ MSG: . Your new balance is PHP 251.57. Ref. No. 9010564992865.,Unknown,Benign
,"25 June 2023, 15:22",,"Sent from your Twilio trial account - Ford apparently expected a stampede of customers after its Tesla deal, and tripled its stock of Mustang Mach-Es in a single monthBolstering Mach-E inventory might be Ford's way of ""maximizing the marketing impact of its shared-charger arrangement with Tesla,"" experts say.",English,Benign
,"25 June 2023, 14:24",RD PAWNSHOP,"Hi Mr/Ms <NAME>, RDCN 43902 can be claimed at any RDPawnshop, Penbank, Villarica & TrueMoney branches. Please present valid ID. Thank you!",English,Benign
,"24 June 2023, 22:23",CloudOTP,317849 is your verification code for Telegram. oLeq9AcOZkT,English,Benign
,"24 June 2023, 20:49",GCash,You have received PHP 235.00 of GCash from FL****Z ZI*K T. 09700785283 w/ MSG: . Your new balance is PHP 236.57. Ref. No. 1010554112528.,Unknown,Benign
,"23 June 2023, 20:23",BDO Alert,"#BDOStopScam: 'Wag magpaloko sa mga scammer na nagpapanggap na bank official. Hindi hihingin ng BDO ang iyong OTP, username, o password anuman ang dahilan.",Tagalog,Benign
,"22 June 2023, 18:39",,"<NAME>., Unlock limitless rewards at Sugarplay! GCash is back: Enjoy a 100% Deposit bonus up to P2000 + 3% bonus. Visit sugarbetonline2.com",English,Phishing
,"22 June 2023, 11:56",Google,G-671859 is your Google verification code.,English,Benign
,"22 June 2023, 11:47",Google,G-493608 is your Google verification code.,English,Benign
,"21 June 2023, 01:38",GCash,"413397 is your authentication code. For your protection, do not share this code with anyone. yyAfcYn/qSW",English,Benign
,"20 June 2023, 14:37",,"<NAME>., Revive your gaming experience with GCash on W+: Get 100% Bonus up to P2000 + 3% bonus. Visit wp4vip.com",English,Phishing
,"19 June 2023, 18:18",GCash,You have received PHP 600.00 of GCash from BA***A A. 09679780077 w/ MSG: . Your new balance is PHP 600.57. Ref. No. 3010472327314.,Unknown,Benign
,"19 June 2023, 11:38",BDO OTP,"Your One-Time Password (OTP) is 467044, please enter within 5 minutes. Call BDO Customer Contact Center if you did not login to your account. Ref.No.853920",English,Benign
,"19 June 2023, 06:09",,"Sa kasalukuyan, ang W19 Games ay ang tanging platform sa Pilipinas na may GCash para sa pag-load at pag-withdraw. Sumali ka na! w1913b.xyz",Tagalog,Phishing
,"18 June 2023, 07:29",BDO OTP,"Your One-Time Password (OTP) is 345241, please enter within 5 minutes. Call BDO Customer Contact Center if you did not login to your account. Ref.No.848790",English,Benign
,"17 June 2023, 05:12",,"<NAME>., Maximize your wins at W+! Enjoy 100% Welcome Bonus up to P2,000 + Sabong Rebate up to .6%! visit wpgorush1.com",English,Phishing
,"16 June 2023, 20:08",,"W19 Games, ang tanging platform sa Pilipinas na tumatanggap ng GCash para sa mga deposito at withdrawal. Sumali ka na!w1904b.xyz",Tagalog,Phishing
,"16 June 2023, 11:10",RD PAWNSHOP,"Hi Mr/Ms <NAME>, RDCN 67681 can be claimed at any RDPawnshop, Penbank, Villarica & TrueMoney branches. Please present valid ID. Thank you!",English,Benign
,"12 June 2023, 13:18",BDO,"Due to system maintenance, BDO Online Banking (website and apps) is temporarily unavailable. We're sorry for the inconvenience.",English,Benign
,"11 June 2023, 18:23",GCash,"Did you request to do BANK TRANSFER to BDO Unibank, Inc. account no. ending in 6177 with amount of PHP 988.00? If not, DON'T ENTER YOUR OTP ON ANY SITE OR SEND IT TO ANYONE because IT'S A SCAM! If you requested, your OTP is 433869.",English,Benign
,"11 June 2023, 13:31",GCash,You have received PHP 1000.00 of GCash from ER****A O. 09156561466 w/ MSG: . Your new balance is PHP 1003.57. Ref. No. 2010340994595.,Unknown,Benign
,"11 June 2023, 08:04",,<NAME>.! Take on the challenge of Unibet's Daily Mission and earn up to 3000 pesos! Play and claim your rewards. uninowph0.com,English,Phishing
,"9 June 2023, 19:54",BDO Alert,#BDOStopScam: 'Wag ibigay ang OTP kahit kanino at 'wag mag-click ng link! Mag log in sa BDO Online Banking gamit ang official BDO app o website.,Tagalog,Benign
,"9 June 2023, 05:49",,"<NAME>., UNIBET: Lifetime benefits. Share more, earn up to Php79,100! Use Gcash for easy transactions. Visit unibetrich0.com",English,Phishing
,"9 June 2023, 04:29",BDO OTP,"Your One-Time Password (OTP) is 651921, please enter within 5 minutes. Call BDO Customer Contact Center if you did not login to your account. Ref.No.524478",English,Benign
,"7 June 2023, 15:36",GLOBEATHOME,"Tuluy-tuloy ang pagdating ng exciting rewards na hatid sa'yo ng Globe At Home. May 10 points ka pag successfully registered ang iyong Home Prepaid WiFi SIM until June 30, 2023 via https://globeone.onelink.me/ej7I/G1SMS. Wag kalimutan ang valid government ID with photo para masiguradong successful ang registration. Failure to register before the deadline will result in SIM deactivation. I-disregard lang ang message na ito kung nakapag-register na.",Tag-Lish,Benign
,"7 June 2023, 01:08",,W19 Games pagbibigay ng regalo! Halina at manalo ng iPhone 14 Pro Max at 80P! http://tinyurl.com/2sk378zb,Tagalog,Phishing
,"4 June 2023, 19:12",GCash,"Did you request to do BANK TRANSFER to BDO Unibank, Inc. account no. ending in 6177 with amount of PHP 990.00? If not, DON'T ENTER YOUR OTP ON ANY SITE OR SEND IT TO ANYONE because IT'S A SCAM! If you requested, your OTP is 341690.",English,Benign
,"4 June 2023, 18:02",GCash,You have received PHP 1000.00 of GCash from ER****A O. 09156561466 w/ MSG: . Your new balance is PHP 1008.57. Ref. No. 2010218500411.,Unknown,Benign
,"4 June 2023, 01:17",,"Sumali na sa W19 Games, palakihin ang GCash limit hanggang 500K, makakakuha ng 100P na bonus! Mag-click dito: tinyurl.com/5euvpskm",Tagalog,Phishing
,"2 June 2023, 14:26",BDO,"BDO Digital Banking app requires an app update. Visit the Apple App Store or the Google Play Store, search BDO Digital Banking & update today.",English,Benign
,"2 June 2023, 06:32",PIN,Your Tinder code is 649023 Don't share @tinder.com #649023,English,Benign
,"2 June 2023, 00:15",,Ikaw ang swerteng tao! Libreng 100P mula sa W19 Games! Sumali at i-click tinyurl.com/yft84a9b,Tagalog,Phishing
,"1 June 2023, 18:41",GLOBEATHOME,Rewarding ang SIM Registration with Globe At Home! May 10 Rewards points ka within 7 working days pag successful ang registration ng iyong Home Prepaid WiFi SIM from June 1 - 30 2023 via https://globeone.onelink.me/ej7I/G1SMS. Wag kalimutan ang valid government ID with photo para masiguradong successful ang registration. Failure to register before the deadline will result in SIM deactivation. I-disregard lang ang message na ito kung nakapag-register na.,Tag-Lish,Benign
,"31 May 2023, 04:40",,"W19 Games Grand Prize: I-taas ang GCash limit sa 500K, manalo ng 100 na bonus! tinyurl.com/38yr8wbm",Tagalog,Phishing
,"29 May 2023, 15:45",RD PAWNSHOP,"Hi Mr/Ms <NAME>, RDCN 47968 can be claimed at any RDPawnshop, Penbank, Villarica & TrueMoney branches. Please present valid ID. Thank you!",English,Benign
,"29 May 2023, 13:07",GOMO,"This is a public service advisory from National Telecommunications Commission, Securities and Exchange Commission, and GOMO. Mag-ingat sa mga texts or posts sa Social Media na nag-aalok ng pagkakakitaan o trabaho kung saan kailangan kumpletuhin ang magkakasunod na tasks gamit ang sariling puhunan upang kumita. Ito ay isang ""Tasking and Recharging Scam"". Sumangguni agad sa www.sec.gov.ph",Tag-Lish,Benign
,"27 May 2023, 18:03",,"<NAME>., Sabong lovers? W+ has incredible offers! Get daily unli rebate up to .6% & 7% daily Cashback up to 60K wplusdeals2.com",English,Phishing
,"27 May 2023, 06:15",,Maligayang pagdating sa W19 Games! Rehistrado na at makakuha ng 50% dagdag na bonus! I-click dito: tinyurl.com/mrfvzpk8,Tagalog,Phishing
,"26 May 2023, 10:00",,Maglaro ng Small Win Big PANALOb3t Halika at kunin ang iyong 99p chips para kumita ng 20000p! v.ht/fXKVx,Tagalog,Phishing
,"25 May 2023, 22:03",,Panal0 b e t! 99p s!gn up bonuz! w!n up 2 P10000! v.ht/h9FCj,English,Phishing
,"25 May 2023, 20:18",,Congratulations You are the one lucky player to w1n up to 3888 P ! Only available today ! r3gister and cl@im n0w ! tinyurl.com/Ds895h,English,Phishing
,"25 May 2023, 15:44",GLOBEATHOME,"Tuluy-tuloy ang pagdating ng exciting rewards na hatid sa'yo ng Globe At Home. May 20 points ka pag successfully registered ang iyong Home Prepaid WiFi SIM until May 31, 2023 via the GlobeOne app at https://globeone.onelink.me/ej7I/G1SMS. Wag kalimutan ang valid government ID with photo para siguradong successful ang registration. Failure to register before the deadline will result in SIM deactivation. I-disregard lang ang message na ito kung nakapag-register na.",Tag-Lish,Benign
,"24 May 2023, 17:22",,Big offer for welcome back up to 50%! Screenshot this to W19 Games customer service to redeem! tinyurl.com/3zr8d7r6,English,Phishing
,"24 May 2023, 02:19",,Unclaimed 50% welcome back bonus alert! Screenshot this message and redeem it at W19 Games customer service! tinyurl.com/yvr5jz4z,English,Phishing
,"23 May 2023, 11:58",,"<NAME>., Experience a birthday like no other at SUGARPLAY with up to PHP99,999 Sugary Birthday Bonus! sugarbstakes1.com",English,Phishing
,"23 May 2023, 03:02",,Kunin ang iyong 50% deposit bonus cashback araw-araw sa W19 Games! Mag-apply sa CS ngayon! tinyurl.com/5Fcd2sms,Tagalog,Phishing
,"22 May 2023, 18:58",,"<NAME>. Hi there! Claim your PHP350,000 bonus at JACKPOTCITY Enjoy VIP UNIQUE conversion sign up now VIP URL: jpcroyal2.com",English,Phishing
,"22 May 2023, 06:23",GOMO,YAYYY! Welcome to the GOMO Fam. Get started with your UNLI DATAAAAA (up to 5mbps). Easily track your data and manage your GOMO account all in the app. Need texts or calls? Top up 30GB No Expiry Data through our shop and use 'Mo Creds to convert your data balance into a Text or Call offer for as low as 0.2GB! What are you waiting for? Go crazy with GOMO now!,English,Benign
,"22 May 2023, 06:23",GCash,"239589 is your authentication code. For your protection, do not share this code with anyone. yyAfcYn/qSW",English,Benign
,"22 May 2023, 06:23",GOMO,You have successfully unsubscribed from the UNLI DATA offer. Feel free to check out our other offers in our GOMO Shop on the GOMO PH App!,English,Benign
,"22 May 2023, 06:22",GCash,"You have received 600.00 of GCash from BDO Unibank, Inc. with account ending in 6177. Your new balance is 607.57 05-22-23 06:21 AM. Ref. No. 081721. Use now to buy load, purchase items, send money, pay bills, and a lot more!",English,Benign
,"21 May 2023, 01:57",,"Lakers Vs Nuggets! Make your prediction at W19 Games NBA event and win up ?1,319,000,000! tinyurl.com/yf9burzr",English,Phishing
,"20 May 2023, 15:26",,May seryoso akong sasabihin sayo! Maraming tao ang sumasali sa Panalobet para makakuha ng libreng 99peso! Huwag maghintay! Sumali sa amin: pb88ph.com/5a7,Tagalog,Phishing
,"20 May 2023, 07:08",,Celtics VS Heats! Ang tamang hula ay maaaring magdulot ng higit sa 1 bilyong piso na panalo! tinyurl.com/y2msfexy,Tagalog,Phishing
,"20 May 2023, 06:40",,"<NAME>., BETFIL presents the Accumulative Bonus! Collect and claim up to P77,777. Join us now! betfilslots2.com",English,Phishing
,"18 May 2023, 11:45",RD PAWNSHOP,"Hi Mr/Ms <NAME>, RDCN 69001 can be claimed at any RDPawnshop, Penbank, Villarica & TrueMoney branches. Please present valid ID. Thank you!",English,Benign
,"18 May 2023, 09:10",,Welcome back bonus 50%! I-screenshot ang mensaheng ito sa customer service ng W19 Games para i-claim. tinyurl.com/4hd7yyam,Tag-Lish,Phishing
,"18 May 2023, 02:27",GLOBEATHOME,"Exciting rewards ang hatid sa'yo ng Globe At Home pag nag-register ka ng iyong Home Prepaid WiFi SIM! May 20 Rewards points ka within 7 working days pag successful ang registration ng iyong Home Prepaid WiFi SIM from May 11 - 31, 2023 sa https://globeone.onelink.me/ej7I/G1SMS. Wag kalimutan ang valid government ID with photo para masiguradong successful ang registration. Failure to register before the deadline will result in SIM deactivation. I-disregard lang ang message na ito kung nakapag-register na.",Tag-Lish,Benign
,"17 May 2023, 15:00",NTC,"DoH: Makiisa sa Chikiting Ligtas Campaign! Pabakunahan ang inyong anak laban Polio, Rubella at Tigdas, sa pinakamalapit na health center sa inyong lugar.",Tagalog,Benign
,"16 May 2023, 05:42",,Ikaw ang napili! I-screenshot ang mensaheng ito at ipakita sa customer service ng W19 Games para mag-claim. tinyurl.com/2fbzxsjx,Tagalog,Phishing
,"14 May 2023, 14:28",GCash,"Did you request to do BANK TRANSFER to BDO Unibank, Inc. account no. ending in 6177 with amount of PHP 2500.00? If not, DON'T ENTER YOUR OTP ON ANY SITE OR SEND IT TO ANYONE because IT'S A SCAM! If you requested, your OTP is 190154.",English,Benign
,"14 May 2023, 11:36",,"200% na cashback para sa mga bagong dating,hanggang P19800! Magparehistro at mag claim ngayon v.ht/ZhLIl",Tagalog,Phishing
,"14 May 2023, 01:44",,Be the luckiest one and claim your free ?777 only today! tinyurl.com/5afw2des,English,Phishing
,"13 May 2023, 13:07",GCash,"You have received 2500.00 of GCash from LANDBANK / OFBank with account ending in 6305. Your new balance is 2522.57 05-13-23 01:07 PM. Ref. No. 868697. Use now to buy load, purchase items, send money, pay bills, and a lot more!",English,Benign
,"13 May 2023, 11:16",PBSMS,May seryoso akong sasabihin sayo! Maraming tao ang sumasali sa Panalobet para makakuha ng libreng 99peso! Huwag maghintay! Sumali sa amin: panalo89ph.com/5a7,Tagalog,Phishing
,"13 May 2023, 11:00",,"<NAME>., Experience the thrill with 100% Welcome Bonus at JACKPOTCITY Play now and win Click here: jpcjili.com",English,Phishing
,"12 May 2023, 18:09",PBSMS,I have something serious to inform you! Many people are joining Panalobet to get free 99peso! Big Prizes is waiting for you! Join us: pb89ph.com/5a7,English,Phishing
,"12 May 2023, 14:46",,"You share , I gift ! W19 Games giveaway event , come and win an iPad now ! tinyurl.com/3f24umx9",English,Phishing
,"12 May 2023, 14:07",PBSMS,You are invited to be part of Panalobet! Over 5000 games here you can get 200% welcome bonus! Register now to get 99 signup bonus! Login: pb89ph.com/5a7,English,Phishing
,"11 May 2023, 12:26",,Mag-sign up ka lang at makakuha ng libreng bonus! Kakatanggap ko lang ng P5000! tinyurl.com/ykdh3n2p,Tagalog,Phishing
,"11 May 2023, 11:56",GLOBEATHOME,"Mas rewarding ang SIM Registration with Globe At Home! May bonus 20 Rewards points ka within 7 working days pag successful ang registration ng iyong Home Prepaid WiFi SIM from May 11 - 31, 2023 via https://globeone.onelink.me/ej7I/G1SMS. Wag kalimutan ang valid government ID with photo para masiguradong successful ang registration. Failure to register before the deadline will result in SIM deactivation. I-disregard lang ang message na ito kung nakapag-register na.",Tag-Lish,Benign
,"9 May 2023, 18:04",,"W19 Games offers 100% na cashback para sa mga bagong dating, hanggang ?19800! Magparehistro at mag-claim ngayon! tinyurl.com/4fjnb6nj",Tagalog,Phishing
,"9 May 2023, 09:42",NTC,"DoH: Makiisa sa Chikiting Ligtas Campaign! Pabakunahan ang inyong anak laban Polio, Rubella at Tigdas, sa pinakamalapit na health center sa inyong lugar.",Tagalog,Benign
,"9 May 2023, 03:08",,Mayroon kang 100% na bonus sa iyong unang pag-load?! Magrehistro na ngayon at lumipad ang iyong kita! tinyurl.com/5y5nkedp,Tagalog,Phishing
,"8 May 2023, 13:36",GLOBEATHOME,"Hi! Due to a recent system issue, you may have been unable to register to promos or buy load for your Home Prepaid WiFi device. We apologize for this inconvenience. Rest assured that issue has been resolved and you may now continue to buy load or register to promos. Just access the GlobeOne app at https://globeone.onelink.me/ej7I/G1SMS. Thank you for your patience.",English,Benign
,"7 May 2023, 18:15",,"Hello, new free money bonus 777 with no deposit condition, please login http://5s30c.com to get free money 777 now",English,Phishing
,"7 May 2023, 16:35",RD PAWNSHOP,"Hi Mr/Ms <NAME>, RDCN 31922 can be claimed at any RDPawnshop, Penbank, Villarica & TrueMoney branches. Please present valid ID. Thank you!",English,Benign
,"6 May 2023, 15:26",,"Masaya ang paglalaro sa W19 Games, kaya mag-imbita ng kaibigan at kumita ng premyo nang walang hassle! tinyurl.com/W19sm02",Tagalog,Phishing
,"5 May 2023, 14:49",,Nagkakaproblema ba kayo sa ibang mga sites o platform? Slow Cash-in Cash-out? Hassle pa! Kaya dito na kayo sa Q25! Lahat may premyo and bonus! q2549.xyz,Tagalog,Phishing
,"5 May 2023, 08:52",,"BDO Alert: Your account is temporarily on-hold, due to security purposes. Kindly verify here https://sprl.in/BDOVerification",English,Phishing
,"4 May 2023, 11:37",RD PAWNSHOP,"Hi Mr/Ms <NAME>, RDCN 69135 can be claimed at any RDPawnshop, Penbank, Villarica & TrueMoney branches. Please present valid ID. Thank you!",English,Benign
,"4 May 2023, 09:34",,Pagsimulan na ang iyong adventure sa W19 Games! May 100% na bonus sa unang load mo kapag nag-sign up ka!w19s11.xyz,Tagalog,Phishing
,"4 May 2023, 06:08",GCash,Achieve your long-term goals with GFund! You can now invest in local & global funds! Go to your Gcash dashboard & tap GFund to learn more.,English,Benign
,"3 May 2023, 23:44",,"<NAME>.,Sign up here at uninowph.com ,verify your account and Make a DEPOSIT using your GCASH and receive 3% BONUS!",English,Phishing
,"3 May 2023, 16:18",,"W19 Games offers 100% na cashback para sa mga bagong dating, hanggang P19800! Magparehistro at mag-claim ngayon! https://v.ht/XW-S2T",Tagalog,Phishing
,"3 May 2023, 03:32",,"<NAME>., Looking for something to sweeten up your day? Play at SUGARPLAY & get FREE PHP150 EVERY DAY! sbdito2.com",English,Phishing
,"2 May 2023, 19:25",GOMO,"Hey, GOMO Fam! There will be a system activity on May 3, 10 PM to May 4, 3 AM. During this time the GOMO app, website, and GOMO store in GLife will be unavailable. Don't worry because data, calls, and texts will still be available. If you're planning to add more data, you can visit Buy Load in GCash or Buy Promo via Shopee. We also encourage you to plan your transactions ahead of time. Thank you for understanding and stay awesome!",English,Benign
,"2 May 2023, 10:09",NTC,"DoH: Makiisa sa Chikiting Ligtas Campaign! Pabakunahan ang inyong anak laban Polio, Rubella at Tigdas, sa pinakamalapit na health center sa inyong lugar.",Tagalog,Benign
,"1 May 2023, 11:09",,"Dear user, your account has a cash deposit of 199 P, please log in; (https://re422.buzz ) To Receive",English,Phishing
,"1 May 2023, 02:37",GCash,You have paid P47.00 of GCash to 7 Eleven on 05-01-23 02:37:48 AM. Ref. No. 009670492.,English,Benign
,"29 April 2023, 23:41",GCash,You have paid P37.00 of GCash to 7 Eleven on 04-29-23 11:41:36 PM. Ref. No. 008672905.,English,Benign
,"29 April 2023, 09:51",,"Dear user, your account has a cash deposit of 199 P, please log in; https://www.fse281.xyz To Receive",English,Phishing
,"28 April 2023, 10:50",NTC,"DoH: Tara na sa Chikiting Ligtas Campaign! Pabakunahan ang mga anak laban Polio, Rubella, at Tigdas mula May 1 hanggang 31.",Tagalog,Benign
,"28 April 2023, 09:11",RD PAWNSHOP,"Hi Mr/Ms <NAME>, RDCN 68490 can be claimed at any RDPawnshop, Penbank, Villarica & TrueMoney branches. Please present valid ID. Thank you!",English,Benign
,"27 April 2023, 23:28",GCash,You have paid P47.00 of GCash to 7 Eleven on 04-27-23 11:23:26 PM. Ref. No. 006570792.,English,Benign
,"27 April 2023, 21:25",Qsms,"[ClassIn]Welcome to use ClassIn, the verification code is 4589, valid within 30 minutes.",English,Benign
,"27 April 2023, 20:08",BDO Alert,#BDOStopScam: BDO will NEVER ask you to update or verify your account through a link. Real BDO messages come from BDO sender names and will not contain links.,English,Benign
,"27 April 2023, 15:19",GOMO,"This is a public service advisory from National Telecommunications Commission, Securities and Exchange Commission, and GOMO. Mag-ingat sa mga nagpapanggap na rehistradong lending o financing company. Sumangguni sa opisyal na talaan sa www.sec.gov.ph o tumawag sa 8818-5990.",Tag-Lish,Benign
,"27 April 2023, 08:40",GCash,You have paid P47.00 of GCash to DCCS Obrero B on 04-27-23 08:40:42 AM. Ref. No. 005784175.,English,Benign
,"26 April 2023, 23:08",,"GCASH: Your account is temporarily on-hold, due to security purposes. Kindly verify here https://sprl.in/AppGCash",English,Phishing
,"26 April 2023, 01:17",GCash,You have paid P47.00 of GCash to 7 Eleven on 04-26-23 01:16:58 AM. Ref. No. 004640250.,English,Benign
,"25 April 2023, 18:08",GCash,You have received PHP 1000.00 of GCash from ER****A O. 09156561466 w/ MSG: . Your new balance is PHP 1017.77. Ref. No. 2009505549830.,Unknown,Benign
,"25 April 2023, 16:25",SMART,"5/6 registered based on the latest advice from DICT. You may call *888 for Smart Postpaid, *800 for Infinity or #888 for Enterprise Extension if you wish to",English,Benign
,"25 April 2023, 16:25",SMART,6/6 exclude your number from the SIM Registration database. Please disregard this message if you have already registered.,English,Benign
,"25 April 2023, 14:25",SMART,6/6 exclude your number from the SIM Registration database. Please disregard this message if you have already registered.,English,Benign
,"25 April 2023, 12:39",SMART,6/6 exclude your number from the SIM Registration database. Please disregard this message if you have already registered.,English,Benign
,"25 April 2023, 12:38",SMART,"4/6 For Smart Postpaid, Smart Bro Postpaid, Infinity and Enterprise Extension subscribers who have not yet registered, your accounts are now considered",English,Benign
,"25 April 2023, 10:17",,"Dear user, your ac count has a cash deposit of 199 P, please log in; https://www.adfhg.xyz To Receive",English,Phishing
,"25 April 2023, 08:30",SMART,"3/6 Para sa Smart Prepaid, TNT, Smart BRO and Prepaid Home WiFi subscribers, maghanda ng 1 valid ID and pumunta sa smart.com.ph/simreg",Tag-Lish,Benign
,"25 April 2023, 08:30",SMART,"1/6 Isang paalala lang. Ang deadline para sa SIM registration ay sa April 26, 2023 ayon sa mandato ng SIM Registration Act at ng DICT.",Tagalog,Benign
,"25 April 2023, 08:30",SMART,2/6 Mag-rehistro na para hindi masim-dead ang sim mo.,Tagalog,Benign
,"25 April 2023, 01:47",CIMB_Bank,"Deadline for the SIM Card Registration Law is on April 26, 2023! Register your SIM card now to keep your number active and avoid inconveniences on your account.",English,Benign
,"25 April 2023, 01:25",SMART,"5/6 registered based on the latest advice from DICT. You may call *888 for Smart Postpaid, *800 for Infinity or #888 for Enterprise Extension if you wish to",English,Benign
,"25 April 2023, 01:24",SMART,6/6 exclude your number from the SIM Registration database. Please disregard this message if you have already registered.,English,Benign
,"25 April 2023, 01:24",SMART,"4/6 For Smart Postpaid, Smart Bro Postpaid, Infinity and Enterprise Extension subscribers who have not yet registered, your accounts are now considered",English,Benign
,"24 April 2023, 23:03",SMART,2/6 Mag-rehistro na para hindi masim-dead ang sim mo.,Tagalog,Benign
,"24 April 2023, 23:03",SMART,"3/6 Para sa Smart Prepaid, TNT, Smart BRO and Prepaid Home WiFi subscribers, maghanda ng 1 valid ID and pumunta sa smart.com.ph/simreg",Tag-Lish,Benign
,"24 April 2023, 23:02",SMART,"1/6 Isang paalala lang. Ang deadline para sa SIM registration ay sa April 26, 2023 ayon sa mandato ng SIM Registration Act at ng DICT.",Tagalog,Benign
,"23 April 2023, 08:18",,"<NAME>., Get up to Php30,000 Cashback only here at W+! Dont miss out a chance to recieve 7% Daily Cashback! Get yours now! wpdraw2.com",English,Phishing
,"22 April 2023, 23:07",GCash,You have paid P28.00 of GCash to 7 Eleven on 04-22-23 11:07:52 PM. Ref. No. 001550852.,English,Benign
,"22 April 2023, 22:39",GCash,You have paid P39.00 of GCash to 7 Eleven on 04-22-23 10:39:11 PM. Ref. No. 001538396.,English,Benign
,"22 April 2023, 16:21",GOMO,YAYYY! Welcome to the GOMO Fam. Get started with your UNLI DATAAAAA (up to 5mbps). Easily track your data and manage your GOMO account all in the app. Need texts or calls? Top up 30GB No Expiry Data through our shop and use 'Mo Creds to convert your data balance into a Text or Call offer for as low as 0.2GB! What are you waiting for? Go crazy with GOMO now!,English,Benign
,"22 April 2023, 16:20",GCash,"109224 is your authentication code. For your protection, do not share this code with anyone. yyAfcYn/qSW",English,Benign
,"22 April 2023, 16:19",GCash,You have received P594.00 GCash from 7eleven Kiosk w/ MSG - 2311-2362-0453. Your new balance is P683.77 04-22-23 4:19PM. Ref no. 0009450331844.,English,Benign
,"22 April 2023, 15:56",RD PAWNSHOP,"Hi Mr/Ms <NAME>, RDCN 35515 can be claimed at any RDPawnshop, Penbank, Villarica & TrueMoney branches. Please present valid ID. Thank you!",English,Benign
,"22 April 2023, 14:54",GOMO,"This is a public service advisory from National Telecommunications Commission, Securities and Exchange Commission, and GOMO. Kung may reklamo sa abusadong financing o lending company, o mga collection agent, i-detalye ang kwento, kalakip ng kumpletong ebidensya sa flcd_complaints@sec.gov.ph.",Tag-Lish,Benign
,"22 April 2023, 08:11",,<NAME>. Register and Enjoy BLAST daily cashback upto PHP888 only JACKPOTCITY! Dont miss the chance visit jpccasino3.com,English,Phishing
,"21 April 2023, 21:16",GCash,You have paid P51.00 of GCash to 7 Eleven on 04-21-23 09:16:25 PM. Ref. No. 000442499.,English,Benign
,"21 April 2023, 17:05",SMARTLoad,Already registered your SIM? EXCLUSIVE offers & FREEBIE available at smrt.ph/GigaLifeApp Remember to register your Smart Bro & PLDT Home WiFi SIMs too.,English,Benign
,"21 April 2023, 17:05",SMARTLoad,21/04 17:05: P50.00 loaded to 09129094503 from xxxxxxxx4306 for 1 year. Ref:ADL3B6AQZZ.,English,Benign
,"21 April 2023, 13:55",GOMO,Ooof! Your UNLI data has just expired. Don't miss out by checking out our data offers at https://gomogenesis.page.link/shop.,English,Benign
,"21 April 2023, 00:19",GCash,You have paid P35.00 of GCash to 7 Eleven on 04-21-23 12:19:30 AM. Ref. No. 099500047.,English,Benign
,"20 April 2023, 18:25",GOMO,"Down for some freebies, Fam? Complete your SIM registration now by uploading your valid ID in the NEW GOMO PH app and get 1GB No Expiry Data for FREE! Valid until April 26, 2023, for existing GOMO users only. Register now at https://www.gomo.ph/",English,Benign
,"20 April 2023, 15:12",GOMO,"This is a public service advisory from National Telecommunications Commission, Securities and Exchange Commission, and GOMO. Maging alerto sa obligadong advance fees bago makapangutang. Ito ay SCAM. Sumangguni sa www.sec.gov.ph o tumawag sa 8818-5990.",Tag-Lish,Benign
,"20 April 2023, 08:29",,"<NAME>., Get money here and double it! Play the Lucky Wheel and win up to 5,000! Visit us! unibetluck.com",English,Phishing
,"19 April 2023, 17:44",GOMO,"Hey, Fam! We're happy to let you know that all systems are up, and we've got a NEW GOMO PH app for you. It looks better, feels great, and it's got your faves and more from the OG app. Download it now at https://www.gomo.ph/ and see the glow-up for yourself!",English,Benign
,"19 April 2023, 15:13",,"Dear user, your account has a cash deposit of 199 P, please log in; https://www.tgrt.buzz To Receive",English,Phishing
,"19 April 2023, 13:52",GOMO,"Hey, GOMO Fam! You've successfully registered your SIM. Here's a FREE 1GB No Expiry Data so you can be more awesome! Kickstart the fun by visiting the GOMO PH app to track and convert your dataaaa into calls, texts, and more! To know more about the SIM Registration Act, visit https://gomogenesis.page.link/faq. Stay awesome!",English,Benign
,"19 April 2023, 13:41",GOMO,NEVER SHARE YOUR ONE-TIME PIN. Your GOMO OTP is: 522098,English,Benign
,"19 April 2023, 01:28",,"""Sumali na! Makakahanap ka ng excitement sa electronic games, slot machines, at fishing games. Mag-register ngayon at makakuha ng 100% na bonus hanggang P19800!""w19games.ph/4Ewc2de",Tag-Lish,Phishing
,"18 April 2023, 23:13",GCash,You have paid P39.00 of GCash to 7 Eleven on 04-18-23 11:13:13 PM. Ref. No. 097433817.,English,Benign
,"18 April 2023, 22:24",,"100% na cashback para sa mga bagong dating, hanggang P19800! Magparehistro at mag-claim ngayon! w19games.ph/4Dcv2xw",Tagalog,Phishing
,"18 April 2023, 19:21",,"Hello, new free money bonus 1800 with no deposit condition, please login https://www.sdfdi92.com to get free money 1800 now",English,Phishing
,"17 April 2023, 21:18",,Mag-register ngayon at makakuha ng 100% na bonus hanggang P19800 sa electronic games at slot machines! w19games.ph/3Tyu4xw,Tag-Lish,Phishing
,"17 April 2023, 21:15",GCash,You have received P37.00 of GCash from 7 Eleven on 04-17-23 09:15:50 PM. Ref. No. 051715554.,English,Benign
,"17 April 2023, 21:05",GCash,You have paid P37.00 of GCash to 7 Eleven on 04-17-23 09:05:56 PM. Ref. No. 096363816.,English,Benign
,"17 April 2023, 03:15",,"In COD63 New User Regisrration Gift 178 Pesos Firse Recharge Get 10k Pesos Open Google Search""COD99CO"" Link cod1.club",Unknown,Phishing
,"17 April 2023, 00:07",GCash,You have paid P37.00 of GCash to 7 Eleven on 04-17-23 12:07:37 AM. Ref. No. 095407466.,English,Benign
,"16 April 2023, 23:09",GCash,You have paid P39.00 of GCash to 7 Eleven on 04-16-23 11:09:24 PM. Ref. No. 095362032.,English,Benign
,"16 April 2023, 13:30",RD PAWNSHOP,"Hi Mr/Ms <NAME>, RDCN 71021 can be claimed at any RDPawnshop, Penbank, Villarica & TrueMoney branches. Please present valid ID. Thank you!",English,Benign
,"15 April 2023, 13:18",,"Top casino bingo, slots, proxy promosyon magpadala ng cash 66 (http://pkmf.xyz )",Tag-Lish,Phishing
,"14 April 2023, 11:59",RD PAWNSHOP,"Hi Mr/Ms <NAME>, RDCN 70513 can be claimed at any RDPawnshop, Penbank, Villarica & TrueMoney branches. Please present valid ID. Thank you!",English,Benign
,"14 April 2023, 11:56",,"Hi, immediately withdraw 5888 p for free. login. https://fa34.live",English,Phishing
,"14 April 2023, 00:15",,"W19 Games unang pagcharge may 100% cashback, maaari kang makatanggap ng hanggang 19800P, magmadali at mag-claim na! w1906b.xyz",Tagalog,Phishing
,"13 April 2023, 19:19",,<NAME>.! Win a Different prizes at unibetbonu1.com Deposit now to get a Real-time Rebate of up to 1%-1.5.,English,Phishing
,"13 April 2023, 16:24",GOMO,"Heads up, Fam! There will be a system activity from April 18, 10 PM to April 19, 10 AM. During this time, the GOMO app, website, the GOMO store in GLife, Buy Load in GCash, and loading via Shopee will be unavailable. Don't worry because data, calls, and texts will still be available. If you're planning to activate your new SIM, add more data, or use 'Mo Creds, we encourage you to do them ahead of time. 'Mo awesomeness is coming to GOMO soon, so stay tuned!",English,Benign
,"12 April 2023, 23:44",,【gamebet】Nakarehistro sa ₱8888 https://gamebet.li/yeo,Tagalog,Phishing
,"12 April 2023, 23:37",,【gamebet】Nakarehistro sa ₱8888 https://gamebet.li/yeo,Tagalog,Phishing
,"12 April 2023, 17:16",GOMO,"Hey, Fam! As a GOMO customer, we'll use your latest account info to conditionally register your SIM in compliance with RA 11934. You only need to upload a government issued ID using the GOMO PH app to complete your registration, so make sure that your account info is updated. Stay tuned for more updates, including when you can start uploading your valid ID. Thanks and stay awesome!",English,Benign
,"11 April 2023, 22:00",,【gamebet】Nakarehistro sa ₱8888 https://gamebet.li/g0g,Tagalog,Phishing
,"11 April 2023, 15:33",GCash,You have received PHP 1000.00 of GCash from PA****E T. 09076494802 w/ MSG: . Your new balance is PHP 1010.77. Ref. No. 5009232742846.,Unknown,Benign
,"9 April 2023, 22:10",,Nakarehistro sa 8888 https://gamebet.li/qk0,Tagalog,Phishing
,"9 April 2023, 17:00",,"Super high return, click to register para makakuha ng 18p, at may mga aktibidad sa ahensya http://jl7778.ph",Tag-Lish,Phishing
,"9 April 2023, 15:42",RD PAWNSHOP,"Hi Mr/Ms <NAME>, RDCN 30961 can be claimed at any RDPawnshop, Penbank, Villarica & TrueMoney branches. Please present valid ID. Thank you!",English,Benign
,"9 April 2023, 13:13",,"Hello, new free money bonus 1998 with no deposit condition, please login https://un253.buzz to get free money 1998 now",English,Phishing
,"6 April 2023, 22:51",,"Register will get 18p ,all variety of games. exceeding the explosion rate, waiting for you http://jl7779.ph",English,Phishing
,"6 April 2023, 22:12",,"Hello, new free money bonus 1800 with no deposit condition, please login https://lo40.today to get free money 1800 now",English,Phishing
,"6 April 2023, 15:18",,"100% na cashback para sa mga bagong dating, hanggang P19800! Magparehistro at mag-claim ngayon! w19902.xyz",Tagalog,Phishing
,"6 April 2023, 15:02",,"Hi, no deposit, free 1999 P bonus, please login https://kl544.today",English,Phishing
,"5 April 2023, 09:51",,"Register will get 18p ,all variety of games. exceeding the explosion rate, waiting for you http://jl7779.ph",English,Phishing
,"5 April 2023, 00:22",GCash,"You have received 200.00 of GCash from BDO Unibank, Inc. with account ending in 6177. Your new balance is 210.77 04-05-23 12:22 AM. Ref. No. 171735. Use now to buy load, purchase items, send money, pay bills, and a lot more!",English,Benign
,"4 April 2023, 02:47",,"<NAME>.! Sign up now at unibetwins0.com & Claim up to Php5,555 By Continuous sign-in rewards. Sign up now",English,Phishing
,"3 April 2023, 15:24",GCash,"382480 is your authentication code. For your protection, do not share this code with anyone.",English,Benign
,"3 April 2023, 09:40",RD PAWNSHOP,"Hi Mr/Ms <NAME>, RDCN 62808 can be claimed at any RDPawnshop, Penbank, Villarica & TrueMoney branches. Please present valid ID. Thank you!",English,Benign
,"2 April 2023, 13:07",CloudOTP,759107 is your verification code for Telegram. oLeq9AcOZkT,English,Benign
,"2 April 2023, 05:37",,"<NAME>., BETFIL's bonus system is unbeatable! User vic***in won P113,400 with BETFIL's daily bonus. betffilph2.com",English,Phishing
,"2 April 2023, 03:39",,"<NAME>., BETFIL's bonus system is unbeatable! User vic***in won P113,400 with BETFIL's daily bonus. betffilph2.com",English,Phishing
,"1 April 2023, 16:09",,"Good Day Maam/Sir This is from J&T express your parcel is schedule for delivery any time this day. If you received this message please notify on me or reply ""OKEY"" if """"CANCEL """" state your reason WHY? thank you have a nice day G O D B L E S S 😊",English,Benign
,"1 April 2023, 16:05",GCash,"WAG I-SHARE ANG IYONG OTP. May bagong device na nagrequest ng access sa GCash account mo. Kung ikaw ito, ang OTP ay 621720. Kung hindi, scam yan at wag ibigay.",Tagalog,Benign
,"31 March 2023, 20:12",BDO Alert,#BDOAntiScam: Beware of fake alerts from 11-digit numbers (starting in 09xxxxxxxxx). Real BDO alerts come from BDO sender names or 225678 & won't contain links.,English,Benign
,"31 March 2023, 13:49",GCash,You have received PHP 400.00 of GCash from AL*A G. 09989381235 w/ MSG: . Your new balance is PHP 880.97. Ref. No. 5009025633557.,Unknown,Benign
,"30 March 2023, 11:55",,"<NAME>., BETFIL gives you 120% WELCOME BONUS! Claim up to PHP2,400 & play JACKPOT FISHING! betffilph1.com",English,Phishing
,"29 March 2023, 09:30",GOMO,"Hey, GOMO Fam! Time to get that well-deserved break with your loved ones this Holy Week. But safety first, amirite? Whether you have vacay plans or just plan on chilling at home, always be cautious about what you post online and review your privacy settings. Remember to stock up on health essentials and observe the minimum public health standards. Don't miss out during the holiday by copping your favorite promos ahead of time via the GOMO PH app. Take care, Fam!",English,Benign
,"29 March 2023, 05:13",,"<NAME>., Hello! W+ offers DAILY SPECIAL BONUS to all players! Come & Get PHP7,777! wplusfun.com",English,Phishing
,"29 March 2023, 00:09",GCash,You have paid P41.00 of GCash to 7 Eleven on 03-29-23 12:09:00 AM. Ref. No. 076819262.,English,Benign
,"27 March 2023, 23:16",GCash,You have paid P48.00 of GCash to 7 Eleven on 03-27-23 11:16:57 PM. Ref. No. 075877270.,English,Benign
,"27 March 2023, 15:50",PalawanPay,Ang iyong One-Time PIN ay 628035. Huwag itong ishare kahit kanino.,Tagalog,Benign
,"27 March 2023, 14:05",PalawanPay,Ang iyong One-Time PIN ay 758240. Huwag itong ishare kahit kanino.,Tagalog,Benign
,"27 March 2023, 14:01",SMART,Congratulations! Your information was successfully validated. Your SIM is now registered with Smart.,English,Benign
,"27 March 2023, 12:42",PALAWAN_Exp,"Mr/Ms <NAME>, claim your PALAWAN Express GJZ-8-35465-ZAW at any Palawan Pawnshop/Palawan Express/Tambunting/LBC/SM/Robinsons.Bring ID.",English,Benign
,"27 March 2023, 11:34",GCash,"You have received P525.85 of GCash from Paypal w/ MSG: 1BT76669G8824614F. Your new balance is P569.97 03-27-23 11:34 AM. Ref no. 0008946329655. Use now to buy load, purchase items, send money, pay bills and a lot more!",English,Benign
,"27 March 2023, 11:25",PayPal,PayPal: 528705 is your security code. Don't share your code.,English,Benign
,"27 March 2023, 11:23",PayPal,PayPal: 340921 is your security code. Don't share your code.,English,Benign
,"27 March 2023, 10:43",PayPal,PayPal: 747028 is your security code. Don't share your code.,English,Benign
,"27 March 2023, 10:25",PayPal,PayPal: 934152 is your security code. Don't share your code.,English,Benign
,"27 March 2023, 10:24",PayPal,PayPal: 060676 is your security code. Don't share your code.,English,Benign
,"27 March 2023, 10:12",PayPal,PayPal: 655658 is your security code. Don't share your code.,English,Benign
,"26 March 2023, 11:03",RD PAWNSHOP,"Hi Mr/Ms <NAME>, RDCN 34431 can be claimed at any RDPawnshop, Penbank, Villarica & TrueMoney branches. Please present valid ID. Thank you!",English,Benign
,"25 March 2023, 16:00",,C0ngratulat1on https://yd434.xyz 1kaw @ng masuwerteng nanal0 m@g s1gn up at kun1n @ng P 1999 ngay0n,Tagalog,Phishing
,"24 March 2023, 20:26",,Google Search ACEPH99ASIA for FREE credit 90p!,English,Phishing
,"24 March 2023, 19:28",,C0ngratulat1on https://yd434.info 1kaw @ng masuwerteng nanal0 m@g s1gn up at kun1n @ng P 1999 ngay0n,Tagalog,Phishing
,"24 March 2023, 19:24",,"GCASH: Your account is temporarily on-hold, due to security purposes. Kindly verify here https://mub.me/AppsGCashLogin",English,Phishing
,"23 March 2023, 15:21",,C0ngratulat1on https://bm672.info 1kaw @ng masuwerteng nanal0 m@g s1gn up at kun1n @ng P 1999 ngay0n,Tagalog,Phishing
,"23 March 2023, 02:54",,By opting-out you may lose access to TNT & its Partners' special offers & promos.You can modify your privacy settings any time at http://tntph.com/privacy,English,Benign
,"23 March 2023, 02:53",SMART,CONGRATULATIONS! You have successfully registered your SIM! Please keep this Control Number as this will serve as your certificate of registration: 20230323P025197849,English,Benign
,"23 March 2023, 02:49",SMART,"Your One-Time Password (OTP) for SIM Registration is 213266. DO NOT SHARE THIS WITH ANYONE. If you did not request for an OTP, please call Smart immediately at *888 using your Smart mobile or (02) 8888-1111 using your landline.",English,Benign
,"23 March 2023, 01:22",,"Your FamSURF promo has expired. The regular browsing rate will now apply unless registered to a surf promo. Enjoy continuous browsing with FamSURF! To register again, download the GlobeOne app at https://globeone.onelink.me/ej7I/G1SMS and choose from your favorite promos. For more info, text FAMSURF INFO to 8080.",English,Benign
,"22 March 2023, 19:05",GLOBE,"Hi! You have already used up all the MBs from your SURF4ALL group promo. Regular browsing rate will now apply unless registered to a data promo. To register, download the GlobeOne app at https://globeone.onelink.me/ej7I/G1SMS for free and choose from your favorite promos.",English,Benign
,"22 March 2023, 19:02",GLOBE,"Hi! As of 03/22/23 19:02, there is 13.20MB left from your SURF4ALL group promo. This is valid until 03/23/23 01:21.",English,Benign
,"22 March 2023, 18:35",GLOBE,"Hi! As of 03/22/23 18:35, there is 99.57MB left from your SURF4ALL group promo. This is valid until 03/23/23 01:21.",English,Benign
,"22 March 2023, 05:55",GCash,Your payment of P599.00 to GOMO has been successfully processed on 03-22-23 05:55:42 AM. Ref. No. 370598601,English,Benign
,"22 March 2023, 05:55",GCash,"273532 is your authentication code. For your protection, do not share this code with anyone. yyAfcYn/qSW",English,Benign
,"22 March 2023, 05:53",GCash,You have received P49.50 GCash from 7eleven Kiosk w/ MSG - 2308-1035-9821. Your new balance is P643.12 03-22-23 5:53AM. Ref no. 0008847698100.,English,Benign
,"21 March 2023, 16:51",,"Hello, new free money bonus 800 with no deposit condition, please login https://www.d02k0d.com/?a=134851 to get free money 800 now",English,Phishing
,"21 March 2023, 11:02",,"Happy Birthday, NEMIA! May this year be filled with joy and success for you. Thank you for the 30 years of continuous support, ka-Cebuana!",English,Phishing
,"21 March 2023, 00:37",,No BMW X5 winner at BETFIL yet! Grab the car of your dreams! Play today! betfillmanalo.com,English,Phishing
,"20 March 2023, 01:21",,"Thank you for loading FamSURF! Para mas ma-enjoy mo ang promo na pang-Home Prepaid WiFi modem na at pang-phone pa, pwede mong i-share ang data mo with your family via the GlobeOne app at https://globeone.onelink.me/ej7I/G1SMS.",Tag-Lish,Benign
,"20 March 2023, 01:21",,"You're now registered to FamSURF50 with 5GB (for All Apps and Sites) for 3 days, valid until 2023-03-23, 01:21:32. For status, text FAMSURF STATUS. To stop, text FAMSURF STOP. For more info, text FAMSURF INFO and send to 8080.",English,Benign
,"20 March 2023, 01:19",AUTOLOADMAX,P50.00 has been loaded to your mobile number 9548058067. Trace No: 542456786 03/20/2023 01:19:28.856.,English,Benign
,"18 March 2023, 12:50",GLOBE,"Your One-time PIN is 740171. Please enter this code within 5 minutes. In case you didn't request for an OTP, simply ignore this message. Have a wonderful day!",English,Benign
,"18 March 2023, 12:47",GLOBE,"Your One-time PIN is 480602. Please enter this code within 5 minutes. In case you didn't request for an OTP, simply ignore this message. Have a wonderful day!",English,Benign
,"17 March 2023, 23:18",,"You're now registered to FamSURF50 with 5GB (for All Apps and Sites) for 3 days, valid until 2023-03-20, 23:18:22. For status, text FAMSURF STATUS. To stop, text FAMSURF STOP. For more info, text FAMSURF INFO and send to 8080.",English,Benign
,"17 March 2023, 23:18",,"Thank you for loading FamSURF! Para mas ma-enjoy mo ang promo na pang-Home Prepaid WiFi modem na at pang-phone pa, pwede mong i-share ang data mo with your family via the GlobeOne app at https://globeone.onelink.me/ej7I/G1SMS.",Tag-Lish,Benign
,"17 March 2023, 23:16",AUTOLOADMAX,P50.00 has been loaded to your mobile number 9548058067. Trace No: 525301216 03/17/2023 23:16:48.360.,English,Benign
,"17 March 2023, 08:30",GCash,You have received P643.50 GCash from 7eleven Kiosk w/ MSG - 2307-6100-3766. Your new balance is P643.62 03-17-23 8:29AM. Ref no. 0008752564603.,English,Benign
,"15 March 2023, 20:36",SMARTLoad,15/03 20:36: P50.00 loaded to 09129094503 from xxxxxxxx4306 for 1 year. Ref:ACF76NBX0J.,English,Benign
,"15 March 2023, 14:20",,"Your FamSURF promo has expired. The regular browsing rate will now apply unless registered to a surf promo. Enjoy continuous browsing with FamSURF! To register again, download the GlobeOne app at https://globeone.onelink.me/ej7I/G1SMS and choose from your favorite promos. For more info, text FAMSURF INFO to 8080.",English,Benign
,"15 March 2023, 04:43",,"<NAME>., Easy Play and earn! Sign up to get your 100% Welcome bonus! 5,000 Max bonus! Click here. duopromo1.com",English,Phishing
,"13 March 2023, 19:15",BDO Alert,#BDOAntiScam: Sharing your One-time PIN (OTP) can lead to fraud and financial loss. Avoid being scammed. Don't share your OTP. BDO will NEVER ask for it.,English,Benign
,"13 March 2023, 07:53",NTC,HUWAG MANIWALA SA TEXT TUNGKOL SA PERA O BANK VERIFICATION. ITO AY ISANG SCAM. I-REPORT SA HTTPS://NTC.GOV.PH o TUMAWAG SA NTC HOTLINE 1682.,Tagalog,Benign
,"13 March 2023, 02:10",CloudOTP,873475 is your verification code for Telegram. oLeq9AcOZkT,English,Benign
,"12 March 2023, 16:12",,"Free 880, get it for free, please log in to https://ty9445.com/?a=74043 to get 880! First come first served!",English,Phishing
,"12 March 2023, 14:19",,"Thank you for loading FamSURF! Para mas ma-enjoy mo ang promo na pang-Home Prepaid WiFi modem na at pang-phone pa, pwede mong i-share ang data mo with your family via the GlobeOne app at https://globeone.onelink.me/ej7I/G1SMS.",Tag-Lish,Benign
,"12 March 2023, 14:18",,"You're now registered to FamSURF50 with 5GB (for All Apps and Sites) for 3 days, valid until 2023-03-15, 14:18:56. For status, text FAMSURF STATUS. To stop, text FAMSURF STOP. For more info, text FAMSURF INFO and send to 8080.",English,Benign
,"12 March 2023, 14:18",RD PAWNSHOP,"Hi Mr/Ms <NAME>, RDCN 28935 can be claimed at any RDPawnshop, Penbank, Villarica & TrueMoney branches. Please present valid ID. Thank you!",English,Benign
,"12 March 2023, 14:17",AUTOLOADMAX,P50.00 has been loaded to your mobile number 9548058067. Trace No: 476442878 03/12/2023 14:17:25.093.,English,Benign
,"12 March 2023, 07:14",,"Your FamSURF promo has expired. The regular browsing rate will now apply unless registered to a surf promo. Enjoy continuous browsing with FamSURF! To register again, download the GlobeOne app at https://globeone.onelink.me/ej7I/G1SMS and choose from your favorite promos. For more info, text FAMSURF INFO to 8080.",English,Benign
,"11 March 2023, 12:09",SMARTLoad,"Get EXCLUSIVE promos every week JUST FOR YOU with just a tap on the GigaLife App! Click ""Don't Miss Out"" NOW on smrt.ph/dmo for MORE SURPRISES!",English,Benign
,"11 March 2023, 12:09",SMARTLoad,11/03 12:09: P50.00 loaded to 09129094503 from xxxxxxxx0975 for 1 year. Ref:ACB2638NEI.,English,Benign
,"11 March 2023, 10:42",GLOBE,"Hi! You have already used up all the MBs from your SURF4ALL group promo. Regular browsing rate will now apply unless registered to a data promo. To register, download the GlobeOne app at https://globeone.onelink.me/ej7I/G1SMS for free and choose from your favorite promos.",English,Benign
,"11 March 2023, 10:37",GLOBE,"Hi! As of 03/11/23 10:37, there is 11.19MB left from your SURF4ALL group promo. This is valid until 03/12/23 07:13.",English,Benign
,"11 March 2023, 10:24",GLOBE,"Hi! As of 03/11/23 10:24, there is 99.20MB left from your SURF4ALL group promo. This is valid until 03/12/23 07:13.",English,Benign
,"11 March 2023, 09:49",,"<NAME>., Use your first deposit wisely! Receive a 100% welcome BONUS up to P2000 at Jackpot City! jackpotnowcity10.com",English,Phishing
,"11 March 2023, 08:14",NTC,HUWAG MANIWALA SA TEXT TUNGKOL SA PERA O BANK VERIFICATION. ITO AY ISANG SCAM. I-REPORT SA HTTPS://NTC.GOV.PH o TUMAWAG SA NTC HOTLINE 1682.,Tagalog,Benign
,"10 March 2023, 18:56",GLOBE,"Hi! As of 03/10/23 18:56, there is 498.62MB left from your SURF4ALL group promo. This is valid until 03/12/23 07:13.",English,Benign
,"10 March 2023, 11:15",BDO,"Enjoy a low fee of only P10 when you Send Money via InstaPay with the new BDO Online app! Got a BDO Online Banking account? Do this: 1. On the login screen, tap Need help logging in? > I'd like to reset my password 2. Set a new password. 3. Log in with your Online Banking username and new password. Download now!",English,Benign
,"9 March 2023, 11:56",GCash,Nood lang ng videos araw-araw sa Giga Video 50! May 2GB Data + 1GB Video Everyday + Unli AllNet Texts for 3 Days. Go to your GCash dashboard and tap Load today!,Tag-Lish,Benign
,"9 March 2023, 07:13",,"Thank you for loading FamSURF! Para mas ma-enjoy mo ang promo na pang-Home Prepaid WiFi modem na at pang-phone pa, pwede mong i-share ang data mo with your family via the GlobeOne app at https://globeone.onelink.me/ej7I/G1SMS.",Tag-Lish,Benign
,"9 March 2023, 07:13",,"You're now registered to FamSURF50 with 5GB (for All Apps and Sites) for 3 days, valid until 2023-03-12, 07:13:28. For status, text FAMSURF STATUS. To stop, text FAMSURF STOP. For more info, text FAMSURF INFO and send to 8080.",English,Benign
,"9 March 2023, 07:10",GLOBE,"Your One-time PIN is 413733. Please enter this code within 5 minutes. In case you didn't request for an OTP, simply ignore this message. Have a wonderful day!",English,Benign
,"8 March 2023, 22:41",GLOBE,"Hi! As of 03/08/23 22:41, there is 96.15MB left from your SURF4ALL group promo. This is valid until 03/09/23 18:57.",English,Benign
,"8 March 2023, 19:56",GCash,Double the protection of your GCash Account with DoubleSafe! Mag-Selfie Scan after keying in your OTP when you login starting March 8 para laging #GSafeTayo,English,Benign
,"8 March 2023, 12:32",GLOBE,"Your One-time PIN is 056209. Please enter this code within 5 minutes. In case you didn't request for an OTP, simply ignore this message. Have a wonderful day!",English,Benign
,"8 March 2023, 12:32",GLOBE,"Your One-time PIN is 242247. Please enter this code within 5 minutes. In case you didn't request for an OTP, simply ignore this message. Have a wonderful day!",English,Benign
,"8 March 2023, 12:32",GLOBE,"Your One-time PIN is 561809. Please enter this code within 5 minutes. In case you didn't request for an OTP, simply ignore this message. Have a wonderful day!",English,Benign
,"8 March 2023, 11:49",GLOBE,"Hi! As of 03/08/23 11:49, there is 497.19MB left from your SURF4ALL group promo. This is valid until 03/09/23 18:57.",English,Benign
,"8 March 2023, 10:51",GLOBE,"Your One-time PIN is 884898. Please enter this code within 5 minutes. In case you didn't request for an OTP, simply ignore this message. Have a wonderful day!",English,Benign
,"8 March 2023, 10:39",GLOBE,"Your One-time PIN is 781169. Please enter this code within 5 minutes. In case you didn't request for an OTP, simply ignore this message. Have a wonderful day!",English,Benign
,"8 March 2023, 10:36",GLOBE,"Your One-time PIN is 054319. Please enter this code within 5 minutes. In case you didn't request for an OTP, simply ignore this message. Have a wonderful day!",English,Benign
,"8 March 2023, 10:35",AUTOLOADMAX,P50.00 has been loaded to your mobile number 9548058067. Trace No: 440114860 03/08/2023 10:35:41.145.,English,Benign
,"8 March 2023, 09:27",GLOBE,"Your One-time PIN is 981007. Please enter this code within 5 minutes. In case you didn't request for an OTP, simply ignore this message. Have a wonderful day!",English,Benign
,"8 March 2023, 08:08",NTC,HUWAG MANIWALA SA TEXT TUNGKOL SA PERA O BANK VERIFICATION. ITO AY ISANG SCAM. I-REPORT SA HTTPS://NTC.GOV.PH o TUMAWAG SA NTC HOTLINE 1682,Tagalog,Benign
,"8 March 2023, 07:45",,"Hi <NAME>., kamusta ka na? Win big with SBet's unlimited REBATE up to 1.5%. Play now! sbetdito11.com",Tag-Lish,Phishing
,"6 March 2023, 18:58",,"Thank you for loading FamSURF! Para mas ma-enjoy mo ang promo na pang-Home Prepaid WiFi modem na at pang-phone pa, pwede mong i-share ang data mo with your family via the GlobeOne app at https://globeone.onelink.me/ej7I/G1SMS.",Tag-Lish,Benign
,"6 March 2023, 18:57",,"You're now registered to FamSURF50 with 5GB (for All Apps and Sites) for 3 days, valid until 2023-03-09, 18:57:52. For status, text FAMSURF STATUS. To stop, text FAMSURF STOP. For more info, text FAMSURF INFO and send to 8080.",English,Benign
,"6 March 2023, 18:57",AUTOLOADMAX,P50.00 has been loaded to your mobile number 9548058067. Trace No: 427047502 03/06/2023 18:57:20.124.,English,Benign
,"6 March 2023, 16:14",SMARTLoad,"Get EXCLUSIVE promos every week JUST FOR YOU with just a tap on the GigaLife App! Click ""Don't Miss Out"" NOW on smrt.ph/dmo for MORE SURPRISES!",English,Benign
,"6 March 2023, 16:14",SMARTLoad,06/03 16:14: P50.00 loaded to 09129094503 from xxxxxxxx0975 for 1 year. Ref:AC695I5Y1V.,English,Benign
,"6 March 2023, 04:07",,"<NAME>.,Play here at Winning Plus! Slot and fishing games and your Claim 3% GCASH BONUS now! winningplusph.com",English,Phishing
,"5 March 2023, 18:09",,"Good day <NAME>., Great deals to make money ! win upto 1888 Fortune lucky wheel spin! Play now duopromo1.com",English,Phishing
,"5 March 2023, 10:05",RD PAWNSHOP,"Hi Mr/Ms <NAME>, RDCN 69654 can be claimed at any RDPawnshop, Penbank, Villarica & TrueMoney branches. Please present valid ID. Thank you!",English,Benign
,"5 March 2023, 09:17",NTC,HUWAG MANIWALA SA TEXT TUNGKOL SA PERA O BANK VERIFICATION. ITO AY ISANG SCAM. I-REPORT SA HTTPS://NTC.GOV.PH o TUMAWAG SA NTC HOTLINE 1682,Tagalog,Benign
,"4 March 2023, 07:00",GCash,GCrypto is now here! You're one of the first to try GCrypto! Explore Crypto and NFTs with GCrypto now. Tap View All > GCrypto in the GCash app to register.,English,Benign
,"2 March 2023, 21:47",SMARTLoad,"Get EXCLUSIVE promos every week JUST FOR YOU with just a tap on the GigaLife App! Click ""Don't Miss Out"" NOW on smrt.ph/dmo for MORE SURPRISES!",English,Benign
,"2 March 2023, 21:47",SMARTLoad,02/03 21:47: P50.00 loaded to 09129094503 from xxxxxxxx4306 for 1 year. Ref:AC2151UA4L.,English,Benign
,"2 March 2023, 14:18",,"Hello, 500 to 500 p to you, click; https://www.hdg15uh.com to get free money 500 now",English,Phishing
,"2 March 2023, 08:15",NTC,HUWAG MANIWALA SA TEXT TUNGKOL SA PERA O BANK VERIFICATION. ITO AY ISANG SCAM. I-REHUWAG MANIWALA SA TEXT TUNGKOL SA PERA O BANK VERIFICATION. ITO AY ISANG SCAM,Unknown,Benign
,"1 March 2023, 10:01",,"Hi i'm Atty:Gerardo V.Maglinao Ma'am/sir! U'r Sim no. Had Won! Php480,000,00+Acer Laptop From:KOPIKO MAGKAPERA 4 To Claim. Pls sent U'r full Name: Add: Age: Gender: Work:",English,Phishing
,"1 March 2023, 08:31",GCash,Nood lang ng videos araw-araw sa Giga Video 50! May 2GB Data + 1GB Video Everyday + Unli AllNet Texts for 3 Days. Go to your GCash dashboard and tap Load today!,Tag-Lish,Benign
,"28 February 2023, 22:46",GCash,You have paid P33.00 of GCash to 7 Eleven on 02-28-23 10:46:20 PM. Ref. No. 049292283.,English,Benign
,"28 February 2023, 12:04",GCash,You have paid P54.00 of GCash to DCCS Obrero B on 02-28-23 12:04:37 PM. Ref. No. 048654335.,English,Benign
,"28 February 2023, 09:43",SMARTLoad,"Get EXCLUSIVE promos every week JUST FOR YOU with just a tap on the GigaLife App! Click ""Don't Miss Out"" NOW on smrt.ph/dmo for MORE SURPRISES!",English,Benign
,"28 February 2023, 09:43",SMARTLoad,28/02 09:43: P50.00 loaded to 09129094503 from xxxxxxxx5444 for 1 year. Ref:ABS14PJY3L.,English,Benign
,"28 February 2023, 09:07",,"J&T DELIVERY!TN: 786012911496 Rider:OCWR Frence Sanoy,639812280824. For COD pls prepare exact amount. Photo proof of delivery is required. Thanks and be safe!",English,Benign
,"27 February 2023, 00:57",GCash,You have paid P76.00 of GCash to 7 Eleven on 02-27-23 12:57:18 AM. Ref. No. 047229384.,English,Benign
,"26 February 2023, 21:19",,"<NAME>., Win brand new LOUIS VUITTON NANO Speedy Bag at W+! Play and get Free PHph20 Bonus! Sign up now wplusph.com",English,Phishing
,"26 February 2023, 12:10",,"Good morning <NAME>., Recruit Player Now To get 1000 for each ! Visit OUR VIP PLAN REWARD & 2.5% PROMOTION ! unibetnow1.com",English,Phishing
,"25 February 2023, 23:00",,"<NAME>., Register now and Cash in to claim up to P6,660 Welcome Bonus of 120% at buobetpromo.com",English,Phishing
,"25 February 2023, 09:10",GCash,Say bye to late fees when you pay your real estate dues on time via GCash! Just tap Pay Bills on the GCash app to start.,English,Benign
,"25 February 2023, 08:14",,"<NAME>., HONDA CBR150R can be yours! Join Panagbenga Festival Wagering Tournament now here in W+ ! Sign up and bet now wplusp8.com",English,Phishing
,"24 February 2023, 17:45",,"Hello, new free money bonus 800 with no deposit condition, please login https://www.aq1558.com/?a=101569 to get free money 800 now",English,Phishing
,"24 February 2023, 15:40",RD PAWNSHOP,"Hi Mr/Ms <NAME>, Mr/Ms <NAME>has claimed RDCN: 39981 at Bucana. Thank you and have a good day!",English,Benign
,"24 February 2023, 14:19",RD PAWNSHOP,"Hi Mr/Ms CHRISTOPHER, RDCN 39981 can be claimed at any RDPawnshop, Penbank, Villarica & TrueMoney branches. Please present valid ID. Thank you!",English,Benign
,"23 February 2023, 07:59",GCash,It's never too late to start investing para achieve pa 'rin ang life goals with GFund. Go to your GCash dashboard and tap GFund to learn more.,English,Benign
,"23 February 2023, 05:46",,"Happy day! <NAME>., Tell a friend right away to receive 30% Profit and a FREE P1000! Open VIP PLAN To Get Bonuses! unibetnow.com",English,Phishing
,"22 February 2023, 11:50",GLOBEATHOME,"Para maiwasang ma-deactivate ang iyong account, siguraduhing i-register ang iyong Home Prepaid WiFi SIM in compliance with the National SIM Registration Act. Para mag-register, i-download lang ang GlobeOne app via https://globeone.onelink.me/ej7I/G1SMS.",Tag-Lish,Benign
,"21 February 2023, 00:23",GCash,You have paid P113.00 of GCash to DCCS Rizal A on 02-21-23 12:23:29 AM. Ref. No. 041575514.,English,Benign
,"20 February 2023, 23:56",Shopee,"To Activate SPayLater, enter verification code: 151538. Valid for 15 mins. NEVER share this code with others under any circumstances. PW42aWeqbj5",English,Benign
,"20 February 2023, 23:53",Shopee,"To Activate SPayLater, enter verification code: 281189. Valid for 15 mins. NEVER share this code with others under any circumstances. PW42aWeqbj5",English,Benign
,"19 February 2023, 14:08",Shopee,"To Activate SPayLater, enter verification code: 746597. Valid for 15 mins. NEVER share this code with others under any circumstances. PW42aWeqbj5",English,Benign
,"19 February 2023, 14:08",Shopee,"To Activate SPayLater, enter verification code: 203407. Valid for 15 mins. NEVER share this code with others under any circumstances. PW42aWeqbj5",English,Benign
,"17 February 2023, 14:02",RD PAWNSHOP,"Hi Mr/Ms <NAME>, Mr/Ms <NAME> has claimed RDCN: 42931 at Bucana. Thank you and have a good day!",English,Benign
,"17 February 2023, 12:49",RD PAWNSHOP,"Hi Mr/Ms <NAME>, RDCN 42931 can be claimed at any RDPawnshop, Penbank, Villarica & TrueMoney branches. Please present valid ID. Thank you!",English,Benign
,"16 February 2023, 16:09",GLOBEATHOME,Madali lang mag-register ng Home Prepaid WiFi SIM gamit ang GlobeOne app! I-download lang at mag-register sa GlobeOne via https://globeone.onelink.me/ej7I/G1SMS para tuluy-tuloy lang ang paggamit mo nito. Register na!,Tagalog,Benign
,"13 February 2023, 15:49",GCash,You have paid P255.00 of GCash to GMall Davao Mall DPS CTR 13 on 02-13-23 03:49:19 PM. Ref. No. 034339143.,English,Benign
,"13 February 2023, 13:48",RD PAWNSHOP,"Hi Mr/Ms <NAME>, Mr/Ms <NAME> has claimed RDCN: 62351 at Bucana. Thank you and have a good day!",English,Benign
,"13 February 2023, 12:21",RD PAWNSHOP,"Hi Mr/Ms <NAME>, RDCN 62351 can be claimed at any RDPawnshop, Penbank, Villarica & TrueMoney branches. Please present valid ID. Thank you!",English,Benign
,"13 February 2023, 09:16",GCash,Your payment of P149.00 to Netflix Inc. has been successfully processed on 02-13-23 09:16:16 AM. Ref. No. 033899396,English,Benign
,"12 February 2023, 18:46",Coins.ph,"You have received a payment of 1082.7 PHP in your GCash (Instapay) account ending with 4503, sent using Coins.ph",English,Benign
,"12 February 2023, 18:46",GCash,"You have received 1082.70 of GCash from DCPay / COINS.PH with account ending in 4503. Your new balance is 1085.12 02-12-23 06:45 PM. Ref. No. 307384. Use now to buy load, purchase items, send money, pay bills, and a lot more!",English,Benign
,"12 February 2023, 18:46",Coins.ph,COINS ALERT: You are attempting to cash out GCash (Instapay) 1082.70 PHP. Use this code to confirm: 434005. Not you? Contact Coins support.,English,Benign
,"12 February 2023, 18:45",Coins.ph,COINS ALERT: You are attempting to cash out GCash (Instapay) 1082.70 PHP. Use this code to confirm: 434005. Not you? Contact Coins support.,English,Benign
,"11 February 2023, 07:40",GCash,"May extra pa sa sahod at savings? I-invest na ‘yan for as low as PHP 50 with GInvest! May ipon ka na, may investment ka pa. Learn more on the GCash app.",Tag-Lish,Benign
,"10 February 2023, 22:02",BDO Alert,#BDOAntiScam: 'Wag ibigay ang iyong account details at One-Time PIN (OTP) sa mga nagpapanggap na BDO officers. Hindi kailanman hihingin ng BDO ang iyong OTP.,Tagalog,Benign
,"10 February 2023, 19:30",,"JP7 Daily L0g-in get f*ee Bo/nus 99-P, Claim Now: jp7.site/bc nNBA",English,Phishing
,"10 February 2023, 15:00",,"Get 1500 P for free, click; https://www.ba11365.com/?a=102358",English,Phishing
,"10 February 2023, 07:48",,"<NAME>., Enjoy and Feel the LOVE with this FEB-IBIG! Deposit up to minimum of Php 200 and get a chance to win Tiffany & Co. Jewerly Couple Rings only in JACKPOTCITY! Hurry up and visit us jackpotcitywin888.com",English,Phishing
,"9 February 2023, 23:46",GCash,"Sulit ang pag-remit sa GCash Padala, as low as 1% fee/PHP 5 para sa min. padala na PHP 500. Instantly magpadala sa non-GCash users! Tap GCash Padala to start.",Tag-Lish,Benign
,"9 February 2023, 06:55",GLOBEATHOME,Hi! Nais naming ipaalam sa iyo na natapos na ang aming system activity. Pwede ka na ulit mag-register sa mga promos at mag-redeem ng rewards gamit ang GlobeOne app sa https://globeone.onelink.me/ej7I/G1SMS. Salamat!,Tagalog,Benign
,"8 February 2023, 23:30",GLOBEATHOME,"Hi! Nais naming ipaalam sa iyo na magkakaroon kami ng system activity sa February 9, from 12 MN to 5 AM. Sa mga oras na ito, hindi available ang promo registration at pag-redeem ng rewards. Para maiwasan ang abala, siguraduhing gawin na ang services na ito bago ang activity. I-access ang GlobeOne app sa https://globeone.onelink.me/ej7I/G1SMS. Salamat sa iyong pag-unawa.",Tagalog,Benign
,"8 February 2023, 16:58",,"Good Day Maam/Sir This is from J&T express your parcel is schedule for delivery any time this day. If you received this message please notify on me or reply ""OKEY"" if """"CANCEL """" state your reason WHY? thank you have a nice day G O D B L E S S 😊",English,Benign
,"8 February 2023, 13:04",,"Good Day Maam/Sir This is from J&T express your parcel is schedule for delivery any time this day. If you received this message please notify on me or reply ""OKEY"" if """"CANCEL """" state your reason WHY? thank you have a nice day G O D B L E S S 😊",English,Benign
,"8 February 2023, 10:33",GLOBEATHOME,"Nakapag-register ka na ba ng iyong Home Prepaid WiFi SIM? May mas madaling paraan na ng pag-register ng iyong Prepaid WiFi SIM! I-download lang ang GlobeOne app via https://globeone.onelink.me/ej7I/G1SMS at i-click ang ""Register your SIM"" button.",Tagalog,Benign
,"8 February 2023, 04:06",HDC,[HoYoverse]Your verification code is: 460027 (valid for 10 minutes). Please do not share this code with anyone else.,English,Benign
,"8 February 2023, 00:20",,"<NAME>., Visit here at Sbet the #1 trusted platform here in Philippines and enjoy your Unlimited rebate anytime up to 1.5%. Sign up now here: sbetbigwin.com",English,Phishing
,"7 February 2023, 23:32",,"Hi <NAME>., You Got Chance to win Tiffany&Co. Jewerly Couple Ring At Jackpotcity Join And Play And Win Other Prizes ! visit now jackpotcityluck777.com",English,Phishing
,"6 February 2023, 17:06",BDO,"System maintenance on BDO Pay has been completed. You may now Send Money, Pay Bills, and use other features.",English,Benign
,"5 February 2023, 13:43",RD PAWNSHOP,"Hi Mr/Ms <NAME>, Mr/Ms <NAME> has claimed RDCN: 16026 at Bucana. Thank you and have a good day!",English,Benign
,"5 February 2023, 09:37",RD PAWNSHOP,"Hi Mr/Ms <NAME>, RDCN 16026 can be claimed at any RDPawnshop, Penbank, Villarica & TrueMoney branches. Please present valid ID. Thank you!",English,Benign
,"4 February 2023, 20:59",GCash,Avail Car Protect of Standard Insurance & get a FREE loaner vehicle while waiting for your car! Go to your GCash dashboard & tap GInsure to learn more.,English,Benign
,"3 February 2023, 15:17",,won 3000 p a day，click; https://www.taya3651.com/?a=101202,English,Phishing
,"3 February 2023, 12:04",BDO,"BDO Pay is currently unavailable due to a system maintenance. In the meantime, you can use the new BDO Online app to Send Money and Pay Bills.",English,Benign
,"31 January 2023, 15:36",NETFLIX,Netflix: Please top up your GCash account so you can keep watching your favorites. Then retry your payment in the Netflix app.,English,Benign
,"31 January 2023, 10:36",GigaLifeApp,Thank you for using GigaLife App. Know your rights! View the Privacy Policy here: http://smrt.ph/GLAprivacy,English,Benign
,"31 January 2023, 09:36",NTC,"PAALALA: ANG PAG-REHISTRO NG SIM AY LIBRE. MAG-INGAT DIN AT WAG MANIWALA SA MGA HINDI KILALA NA NAG-AALOK NG TULONG SA PAGPAPAREHISTRO, MAY BAYAD MAN O WALA.",Unknown,Benign
,"31 January 2023, 04:41",,"<NAME>., All hot games like slot machine,live casino and more games you are looking for is in here! Register now here at JACKPOT CITY the most stable network and popular online gaming platform and get your welcome bonus up to P1,000 once you get register jackpotcitywinrich.com",English,Phishing
,"30 January 2023, 20:01",GCash,Your payment of P599.00 to GOMO has been successfully processed on 01-30-23 08:01:45 PM. Ref. No. 122036278,English,Benign
,"30 January 2023, 20:01",GCash,"263684 is your authentication code. For your protection, do not share this code with anyone. yyAfcYn/qSW",English,Benign
,"30 January 2023, 19:47",GCash,You have received P594.00 GCash from 7eleven Kiosk w/ MSG - 2303-0663-9363. Your new balance is P601.42 01-30-23 7:47PM. Ref no. 0007924226246.,English,Benign
,"30 January 2023, 10:29",NTC,"PAALALA: ANG PAG-REHISTRO NG SIM AY LIBRE. MAG-INGAT DIN AT WAG MANIWALA SA MGA HINDI KILALA NA NAG-AALOK NG TULONG SA PAGPAPAREHISTRO, MAY BAYAD MAN O WALA.",Unknown,Benign
,"30 January 2023, 09:21",GigaLifeApp,Mag-load na via GigaLife App gamit ang Maya para makakuha ng P50 CASHBACK! Download Maya: maya.ph/download Learn more: maya.ph/gigalifemaya DTI-FTEB 156540,Tagalog,Benign
,"29 January 2023, 16:22",,"You're now registered to FamSURF50 with 5GB (for All Apps and Sites) for 3 days, valid until 2023-02-01, 16:22:11. For status, text FAMSURF STATUS. To stop, text FAMSURF STOP. For more info, text FAMSURF INFO and send to 8080.",English,Benign
,"29 January 2023, 16:17",AUTOLOADMAX,P50.00 has been loaded to your mobile number 9548058067. Trace No: 98294857 01/29/2023 16:17:03.185.,English,Benign
,"29 January 2023, 15:51",,"Get 500 P for free, click; https://www.taya363.com/?a=102361",English,Phishing
,"29 January 2023, 09:16",MontSMS,[Bondee] Verification Code: 7388. Please complete verification within 30 minutes. Don't share this code with others.,English,Benign
,"28 January 2023, 17:07",Google,G-095873 is your Google verification code.,English,Benign
,"28 January 2023, 09:52",NTC,"PAALALA: ANG PAG-REHISTRO NG SIM AY LIBRE. MAG-INGAT DIN AT WAG MANIWALA SA MGA HINDI KILALA NA NAG-AALOK NG TULONG SA PAGPAPAREHISTRO, MAY BAYAD MAN O WALA.",Unknown,Benign
,"28 January 2023, 03:54",,"Get 500 P for free, click; https://www.taya362.com/?a=101569",English,Phishing
,"28 January 2023, 03:15",,F'R'EE P88 from PANAL0B'E.T for happy new year!! Reg!ster: pa-nalo.com/b12,English,Phishing
,"27 January 2023, 10:25",NTC,"PAALALA: ANG PAG-REHISTRO NG SIM AY LIBRE. MAG-INGAT DIN AT WAG MANIWALA SA MGA HINDI KILALA NA NAG-AALOK NG TULONG SA PAGPAPAREHISTRO, MAY BAYAD MAN O WALA.",Unknown,Benign
,"27 January 2023, 00:52",,"Your FamSURF promo has expired. The regular browsing rate will now apply unless registered to a surf promo. Enjoy continuous browsing with FamSURF! To register again, download the New GlobeOne app at https://glbe.co/NewGlobeONE and choose from your favorite promos. For more info, text FAMSURF INFO to 8080.",English,Benign
,"26 January 2023, 22:30",GLOBE,"Hi! As of 01/26/23 22:30, there is 498.07MB left from your SURF4ALL group promo. This is valid until 01/27/23 00:51.",English,Benign
,"26 January 2023, 13:05",BDO-OTP,"Your One-Time Password (OTP) is 175524, please enter within 5 minutes. Call BDO Customer Contact Center if you did not login to your account. Ref.No.863333",English,Benign
,"25 January 2023, 20:43",BDO Alert,#BDOAntiScam: Beware of scammers posing as bank representatives over the phone! Never share your account details or One-Time PIN in exchange for fake rewards.,English,Benign
,"25 January 2023, 10:39",NTC,"PAALALA: ANG PAG-REHISTRO NG SIM AY LIBRE. MAG-INGAT DIN AT WAG MANIWALA SA MGA HINDI KILALA NA NAG-AALOK NG TULONG SA PAGPAPAREHISTRO, MAY BAYAD MAN O WALA.",Unknown,Benign
,"24 January 2023, 12:07",,"<NAME>., Make every moment count ! Stable server only here in JACKPOTCITY! Win an Iphone 14PROMAX! Visit and Sign up nØw. jackpotcityluckly.com",English,Phishing
,"24 January 2023, 00:51",,"You're now registered to FamSURF50 with 5GB (for All Apps and Sites) for 3 days, valid until 2023-01-27, 00:51:45. For status, text FAMSURF STATUS. To stop, text FAMSURF STOP. For more info, text FAMSURF INFO and send to 8080.",English,Benign
,"24 January 2023, 00:28",AUTOLOADMAX,P50.00 has been loaded to your mobile number 9548058067. Trace No: 46502492 01/24/2023 00:28:13.819.,English,Benign
,"24 January 2023, 00:28",AUTOLOADMAX,P50.00 has been loaded to your mobile number 9548058067. Trace No: 46502492 01/24/2023 00:28:13.819.,English,Benign
,"23 January 2023, 09:01",GigaLifeApp,Mag-load na via GigaLife App gamit ang Maya para makakuha ng P50 CASHBACK! Download Maya: maya.ph/download Learn more: maya.ph/gigalifemaya DTI-FTEB 156540,Tagalog,Benign
,"20 January 2023, 10:13",NTC,"PAALALA: ANG PAG-REHISTRO NG SIM AY LIBRE. MAG-INGAT DIN AT WAG MANIWALA SA MGA HINDI KILALA NA NAG-AALOK NG TULONG SA PAGPAPAREHISTRO, MAY BAYAD MAN O WALA.",Unknown,Benign
,"20 January 2023, 09:48",NTC,"PAALALA: ANG PAG-REHISTRO NG SIM AY LIBRE. MAG-INGAT DIN AT WAG MANIWALA SA MGA HINDI KILALA NA NAG-AALOK NG TULONG SA PAGPAPAREHISTRO, MAY BAYAD MAN O WALA.",Unknown,Benign
,"19 January 2023, 09:15",GLOBE,"Maaring nakatanggap kayo ng text tungkol sa scheduled network maintenance activity na mangyayari January 19, 2023. Nais naming ipaalam sa iyo na hindi matutuloy ang activity sa nakatakdang oras. Sasabihan namin kayo ulit pag matutuloy ito sa ibang schedule. Salamat sa iyong pag-unawa.",Tagalog,Benign
,"19 January 2023, 03:11",,"<NAME>., Real time BETTING & Real time WINNING on our LIVE GAMES at JACKPOT CITY! Sign up now and Enjoy your 100% WELCOME B0NUS, And have a chance to win iPhone 14PRO MAX. jackpotcity20bonus.com",English,Phishing
,"19 January 2023, 02:53",,"Your FamSURF promo has expired. The regular browsing rate will now apply unless registered to a surf promo. Enjoy continuous browsing with FamSURF! To register again, download the New GlobeOne app at https://glbe.co/NewGlobeONE and choose from your favorite promos. For more info, text FAMSURF INFO to 8080.",English,Benign
,"18 January 2023, 11:23",NTC,"PAALALA: ANG PAG-REHISTRO NG SIM AY LIBRE. MAG-INGAT DIN AT WAG MANIWALA SA MGA HINDI KILALA NA NAG-AALOK NG TULONG SA PAGPAPAREHISTRO, MAY BAYAD MAN O WALA.",Unknown,Benign
,"18 January 2023, 09:32",GLOBEATHOME,"Hi! We're happy to inform you that our system activity is now completed, and you can now register to Home Prepaid WiFi promos. Just access the GlobeOne app at https://globeone.onelink.me/ej7I/G1SMS to get started. Take care!",English,Benign
,"17 January 2023, 23:00",GLOBE,"Hi! You have already used up all the MBs from your SURF4ALL group promo. Regular browsing rate will now apply unless registered to a data promo. To register, download the New GlobeOne app at https://glbe.co/NewGlobeONE for free and choose from your favorite promos.",English,Benign
,"17 January 2023, 23:00",GLOBE,"Hi! As of 01/17/23 23:00, there is 11.39MB left from your SURF4ALL group promo. This is valid until 01/19/23 02:52.",English,Benign
,"17 January 2023, 22:38",GLOBE,"Hi! As of 01/17/23 22:38, there is 96.50MB left from your SURF4ALL group promo. This is valid until 01/19/23 02:52.",English,Benign
,"17 January 2023, 15:04",GigaLifeApp,KaTropa! May up to P50 cashback ka pag nag-load using Maya on the GigaLife App! Download na: maya.ph/download Learn more: maya.ph/gigalifemaya DTI156540,Tag-Lish,Benign
,"17 January 2023, 14:10",GLOBEATHOME,"Hi! We wish to inform you that there will be a system activity on January 18, from 12:30 AM to 3:00 AM. During this time, registering to Home Prepaid WiFi promos will be temporarily unavailable. To avoid inconvenience, we suggest that you perform these transactions before the activity starts. Just access the GlobeOne app at https://globeone.onelink.me/ej7I/G1SMS. Thank you for your understanding.",English,Benign
,"17 January 2023, 13:26",GLOBE,"Hi! Magkakaroon kami ng importanteng network maintenance activity sa inyong area sa January 19, 2023, mula 12 AM hanggang 4 AM. Sa mga oras na ito, maaring makaranas kayo ng delay sa promo registration at pag-claim ng mga freebies at rewards. Para maiwasan ang abala, siguraduhing gawin na ang mga transactions na ito bago magsimula ang activity. Pumunta lang sa GlobeOne app via https://globeone.onelink.me/ej7I/G1SMS. Salamat sa iyong pag-unawa.",Tagalog,Benign
,"17 January 2023, 10:35",NETFLIX,"Netflix: We couldn’t charge your monthly payment of ₱149. Top up your GCash account, then retry your payment in the Netflix app.",English,Benign
,"17 January 2023, 10:32",GLOBE,"Hi! As of 01/17/23 10:32, there is 498.95MB left from your SURF4ALL group promo. This is valid until 01/19/23 02:52.",English,Benign
,"16 January 2023, 14:35",GCash,The right time to invest is today. Set aside a part of your salary starting at PHP 50. Go to GFund in the GCash app to learn more.,English,Benign
,"16 January 2023, 12:27",BDO-OTP,"Your One-Time Password (OTP) is 404025, please enter within 5 minutes. Call BDO Customer Contact Center if you did not login to your account. Ref.No.149162",English,Benign
,"16 January 2023, 11:41",,<#> Your WhatsApp code: 720-501 You can also tap on this link to verify your phone: v.whatsapp.com/720501 Don't share this code with others 4sgLq1p5sV6,English,Benign
,"16 January 2023, 11:35",NTC,"PAALALA: ANG PAG-REHISTRO NG SIM AY LIBRE. MAG-INGAT DIN AT WAG MANIWALA SA MGA HINDI KILALA NA NAG-AALOK NG TULONG SA PAGPAPAREHISTRO, MAY BAYAD MAN O WALA.",Unknown,Benign
,"16 January 2023, 02:52",,"You're now registered to FamSURF50 with 5GB (for All Apps and Sites) for 3 days, valid until 2023-01-19, 02:52:27. For status, text FAMSURF STATUS. To stop, text FAMSURF STOP. For more info, text FAMSURF INFO and send to 8080.",English,Benign
,"16 January 2023, 02:47",,"SurfAlert: Your browsing is put on hold to avoid unexpected internet charges. You'll also start receiving regular alerts for free when your phone or device connects to the internet. To continue browsing, access the New GlobeOne app at https://glbe.co/NewGlobeONE and register to our latest data promos.",English,Benign
,"16 January 2023, 02:47",AUTOLOADMAX,P50.00 has been loaded to your mobile number 9548058067. Trace No: 2177096637 01/16/2023 02:47:18.461.,English,Benign
,"16 January 2023, 02:25",,"Your FamSURF promo has expired. The regular browsing rate will now apply unless registered to a surf promo. Enjoy continuous browsing with FamSURF! To register again, download the New GlobeOne app at https://glbe.co/NewGlobeONE and choose from your favorite promos. For more info, text FAMSURF INFO to 8080.",English,Benign
,"15 January 2023, 13:15",RD PAWNSHOP,"Hi Mr/Ms <NAME>, Mr/Ms <NAME> has claimed RDCN: 66488 at Bucana. Thank you and have a good day!",English,Benign
,"15 January 2023, 11:30",RD PAWNSHOP,"Hi Mr/Ms <NAME>, RDCN 66488 can be claimed at any RDPawnshop, Penbank, Villarica & TrueMoney branches. Please present valid ID. Thank you!",English,Benign
,"15 January 2023, 10:36",NETFLIX,Netflix: Your next payment of ₱149/month will be deducted in 1 day from your GCash account.,English,Benign
,"14 January 2023, 11:37",MayaRewards,"₱1 LOAD FLASH SALE: Get ₱9 cashback when you buy ₱10 load. HURRY, until tomorrow only! Visit the Maya app to buy load now 👉",English,Benign
,"14 January 2023, 10:01",NTC,"PAALALA: ANG PAG-REHISTRO NG SIM AY LIBRE. MAG-INGAT DIN AT WAG MANIWALA SA MGA HINDI KILALA NA NAG-AALOK NG TULONG SA PAGPAPAREHISTRO, MAY BAYAD MAN O WALA.",Unknown,Benign
,"13 January 2023, 04:13",MayaRewards,"₱1 LOAD FLASH SALE: Get ₱9 cashback when you buy ₱10 load. HURRY, until today only! Visit the Maya app to buy load now 👉",English,Benign
,"13 January 2023, 02:25",GLOBE,"Your One-time PIN is 452982. Please enter this code within 5 minutes. In case you didn't request for an OTP, simply ignore this message. Have a wonderful day!",English,Benign
,"13 January 2023, 02:24",,"You're now registered to FamSURF50 with 5GB (for All Apps and Sites) for 3 days, valid until 2023-01-16, 02:24:00. For status, text FAMSURF STATUS. To stop, text FAMSURF STOP. For more info, text FAMSURF INFO and send to 8080.",English,Benign
,"13 January 2023, 02:23",GLOBE,"Your One-time PIN is 130335. Please enter this code within 5 minutes. In case you didn't request for an OTP, simply ignore this message. Have a wonderful day!",English,Benign
,"13 January 2023, 02:22",AUTOLOADMAX,P50.00 has been loaded to your mobile number 9548058067. Trace No: 2149480394 01/13/2023 02:22:24.384.,English,Benign
,"12 January 2023, 08:45",GigaLifeApp,KaTropa! May up to P50 cashback ka pag nag-load using Maya on the GigaLife App! Download na: maya.ph/download Learn more: maya.ph/gigalifemaya DTI156540,Tag-Lish,Benign
,"12 January 2023, 08:29",NTC,"PAALALA: ANG PAG-REHISTRO NG SIM AY LIBRE. MAG-INGAT DIN AT WAG MANIWALA SA MGA HINDI KILALA NA NAG-AALOK NG TULONG SA PAGPAPAREHISTRO, MAY BAYAD MAN O WALA.",Unknown,Benign
,"11 January 2023, 17:42",,"<NAME>., Looking for much fun Games with huge prizes? Join W+ to get a chance Iphone 14PROMAX and more! winplus7500bonu.com",English,Phishing
,"11 January 2023, 08:44",RD PAWNSHOP,"Hi Mr/Ms <NAME>, RDCN 45415 can be claimed at any RDPawnshop, Penbank, Villarica & TrueMoney branches. Please present valid ID. Thank you!",English,Benign
,"10 January 2023, 22:17",,"You're now registered to FamSURF50 with 5GB (for All Apps and Sites) for 3 days, valid until 2023-01-13, 22:17:15. For status, text FAMSURF STATUS. To stop, text FAMSURF STOP. For more info, text FAMSURF INFO and send to 8080.",English,Benign
,"10 January 2023, 22:17",GLOBE,"Your One-time PIN is 240737. Please enter this code within 5 minutes. In case you didn't request for an OTP, simply ignore this message. Have a wonderful day!",English,Benign
,"10 January 2023, 22:01",AUTOLOADMAX,P50.00 has been loaded to your mobile number 9548058067. Trace No: 2130799339 01/10/2023 22:01:35.704.,English,Benign
,"10 January 2023, 16:47",GLOBE,"Hi! Magkakaroon kami ng importanteng network maintenance activity sa inyong area sa January 12, 2023, mula 12 AM hanggang 4 AM. Sa mga oras na ito, maaring makaranas kayo ng delay sa promo registration at pag-claim ng mga freebies at rewards. Para maiwasan ang abala, siguraduhing gawin na ang mga transactions na ito bago magsimula ang activity. Pumunta lang sa GlobeOne app via https://globeone.onelink.me/ej7I/G1SMS. Salamat sa iyong pag-unawa.",Tagalog,Benign
,"10 January 2023, 15:19",,Good day! This is J&T Express Cabaguio Hub you have delivery today! Please response this message if you are available to receive your parcel on the address you have given to us thank you !,English,Benign
,"9 January 2023, 12:33",SMARTLoad,"Get EXCLUSIVE promos every week JUST FOR YOU with just a tap on the GigaLife App! Click ""Don't Miss Out"" NOW on smrt.ph/dmo for MORE SURPRISES!",English,Benign
,"9 January 2023, 12:33",SMARTLoad,09/01 12:33: P50.00 loaded to 09129094503 from xxxxxxxx4306 for 1 year. Ref:AA93VJIBKJ. Load EXTRA LOAD P75 & up to get EXTRA FREEBIES!,English,Benign
,"9 January 2023, 04:23",,"Your FamSURF promo has expired. The regular browsing rate will now apply unless registered to a surf promo. Enjoy continuous browsing with FamSURF! To register again, download the New GlobeOne app at https://glbe.co/NewGlobeONE and choose from your favorite promos. For more info, text FAMSURF INFO to 8080.",English,Benign
,"8 January 2023, 22:31",GLOBE,"Hi! As of 01/08/23 22:31, there is 96.78MB left from your SURF4ALL group promo. This is valid until 01/09/23 04:22.",English,Benign
,"8 January 2023, 22:05",GLOBE,"Hi! As of 01/08/23 22:05, there is 498.56MB left from your SURF4ALL group promo. This is valid until 01/09/23 04:22.",English,Benign
,"8 January 2023, 21:25",,"<NAME>., Join the raffle draw at SBET! 1raffle entry for 2,000php only and you can have a chance to win the NEW iPad Air(64)GB and more! sbetlucku.com",English,Phishing
,"8 January 2023, 03:39",,"<NAME>., Let's wine up! And get your daily deposit bonus up to P8,000 cash here in JACKPOT CITY! Sign up nØw! jackpotcity20bonu.com",English,Phishing
,"6 January 2023, 04:22",,"You're now registered to FamSURF50 with 5GB (for All Apps and Sites) for 3 days, valid until 2023-01-09, 04:22:17. For status, text FAMSURF STATUS. To stop, text FAMSURF STOP. For more info, text FAMSURF INFO and send to 8080.",English,Benign
,"6 January 2023, 04:22",GLOBE,"Your One-time PIN is 949717. Please enter this code within 5 minutes. In case you didn't request for an OTP, simply ignore this message. Have a wonderful day!",English,Benign
,"6 January 2023, 01:17",SmartLoad,06-Jan 01:17: P8.00 ay nabawas sa iyong account bilang payment sa TNT SAKLOLOAD you availed last 2022-12-03 16:00:10. LOAN ID: 24803261665. Ref:181095323073,Tag-Lish,Benign
,"5 January 2023, 11:37",,"<NAME>., Luckiest website is Winningplus! Sign up now to get 100% Casino welcome bonus up to P5,000! Play now! winningplus7500free.com",English,Phishing
,"5 January 2023, 02:19",GCash,Avail TNT UTP 15 & get unli Trinet calls & texts plus 50 SMS to other networks for 2 days. Go to your GCash dashboard and tap Load to register today!,English,Benign
,"3 January 2023, 11:32",,"J&T DELIVERYRider:OCW10,Riz Lasaca 09562434917 For COD pls prepare exact AmountPhoto proof of Delivery is required. Thanks And be safe!",English,Benign
,"1 January 2023, 22:28",GCash,You have paid P40.00 of GCash to 7 Eleven on 01-01-23 10:28:44 PM. Ref. No. 094010472.,English,Benign
,"1 January 2023, 21:10",GCash,Your payment of P99.00 to Shopee Philippines Inc has been successfully processed on 01-01-23 09:10:13 PM. Ref. No. 294317147,English,Benign
,"1 January 2023, 21:09",GCash,"578090 is your authentication code. For your protection, do not share this code with anyone. yyAfcYn/qSW",English,Benign
,"1 January 2023, 17:37",,Laag mi diha ars ahhaha,Tag-Lish,Phishing
,"1 January 2023, 07:18",GCash,"May extra pa sa sahod at savings? I-invest na ‘yan for as low as PHP 50 with GInvest! May ipon ka na, may investment ka pa. Learn more on the GCash app.",Tag-Lish,Benign
,"31 December 2022, 00:14",GCash,You have paid P20.00 of GCash to 7 Eleven on 12-31-22 12:14:53 AM. Ref. No. 092321595.,English,Benign
,"30 December 2022, 23:22",GCash,You have paid P37.00 of GCash to 7 Eleven on 12-30-22 11:22:12 PM. Ref. No. 092290735.,English,Benign
,"30 December 2022, 22:58",GCash,Your payment of P247.00 to Shopee Philippines Inc has been successfully processed on 12-30-22 10:58:01 PM. Ref. No. 592992807,English,Benign
,"30 December 2022, 22:57",GCash,"746446 is your authentication code. For your protection, do not share this code with anyone. yyAfcYn/qSW",English,Benign
,"30 December 2022, 20:03",GCash,You have paid P40.00 of GCash to 7 Eleven on 12-30-22 08:03:39 PM. Ref. No. 092128423.,English,Benign
,"30 December 2022, 19:20",GCash,You have paid P35.00 of GCash to 7 Eleven on 12-30-22 07:19:59 PM. Ref. No. 092085413.,English,Benign
,"30 December 2022, 17:03",GCash,"Did you request to ALLOW this DEVICE to access your GCash account? If not, DON'T ENTER YOUR OTP ON ANY SITE OR SEND IT TO ANYONE because IT'S A SCAM! If you requested, your OTP is 306872.",English,Benign
,"30 December 2022, 17:02",GCash,You have received PHP 1000.00 of GCash from CH********R J* A. 09564481056 w/ MSG: Yow. Your new balance is PHP 1006.02. Ref. No. 4007445953416.,English,Benign
,"29 December 2022, 20:57",,"<NAME>., The best deals in playing casino is here on Winning plus! Get your 100% CASINO WELCOME BONUS! upto P5,000+ Play now! winplusph7.com",English,Phishing
,"29 December 2022, 16:31",,"<NAME>. Get your all prizes here on W+! Just register and Claim your 100% CASINO WELCOME BONUS! upto P5,000+ Register now for free! wplus8rich.com",English,Phishing
,"29 December 2022, 05:22",MayaRewards,"You can win P10,000! Get it by just logging in to your Maya app. 🔥 Earn one raffle entry when you log in and you could be one of the 10 lucky winners!",English,Benign
,"27 December 2022, 19:08",GCash,You have successfully linked your GCash account to Apple services.,English,Benign
,"27 December 2022, 19:07",GCash,"702673 is your authentication code. For your protection, do not share this code with anyone. yyAfcYn/qSW",English,Benign
,"27 December 2022, 19:00",GCash,"NEVER SHARE YOUR OTP OR USE IT IN ANY LINK. There is a request to link a new device to your GCash account. To allow this device to gain access to your account, your OTP is 421080. If you DID NOT make this request, please ignore this message. yyAfcYn/qSW",English,Benign
,"27 December 2022, 18:54",GCash,"NEVER SHARE YOUR OTP OR USE IT IN ANY LINK. There is a request to link a new device to your GCash account. To allow this device to gain access to your account, your OTP is 229043. If you DID NOT make this request, please ignore this message. yyAfcYn/qSW",English,Benign
,"27 December 2022, 17:18",MayaRewards,"Holiday Prize: P10,000 🤑 Log in to your Maya account and get 1 raffle entry plus free P1! Promo runs from Dec. 22-31 only! Go to your Maya app now ⚡",English,Benign
,"27 December 2022, 17:13",Telegram,Telegram code: 90934 You can also tap on this link to log in: https://t.me/login/90934 oLeq9AcOZkT,English,Benign
,"27 December 2022, 09:57",GCash,Have confidence in your investment! Grow your money to reach your goals via professionally managed funds with GInvest.,English,Benign
,"26 December 2022, 10:01",BDO,"Need a last-minute gift? Send money through BDO Pay for FREE or to other banks for only P10! To stop receiving messages, text UNSUB BDO PAY to 225678.",English,Benign
,"25 December 2022, 21:14",,Come to open an account and receive 50MBG airdrop coins for free!Google play or APP store search for mybitglobal to download apps,English,Phishing
,"24 December 2022, 16:20",GCash,Be secured from unpaid bills if you get into an accident. GInsure Bill Protect covers you for three years for less than 1% of your bill amount! Simply check the option on the screen when you Pay Bills using GCash.,English,Benign
,"21 December 2022, 19:50",GCash,"Did you request to SEND MONEY to MY**N T.'s GCash number, 09757819071 with amount of PHP 500.00? If not, DON'T ENTER YOUR OTP ON ANY SITE OR SEND IT TO ANYONE because IT'S A SCAM! If you requested, your OTP is 323285.",English,Benign
,"21 December 2022, 19:48",GCash,"Did you request to ALLOW this DEVICE to access your GCash account? If not, DON'T ENTER YOUR OTP ON ANY SITE OR SEND IT TO ANYONE because IT'S A SCAM! If you requested, your OTP is 014195.",English,Benign
,"21 December 2022, 12:46",,"J&T DELIVERY!TN: 785621473819 Rider:OCW10 Joshua Mulo,639659700682. For COD pls prepare exact amount. Photo proof of delivery is required. Thanks and be safe!",English,Benign
,"19 December 2022, 11:40",NTC,"1/2 HUWAG MANIWALA SA TEXT NA NAGLALAMAN NG PAGHIKAYAT O PAGSALI SA ANUMANG LARO O NAG-AALOK NG PANALO, PABUYA O PERA.",Unknown,Benign
,"19 December 2022, 11:40",NTC,2/2 ITO AY ISANG SCAM.I-REPORT SA HTTPS://NTC.GOV.PH O ITAWAG SA NTC HOTLINE 1682,Unknown,Benign
,"19 December 2022, 11:09",,Happy Monday Lodi! Lunes na at 5 days nalang pasko na! Maraming handog na pamasko ang breakingnewsmanila.com/Game sayo! Ayain ang barkada at mag register na!,Tagalog,Phishing
,"17 December 2022, 22:18",MayaRewards,"Want a chance to win P10,000? Send at least P1 to a friend and earn either P1 or P10,000 cashback! Send money to up to 10 different users to get a chance to receive the reward up to 10 times.",English,Benign
,"17 December 2022, 16:45",GCash,Your payment of P149.00 to Netflix Inc. has been successfully processed on 12-17-22 04:45:09 PM. Ref. No. 079669961,English,Benign
,"17 December 2022, 16:44",GCash,"Did you request to ALLOW this DEVICE to access your GCash account? If not, DON'T ENTER YOUR OTP ON ANY SITE OR SEND IT TO ANYONE because IT'S A SCAM! If you requested, your OTP is 892447.",English,Benign
,"17 December 2022, 16:42",GCash,You have received P148.50 GCash from 7eleven Kiosk w/ MSG - 2235-1416-2963. Your new balance is P155.02 12-17-22 4:42PM. Ref no. 0007239685048.,English,Benign
,"17 December 2022, 16:06",RD PAWNSHOP,"Hi Mr/Ms <NAME>, RDCN 44420 can be claimed at any RDPawnshop, Penbank, Villarica, TrueMoney branches. Bring valid ID. Sender earned 1 raffle entry. Thank",English,Benign
,"15 December 2022, 19:56",GCash,You've got a PHP 10.00 Load Voucher! Use it on your next TNT promo purchase. Min. spend PHP50.00. Go to your Voucher Pocket to view your voucher.,English,Benign
,"13 December 2022, 16:31",BDO,"Enjoy low transfer fees when you send ""pamasko"" with BDO Pay! Send Money to other banks for only P10. To stop receiving messages, text UNSUB BDO PAY to 225678.",English,Benign
,"12 December 2022, 09:35",GigaLifeApp,Talagang kumukutikutitap this 12.12 GIGASALE ang mga promos and rewards! Get up to 20% off from 12.12 - 12.24! Visit http://smrt.ph/gigapoints DTI-157118,English,Benign
,"11 December 2022, 14:32",RD PAWNSHOP,"Hi Mr/Ms <NAME>, RDCN: 32859 can be claimed at any RDPawnshop, RDCredit, Penbank & Villarica branches. Please present valid ID. Thank you!",English,Benign
,"11 December 2022, 11:09",GigaLifeApp,"Pasko na, sinta ko! Log in to the GigaLife App on Dec 11 12:12PM, irresistible suprises await! Get it on smrt.ph/GigaLifeApp DTI-157118",English,Benign
,"7 December 2022, 10:42",AuthMSG,Your OpenAI API verification code is: 917690,English,Benign
,"6 December 2022, 20:55",GCash,Your payment of P599.00 to GOMO has been successfully processed on 12-06-22 08:55:39 PM. Ref. No. 069412467,English,Benign
,"6 December 2022, 20:55",GCash,"775453 is your authentication code. For your protection, do not share this code with anyone. yyAfcYn/qSW",English,Benign
,"6 December 2022, 20:48",GCash,"292486 is your authentication code. For your protection, do not share this code with anyone. yyAfcYn/qSW",English,Benign
,"6 December 2022, 20:45",GCash,"You have received 600.00 of GCash from BDO Unibank, Inc. with account ending in 6177. Your new balance is 605.52 12-06-22 08:45 PM. Ref. No. 0007070969193. Use now to buy load, purchase items, send money, pay bills, and a lot more!",English,Benign
,"6 December 2022, 17:53",GLOBE,"Hi! We wish to inform you that there will be a system activity on December 7, from 12:30 AM to 5 AM. During this time, buy load/promo and loan services will temporarily be unavailable. To avoid inconvenience, we suggest that you perform these transactions before the activity starts. Just access the GlobeOne app at https://globeone.onelink.me/ej7I/G1SMS Thank you for your understanding.",English,Benign
,"6 December 2022, 13:40",,"You're now registered to FamSURF50 with 5GB (for All Apps and Sites) for 3 days, valid until 2022-12-09, 13:40:16. For status, text FAMSURF STATUS. To stop, text FAMSURF STOP. For more info, text FAMSURF INFO and send to 8080.",English,Benign
,"6 December 2022, 13:37",AUTOLOADMAX,P50.00 has been loaded to your mobile number 9548058067. Trace No: 1798070609 12/06/2022 13:37:02.718.,English,Benign
,"6 December 2022, 12:16",,Tuesday na! Bigyan natin ng suwerte ang araw mo ngayon! Dahil dito kay bartargame.com/Live may Daily B0nu$ at chance mo pa mag T0P 1! Pinipilahan ng lahat!,Tagalog,Phishing
,"6 December 2022, 11:58",GLOBE,"Hi! As of 12/06/22 11:58, there is 99.43MB left from your SURF4ALL group promo. This is valid until 12/06/22 23:15.",English,Benign
,"6 December 2022, 11:39",RD PAWNSHOP,"Hi Mr/Ms <NAME>, RDCN: 45362 can be claimed at any RDPawnshop, RDCredit, Penbank & Villarica branches. Please present valid ID. Thank you!",English,Benign
,"6 December 2022, 05:06",GLOBE,"Hi! As of 12/06/22 05:06, there is 497.38MB left from your SURF4ALL group promo. This is valid until 12/06/22 23:15.",English,Benign
,"4 December 2022, 10:02",GLOBE,"Mag-enjoy sa data na pang-modem na, pang-phone pa! Mag-load lang ng FamSURF999 and get up to 200GB: that's 170GB shareable data + 30GB for Watch, Chat, Learn, and Earn apps, all valid for 30 days! Mag-load na sa GlobeOne app at https://globeone.onelink.me/ej7I/G1SMS. No advisories? Tap glbe.co/noadvisories.",Tag-Lish,Benign
,"3 December 2022, 23:15",,"You're now registered to FamSURF50 with 5GB (for All Apps and Sites) for 3 days, valid until 2022-12-06, 23:15:44. For status, text FAMSURF STATUS. To stop, text FAMSURF STOP. For more info, text FAMSURF INFO and send to 8080.",English,Benign
,"3 December 2022, 18:53",CloudOTP,189637 is your verification code for JobYoDA. xZF4y9Z3qrl,English,Benign
,"3 December 2022, 16:01",,"You're now registered to FamSURF50 with 5GB (for All Apps and Sites) for 3 days, valid until 2022-12-06, 16:01:47. For status, text FAMSURF STATUS. To stop, text FAMSURF STOP. For more info, text FAMSURF INFO and send to 8080.",English,Benign
,"3 December 2022, 16:00",,Meron ka nang 30MB INTERNET. Babawasan ka ng P8 sa next reload mo. Thank you. LOAN ID: 24803261665 Ref: <881011673199>,Tag-Lish,Benign
,"3 December 2022, 15:57",AUTOLOADMAX,P50.00 has been loaded to your mobile number 9548058067. Trace No: 1769314477 12/03/2022 15:57:33.306.,English,Benign
,"3 December 2022, 12:42",GigaLifeApp,"1/2 ADVISORY: GigaPoints will be temporarily unavailable from Dec 5-7 due to maintenance. Inquiry, Redemptions and PasaPoints will be inaccessible at this time.",English,Benign
,"3 December 2022, 12:42",GigaLifeApp,2/2 Your points will remain intact and can continue to earn from your GigaLifeApp transactions. Thank you for your patience.,English,Benign
,"3 December 2022, 12:29",SPayLater,Online shopping para sa Pasko? Use SPayLater to buy now and pay later without worry! Activate now to enjoy our exclusive promotions: https://shp.ee/mvbcukc,English,Benign
,"2 December 2022, 17:25",SmartLoad,02-Dec 17:25: P8.00 ay nabawas sa iyong account bilang payment sa TNT SAKLOLOAD you availed last 2022-11-27 16:08:38. LOAN ID: 24744327836. Ref:181059685864,Tag-Lish,Benign
,"2 December 2022, 17:24",SMARTLoad,"Get EXCLUSIVE promos every week JUST FOR YOU with just a tap on the GigaLife App! Click ""Don't Miss Out"" NOW on smrt.ph/dmo for MORE SURPRISES!",English,Benign
,"2 December 2022, 17:24",SMARTLoad,02/12 17:24: P60.00 loaded to 09129094503 from xxxxxxxx4306 for 1 year. Ref:9L27QQOAK1. Load EXTRA LOAD P75 & up to get EXTRA FREEBIES!,English,Benign
,"2 December 2022, 14:57",GLOBE,"Pwede ka nang mag-load ng FamSURF, mag-redeem ng Rewards, at mag-avail ng iba pang exclusive promos and offers through the GlobeOne app! Mag-register na sa GlobeOne at https://globeone.onelink.me/ej7I/G1SMS. No advisories? Tap glbe.co/noadvisories.",Tag-Lish,Benign
,"1 December 2022, 12:28",RD PAWNSHOP,"Hi Mr/Ms <NAME>, RDCN: 07031 can be claimed at any RDPawnshop, RDCredit, Penbank & Villarica branches. Please present valid ID. Thank you!",English,Benign
,"1 December 2022, 04:40",,"You're now registered to FamSURF50 with 5GB (for All Apps and Sites) for 3 days, valid until 2022-12-04, 04:40:50. For status, text FAMSURF STATUS. To stop, text FAMSURF STOP. For more info, text FAMSURF INFO and send to 8080.",English,Benign
,"1 December 2022, 04:39",GLOBE,"Hi! As of 12/01/22 04:39, there is 97.52MB left from your SURF4ALL group promo. This is valid until 12/02/22 21:37.",English,Benign
,"1 December 2022, 02:33",GLOBE,"Hi! As of 12/01/22 02:33, there is 497.67MB left from your SURF4ALL group promo. This is valid until 12/02/22 21:37.",English,Benign
,"30 November 2022, 22:47",AUTOLOADMAX,P50.00 has been loaded to your mobile number 9548058067. Trace No: 1743027959 11/30/2022 22:47:37.649.,English,Benign
,"29 November 2022, 21:37",,"You're now registered to FamSURF50 with 5GB (for All Apps and Sites) for 3 days, valid until 2022-12-02, 21:37:29. For status, text FAMSURF STATUS. To stop, text FAMSURF STOP. For more info, text FAMSURF INFO and send to 8080.",English,Benign
,"29 November 2022, 21:37",AUTOLOADMAX,P50.00 has been loaded to your mobile number 9548058067. Trace No: 1732794777 11/29/2022 21:37:00.200.,English,Benign
,"29 November 2022, 16:55",GLOBE,"Hi! As of 11/29/22 16:55, there is 499.51MB left from your SURF4ALL group promo. This is valid until 12/01/22 17:22.",English,Benign
,"29 November 2022, 14:56",GCash,"G to make Christmas extra exciting? Join the MerryG raffle to get a chance to win an iPhone14, Macbook, PS5 & more! No advisories? Optout via GCash Help Center",English,Benign
,"28 November 2022, 17:22",,"You're now registered to FamSURF50 with 5GB (for All Apps and Sites) for 3 days, valid until 2022-12-01, 17:22:48. For status, text FAMSURF STATUS. To stop, text FAMSURF STOP. For more info, text FAMSURF INFO and send to 8080.",English,Benign
,"28 November 2022, 17:21",AUTOLOADMAX,P50.00 has been loaded to your mobile number 9548058067. Trace No: 1719478899 11/28/2022 17:21:40.600.,English,Benign
,"28 November 2022, 16:50",GLOBE,"Hi! As of 11/28/22 16:50, there is 96.36MB left from your SURF4ALL group promo. This is valid until 11/30/22 16:09.",English,Benign
,"28 November 2022, 14:31",BDO,"Why spend so much on transfer fees, when you can do it with BDO Pay for only P10? Send Money today! To stop receiving messages, text UNSUB BDO PAY to 225678.",English,Benign
,"28 November 2022, 05:04",GLOBE,"Hi! As of 11/28/22 05:04, there is 497.77MB left from your SURF4ALL group promo. This is valid until 11/30/22 16:09.",English,Benign
,"27 November 2022, 16:08",,Meron ka nang 30MB INTERNET. Babawasan ka ng P8 sa next reload mo. Thank you. LOAN ID: 24744327836 Ref: <881011656049>,Tag-Lish,Benign
,"24 November 2022, 09:54",NTC,"HUWAG MANIWALA SA TEXT NA MAY PANGALAN NINYO AT ALOK NA TRABAHO, PABUYA O PERA. ITO AY ISANG SCAM. I-REPORT SA HTTPS://NTC.GOV.PH o TUMAWAG SA NTC HOTLINE 1682",Tagalog,Benign
,"21 November 2022, 23:31",MayaRewards,Enjoy the quickest way to shop online! Activate your FREE virtual Maya card in minutes on the app and start spending in no time.,English,Benign
,"21 November 2022, 08:09",NTC,"HUWAG MANIWALA SA TEXT NA MAY PANGALAN NINYO AT ALOK NA TRABAHO, PABUYA O PERA. ITO AY ISANG SCAM. I-REPORT SA HTTPS://NTC.GOV.PH o TUMAWAG SA NTC HOTLINE 1682",Tagalog,Benign
,"18 November 2022, 23:14",Binance,Your Binance login verification code: 982398. Do not share this code with anyone. Visit your Binance account now.,English,Benign
,"16 November 2022, 14:02",RD PAWNSHOP,"Hi Mr/Ms CHRISTOPHER, RDCN: 80923 can be claimed at any RDPawnshop, RDCredit, Penbank & Villarica branches. Please present valid ID. Thank you!",English,Benign
,"14 November 2022, 17:16",BDO,"Enjoy BDO Pay's low transfer fee of only P10 when you Send Money to other banks and wallets. To stop receiving messages, text UNSUB BDO PAY to 225678.",English,Benign
,"13 November 2022, 04:04",,sCOD63 Is Best Online Casino in The Philippines.Register Now FREE 178 BONUS.24/7 Immediate Cash In/Out.More Promotions cod55.cc,English,Phishing
,"12 November 2022, 18:16",GCash,"You have received P640.00 of GCash from BDO Unibank, Inc. with account ending in 6177. Your new balance is P645.52 11-12-22 06:16 PM. Ref. No. 0006711122528. Use now to buy load, purchase items, send money, pay bills and a lot more!",English,Benign
,"12 November 2022, 18:12",GOMO,"Hey, GOMO Fam! We're glad to inform you that the issue affecting credit and debit card payments via the GOMO app has been fixed, and you may now use these for your next offer purchases. Thank you, and stay awesome!",English,Benign
,"12 November 2022, 13:55",GOMO,"Hey, GOMO Fam! We're sorry if you're experiencing problems with your credit or debit card payment via the GOMO app due to an ongoing technical issue. In the meantime, you may use GCash if you would like to purchase our offers. Rest assured we'll let you know once we are done fixing this issue. Thank you for understanding. Stay safe and awesome!",English,Benign
,"12 November 2022, 10:47",GigaLifeApp,"Wag mag stress, do less. Hassle-free na pag-load sa GigaLife App gamit ang Maya, GCash and other major credit cards. Go to smrt.ph/GigaLifeCash, then tap Add Load ""+""",English,Benign
,"10 November 2022, 07:10",,"Browser input: https://95M.App Online cockfighting game. Deposit 50 peso to withdraw 100 peso immediately. If you lose, you can reapply for 50 peso.",English,Phishing
,"10 November 2022, 04:24",Telegram,Telegram code: 27873 You can also tap on this link to log in: https://t.me/login/27873 oLeq9AcOZkT,English,Benign
,"8 November 2022, 12:50",GigaLifeApp,"Naghahanda para sa week? Gamitin ang GCash to give yourself a boost pag nag reload on the GigaLife App! Go to smrt.ph/GigaLifeCash, then tap Add Load ""+""",English,Benign
,"7 November 2022, 11:57",RD PAWNSHOP,"Hi Mr/Ms <NAME>, Mr/Ms DOVEM has claimed RDCN: 52642 at SARMIENTO. Thank you and have a good day!",English,Benign
,"7 November 2022, 11:46",GOMO,"Hey, GOMO Fam! We wish to inform you that there will be a system activity on November 10, from 12 MN to 3:00 AM. During this time, the GOMO app, website, and GOMO store in GLife will be unavailable. We're sorry for the trouble this may cause. Rest assured that data, calls and text services are still available. If you're planning to activate your new SIM, add more data or use 'Mo Creds, we encourage you to do them before the scheduled activity. You are awesome for understanding. Thanks! :)",English,Benign
,"3 November 2022, 22:06",GCash,You have paid P50.00 of GCash to purchase Php 50 load for 09129094503 on 10-31-22 06:37 AM. Your GCash balance is P304.52. Ref. No. 035920799.,English,Benign
,"2 November 2022, 05:42",GCash,Your payment of P299.00 to GOMO has been successfully processed on 11-02-22 05:42:52 AM. Ref. No. 237875084,English,Benign
,"2 November 2022, 05:42",GCash,"411245 is your authentication code. For your protection, do not share this code with anyone. yyAfcYn/qSW",English,Benign
,"1 November 2022, 15:31",,BDO-Online : Your account registered mobile number needs to be updated. Please visit here: online-bdo-webb.dnset.com/PH to continue receiving One-Time Pin(OTP),English,Benign
,"31 October 2022, 13:34",,You are running out of load! Your balance is: P3 Do you want to borrow P35 now? Reply YES to accept! Loan amount plus P14 fee will be deducted on your next reload. Ref:<24478397858>,English,Benign
,"30 October 2022, 19:47",GLOBEATHOME,"Pang-October 30 lang 'to! Get P3,000 OFF your Head in the Clouds General Admission ticket - from P12,888 to P9,888 na lang! Gamitin ang code GLOBEHITC sa SM Tickets website from 12 PM to 11:59 PM today para ma-claim ang iyong discount. Visit glbe.co/HITCFlashSale for more details. T&Cs apply. Follow Globe At Home on Facebook to learn more. Data charges may apply. Per DTI Fair Trade Permit No. FTEB-154424, series of 2022. No advisories? Tap glbe.co/noadvisories.",English,Benign
,"30 October 2022, 15:22",GCash,You have sent PHP 95.00 to JO*N AN****Y VI***R S. 09052672306 on 10-30-2022 03:22 PM. Your new balance is PHP 354.52. Ref. No. 0006528087117.,English,Benign
,"30 October 2022, 10:47",GCash,You have sent PHP 500.00 to AR**N L. 09679560195 on 10-30-2022 10:47 AM. Your new balance is PHP 449.52. Ref. No. 0006524180849.,English,Benign
,"30 October 2022, 10:46",GCash,You have received PHP 500.00 of GCash from ST******E M. 09171145652 w/ MSG: . Your new balance is PHP 949.52. Ref. No. 5006524166222.,Unknown,Benign
,"30 October 2022, 10:44",GCash,You have sent PHP 72.00 to AN***I C. 09569771671 on 10-30-2022 10:44 AM. Your new balance is PHP 449.52. Ref. No. 0006524138618.,English,Benign
,"30 October 2022, 09:24",,You are running out of load! Your balance is: P4 Do you want to borrow P35 now? Reply YES to accept! Loan amount plus P14 fee will be deducted on your next reload. Ref:<24466136265>,English,Benign
,"30 October 2022, 09:18",,ok po....,Tag-Lish,Phishing
,"30 October 2022, 09:14",GCash,You have sent PHP 1000.00 to AR**N L. 09679560195 on 10-30-2022 09:14 AM. Your new balance is PHP 521.52. Ref. No. 0006522990310.,English,Benign
,"30 October 2022, 08:55",GCash,You have received PHP 1000.00 of GCash from AB*******M L. 09153713344 w/ MSG: . Your new balance is PHP 1521.52. Ref. No. 9006522777166.,Unknown,Benign
,"30 October 2022, 08:07",GCash,You have sent PHP 1045.00 to AR**N L. 09679560195 on 10-30-2022 08:07 AM. Your new balance is PHP 521.52. Ref. No. 0006522323576.,English,Benign
,"30 October 2022, 07:41",GCash,You have received PHP 1000.00 of GCash from I** C. 09059019416 w/ MSG: . Your new balance is PHP 1566.52. Ref. No. 8006522135135.,Unknown,Benign
,"30 October 2022, 00:18",GCash,You have received PHP 45.00 of GCash from EL****E J** E. 09514692348 w/ MSG: . Your new balance is PHP 566.52. Ref. No. 5006520988545.,Unknown,Benign
,"28 October 2022, 17:23",GCash,You have received PHP 500.00 of GCash from JA****E A. 09085369159 w/ MSG: . Your new balance is PHP 521.52. Ref. No. 3006503167908.,Unknown,Benign
,"27 October 2022, 16:42",RD PAWNSHOP,"Hi Mr/Ms CHRISTOPHER, RDCN: 41105 can be claimed at any RDPawnshop, RDCredit, Penbank & Villarica branches. Please present valid ID. Thank you!",English,Benign
,"27 October 2022, 14:36",SMARTLoad,"Get EXCLUSIVE promos every week JUST FOR YOU with just a tap on the GigaLife App! Click ""Don't Miss Out"" NOW on smrt.ph/GigaLifeApp for MORE SURPRISES!",English,Benign
,"27 October 2022, 14:36",SMARTLoad,27/10 14:36: P10.00 loaded to 09129094503 from xxxxxxxx4306 for 1 year. Ref:9JR6M8XEF4. Load EXTRA LOAD P75 & up to get EXTRA FREEBIES!,English,Benign
,"27 October 2022, 14:30",SMARTLoad,"Get EXCLUSIVE promos every week JUST FOR YOU with just a tap on the GigaLife App! Click ""Don't Miss Out"" NOW on smrt.ph/GigaLifeApp for MORE SURPRISES!",English,Benign
,"27 October 2022, 14:30",SMARTLoad,27/10 14:30: P50.00 loaded to 09129094503 from xxxxxxxx4306 for 1 year. Ref:9JR1M8WM2F. Load EXTRA LOAD P75 & up to get EXTRA FREEBIES!,English,Benign
,"27 October 2022, 08:53",NOTICE,Your Tinder code is 630712 Don’t share @tinder.com #630712,English,Benign
,"26 October 2022, 12:04",,"<NAME>. Be the First Winner on W+ and Get 8888 FREE Bonus today! Register & Join us now! winplus8888.com/8888BONU QfdZ713""",English,Phishing
,"25 October 2022, 06:09",,Meron ka nang 30MB INTERNET. Babawasan ka ng P8 sa next reload mo. Thank you. LOAN ID: 24412782396 Ref: <880912359705>,Tag-Lish,Benign
,"24 October 2022, 19:21",,"<NAME>. ! Receive a free 8888 bonus today at W+! Register and Play now! w42u.com/HOT8888 QfdZ713""",English,Phishing
,"24 October 2022, 13:44",,You are running out of load! Your balance is: P3 Do you want to borrow P35 now? Reply YES to accept! Loan amount plus P14 fee will be deducted on your next reload. Ref:<24407570884>,English,Benign
,"24 October 2022, 11:08",NDRRMC,"NDRRMC (10:30AM, 24Oct22) Isang Magnitude 5.2 na lindol ang naganap sa Davao City, Davao del Sur kaninang 10:06AM. Aftershocks ay inaasahan.",Tagalog,Benign
,"21 October 2022, 14:21",RD PAWNSHOP,"Hi Mr/Ms <NAME>, RDCN: 73735 can be claimed at any RDPawnshop, RDCredit, Penbank & Villarica branches. Please present valid ID. Thank you!",English,Benign
,"21 October 2022, 11:00",SMARTLoad,"Get EXCLUSIVE promos every week JUST FOR YOU with just a tap on the GigaLife App! Click ""Don't Miss Out"" NOW on smrt.ph/GigaLifeApp for MORE SURPRISES!",English,Benign
,"21 October 2022, 11:00",SMARTLoad,21/10 11:00: P50.00 loaded to 09129094503 from xxxxxxxx4306 for 1 year. Ref:9JL3LHIZ3T. Load EXTRA LOAD P75 & up to get EXTRA FREEBIES!,English,Benign
,"21 October 2022, 02:44",,<NAME>. !Winning+ Giveaway!Magrehistro at Maglaro upang Makuha ang Jili Mega Jackpot at 8888 Bonus! wbonu.com/8888WIN,Tagalog,Phishing
,"20 October 2022, 19:30",,"Mga boss, ngayon ang iyong masuwerteng araw, i-click upang makakuha ng 10 dolyar nang libre!.Google play or APP store search for mybitglobal to download apps",Tag-Lish,Phishing
,"20 October 2022, 15:44",,"<NAME>. !Maglaro ng T1BET SPIN game at makakuha ng 3000 welcome bonus ngayon! Ngayon laro ng SPIN, gamet1bet.com/T1WIN",Tagalog,Phishing
,"19 October 2022, 21:25",,<NAME>. !Nagbabagang kaganapan sa Winning+ Mag rehistro at Kuhanin ang Jili Mega Jackpot at 8888 Bonus! wppremyo.com/LUCK8888,Tagalog,Phishing
,"18 October 2022, 20:14",,<NAME>. ! Ang unang SPIN gaming site! Sumali s T1BET at makakuha ng 3000 bonus at 50 libreng SPIN!gamet1bet.com/T1WIN,Tagalog,Phishing
,"18 October 2022, 16:44",SMARTLoad,"Get EXCLUSIVE promos every week JUST FOR YOU with just a tap on the GigaLife App! Click ""Don't Miss Out"" NOW on smrt.ph/GigaLifeApp for MORE SURPRISES!",English,Benign
,"18 October 2022, 16:44",SMARTLoad,18/10 16:44: P10.00 loaded to 09129094503 from xxxxxxxx4306 for 1 year. Ref:9JI7L5P1W3. Load EXTRA LOAD P75 & up to get EXTRA FREEBIES!,English,Benign
,"18 October 2022, 10:27",GigaLifeApp,"Get 10% cashback every time you buy promos using GigaPay with Maya on smrt.ph/GigaLifeApp! For new Maya users. Max cashback of P50. To know more, visit: http://www.maya.ph/gigalifemaya DTI152153",English,Benign
,"18 October 2022, 09:51",,<NAME>. ! Subukan ang mga pasabog ni W+ CASH SPLASH! Baka ikaw na ang MANALO ng 10M Prizepool at makatanggap ng 8888 bonus! wlove14.com/WIN14MAX,Tagalog,Phishing
,"18 October 2022, 09:40",,<NAME>. ! Subukan ang mga pasabog ni W+ CASH SPLASH! Baka ikaw na ang MANALO ng 10M Prizepool at makatanggap ng 8888 bonus! wlove14.com/WIN14MAX,Tagalog,Phishing
,"17 October 2022, 20:28",,CASH SPLASH EVERYDAY at 10M Prizepool ang mga papremyo! Manalo sa W.PLUS <NAME>.! ! Halina't maglaro at kumuha ng 8888 na bonus wlove14.com/WIN14MAX,Tagalog,Phishing
,"16 October 2022, 12:20",,Confirm you receive my text reply me here ghp17598@gmail.com,English,Phishing
,"15 October 2022, 17:05",SMART,"2/2 To learn more about our promos, visit https://smart.com.ph/help/prepaid.",English,Benign
,"15 October 2022, 17:05",SMART,1/2 Customer Service Advisory: Explore the GIGALife App! Add load or get your favorite promos with just a tap. Learn more at: http://smrt.ph/GigaLifeApp,English,Benign
,"15 October 2022, 16:20",,<NAME>. !Libreng 5500 at libreng SPIN na laro sa W+! Mag-sign up para manalo ng IPHONE14PROMAX sa W+! win14pro.com/14PROMAX,Tagalog,Phishing
,"14 October 2022, 18:29",,"<NAME>. ! Ang pinakamainit na trend, iniimbitahan ka ng T1BET na panoorin ang maapoy na larangan ng digmaan sa NBA! Mag-sign up para makakuha ng 3000 bonus at higit pa! t1bet123.com/T1BEST",Tagalog,Phishing
,"14 October 2022, 15:31",SMARTLoad,"Get EXCLUSIVE promos every week JUST FOR YOU with just a tap on the GigaLife App! Click ""Don't Miss Out"" NOW on smrt.ph/GigaLifeApp for MORE SURPRISES!",English,Benign
,"14 October 2022, 15:31",SMARTLoad,14/10 15:31: P50.00 loaded to 09129094503 from xxxxxxxx4306 for 1 year. Ref:9JE8KNJCE0. Load EXTRA LOAD P75 & up to get EXTRA FREEBIES!,English,Benign
,"14 October 2022, 13:02",BDO Pay,"Why spend so much on transfer fees, when you can do it with BDO Pay for only P10? Send Money today! To stop receiving messages, text UNSUB BDO PAY to 225678.",English,Benign
,"14 October 2022, 01:47",GCash,You have sent PHP 50.00 to MA*****O JO*N JO***A G. 09156876125 on 10-14-2022 01:47 AM. Your new balance is PHP 21.52. Ref. No. 0006300387697.,English,Benign
,"14 October 2022, 01:07",GCash,You have received P49.50 GCash from 7eleven Kiosk w/ MSG - 2228-7009-2541. Your new balance is P71.52 10-14-22 1:07AM. Ref no. 0006300272957.,English,Benign
,"12 October 2022, 22:41",,"Ang sikreto sa paggawa ng pera, makipag-ugnayan sa amin para turuan ka ng mga hakbang!/WhatsApp1 +639851908573 WhatsApp2 +639817102187",Tagalog,Phishing
,"12 October 2022, 06:11",,<NAME>. ! Padalhan ka ng 5500 at libreng SPIN na laro sa W+! Halika at manalo ng IPHONE14PROMAX ngayon sa W+ win72u.com/14PROMAX,Tagalog,Phishing
,"11 October 2022, 09:13",NTC,"HUWAG PONG MANIWALA SA TEXT NA NAGLALAMAN NG INYONG PANGALAN NA NAG-AALOK NG TRABAHO, PABUYA O PERA. ITO PO AY ISANG SCAM. I-REPORT SA HTTPS://NTC.GOV.PH",Unknown,Benign
,"11 October 2022, 03:42",,<NAME>. ! Padalhan ka ng 5500 at libreng SPIN na laro sa W+! Halika at manalo ng IPHONE14PROMAX ngayon sa W+!wpw7n.com/14PROMAX,Tagalog,Phishing
,"10 October 2022, 14:53",,"Back to reality na ulit, Work Work Work, Pag stress kana at gusto mo mag enjoy ang philexpress.news/Live bahala sayo,",Tag-Lish,Phishing
,"10 October 2022, 12:39",SMARTLoad,"Get EXCLUSIVE promos every week JUST FOR YOU with just a tap on the GigaLife App! Click ""Don't Miss Out"" NOW on smrt.ph/GigaLifeApp for MORE SURPRISES!",English,Benign
,"10 October 2022, 12:39",SMARTLoad,10/10 12:39: P50.00 loaded to 09129094503 from xxxxxxxx4306 for 1 year. Ref:9JA0K5N36S. Load EXTRA LOAD P75 & up to get EXTRA FREEBIES!,English,Benign
,"9 October 2022, 09:29",PALAWAN_Exp,"Mr/Ms <NAME>, claim your PALAWAN Express CMM-11-17951-ZAW at any Palawan Pawnshop/Palawan Express/Tambunting/LBC/SM/Robinsons.Bring ID.",English,Benign
,"8 October 2022, 11:39",SMARTLoad,"Get EXCLUSIVE promos every week JUST FOR YOU with just a tap on the GigaLife App! Click ""Don't Miss Out"" NOW on smrt.ph/GigaLifeApp for MORE SURPRISES!",English,Benign
,"8 October 2022, 11:39",SMARTLoad,08/10 11:39: P10.00 loaded to 09129094503 from xxxxxxxx0975 for 1 year. Ref:9J82JWE5M0. Load EXTRA LOAD P75 & up to get EXTRA FREEBIES!,English,Benign
,"8 October 2022, 08:02",NTC,"HUWAG PONG MANIWALA SA TEXT NA NAGLALAMAN NG INYONG PANGALAN NA NAG-AALOK NG TRABAHO, PABUYA O PERA. ITO PO AY ISANG SCAM. I-REPORT SA HTTPS://NTC.GOV.PH",Unknown,Benign
,"8 October 2022, 05:00",,<NAME>. Maglaro ng W+ pagkatapos ng trabaho! Manalo ng IPHONE PROMAX 14 at iba't ibang reward! Magrehistro para makakuha ng 5500! win8plus.com/14PROMAX,Tagalog,Phishing
,"6 October 2022, 19:27",GCash,GCash continues to protect your account. GCash WILL NEVER send any email or sms that contain links. DO NOT CLICK ON ANY LINK! Spotted a scammer? Report to Gigi via the Help Center.,English,Benign
,"4 October 2022, 20:11",,"h. Libreng 48-888 bonus, withdrawable funds, magmadali, 75932.cz",Tag-Lish,Phishing
,"3 October 2022, 21:58",GCash,You have sent PHP 600.00 to JO*N AN****Y VI***R S. 09052672306 on 10-03-2022 09:58 PM. Your new balance is PHP 22.02. Ref. No. 0006164770514.,English,Benign
,"3 October 2022, 21:51",GCash,"You have received P600.00 of GCash from BDO Unibank, Inc. with account ending in 6177. Your new balance is P622.02 10-03-22 09:51 PM. Ref. No. 0006164709011. Use now to buy load, purchase items, send money, pay bills and a lot more!",English,Benign
,"2 October 2022, 21:28",SMARTLoad,"Get EXCLUSIVE promos every week JUST FOR YOU with just a tap on the GigaLife App! Click ""Don't Miss Out"" NOW on smrt.ph/GigaLifeApp for MORE SURPRISES!",English,Benign
,"2 October 2022, 21:28",SMARTLoad,02/10 21:28: P10.00 loaded to 09129094503 for 1 year. Ref:9J20J8AXWI. Load EXTRA LOAD P75 & up to get EXTRA FREEBIES!,English,Benign
,"2 October 2022, 10:55",Maya,"e-sukli ang sukli mo! Shop at the SM Store, receive your e-sukli directly in your Maya wallet & get up to +P25 bonus cashback! Promo runs until Dec 31, 2022.",Tag-Lish,Benign
,"2 October 2022, 00:42",BDO-OTP,"Your One-Time Password (OTP) is 459600, please enter within 5 minutes. Call BDO Customer Contact Center if you did not login to your account. Ref.No.837248",English,Benign
,"1 October 2022, 00:46",,"Mag-e-expire ang iyong cash reward sa 00:00, halika at kolektahin ito!http://pxpfs4zn.uk5g1m.com/d1e7l?c=1",Tag-Lish,Phishing
,"29 September 2022, 17:34",,Good day! This is J&T Express Cabaguio Hub you have delivery today! Please response this message if you are available to receive your parcel on the address you have given to us thank you !,English,Benign
,"29 September 2022, 11:12",Telegram,Telegram code: 70405 You can also tap on this link to log in: https://t.me/login/70405 oLeq9AcOZkT,English,Benign
,"28 September 2022, 22:06",SMARTLoad,"Get EXCLUSIVE promos every week JUST FOR YOU with just a tap on the GigaLife App! Click ""Don't Miss Out"" NOW on smrt.ph/GigaLifeApp for MORE SURPRISES!",English,Benign
,"28 September 2022, 22:06",SMARTLoad,28/09 22:06: P50.00 loaded to 09129094503 for 1 year. Ref:9IS2IQLT62. Load EXTRA LOAD P75 & up to get EXTRA FREEBIES!,English,Benign
,"28 September 2022, 13:06",BDO-OTP,"Your One-Time Password (OTP) is 319684, please enter within 5 minutes. Call BDO Customer Contact Center if you did not login to your account. Ref.No.216388",English,Benign
,"28 September 2022, 09:47",GigaLifeApp,"Get 10% cashback every time you buy promos using GigaPay with Maya on smrt.ph/GigaLifeApp! For new Maya users. Max cashback of P50. To know more, visit: http://mayaph.co/MURyU29Q DTI149900",English,Benign
,"26 September 2022, 20:24",BDO Alert,#BDOAntiScam: 'Wag ibigay ang OTP kahit kanino at 'wag mag-click ng link! Mag log in sa BDO Online Banking gamit ang official BDO app o website.,Tagalog,Benign
,"26 September 2022, 19:24",Google,G-754430 is your Google verification code.,English,Benign
,"26 September 2022, 14:33",BDO Pay,"Send Money to other banks and wallets for only P10. Enjoy low transfer fees with BDO Pay! To stop receiving messages, text UNSUB BDO PAY to 225678.",English,Benign
,"24 September 2022, 17:52",,Telegram code: 53798 You can also tap on this link to log in: https://t.me/login/53798 oLeq9AcOZkT,English,Phishing
,"24 September 2022, 15:12",PayPal,PayPal: 846077 is your security code. Don't share your code.,English,Benign
,"24 September 2022, 15:01",PayPal,PayPal: 889684 is your security code. Don't share your code.,English,Benign
,"24 September 2022, 11:37",GigaLifeApp,"Patapos na ang linggo, pero 'di ang aming promos. Get exclusive offers pag nag load with Maya, GCash, or other major credit cards! Visit smrt.ph/GigaLifeCash, then tap Add Load ""+""",Tag-Lish,Benign
,"24 September 2022, 08:10",NTC,"BABALA:HUWAG PONG MANIWALA SA TEXT NA NAGLALAMAN NG INYONG PANGALAN NA NAG-AALOK NG TRABAHO, PABUYA O PERA. ITO PO AY ISANG SCAM. I-REPORT SA HTTPS://NTC.GOV.PH",Unknown,Benign
,"20 September 2022, 09:40",BDO-OTP,"Your One-Time Password (OTP) is 602404, please enter within 5 minutes. Call BDO Customer Contact Center if you did not login to your account. Ref.No.931090",English,Benign
,"20 September 2022, 09:23",GigaLifeApp,"Mas pinadali ang pag reload dahil may GCash na sa GigaLife App! Exclusive offers and your favorite promos are waiting! Visit smrt.ph/GigaLifeCash, then tap Add Load ""+""",Tag-Lish,Benign
,"19 September 2022, 12:14",,"<NAME>., Maglaro ng W.PL5SS para makakuha ng IP14P7M7X! Magrehistro para makakuha ng 5179 da'jiang at 2.5% na bonus! w22pl7s.com/W74U",Tagalog,Phishing
,"19 September 2022, 09:58",BDO-OTP,"Your One-Time Password (OTP) is 276100, please enter within 5 minutes. Call BDO Customer Contact Center if you did not login to your account. Ref.No.322661",English,Benign
,"19 September 2022, 09:29",BDO-OTP,"Your One-Time Password (OTP) is 470769, please enter within 5 minutes. Call BDO Customer Contact Center if you did not login to your account. Ref.No.564114",English,Benign
,"17 September 2022, 12:16",RD PAWNSHOP,"Hi Mr/Ms <NAME>, RDCN: 47740 can be claimed at any RDPawnshop, RDCredit, Penbank & Villarica branches. Please present valid ID. Thank you!",English,Benign
,"16 September 2022, 14:29",GCash,You have sent PHP 620.00 of GCash to LIYA SO. 09668802554 on 09-16-2022 02:29 PM. Your new balance is PHP 22.02. Ref. No. 0005933230416,English,Benign
,"16 September 2022, 13:02",BDO-OTP,"Your One-Time Password (OTP) is 437316, please enter within 5 minutes. Call BDO Customer Contact Center if you did not login to your account. Ref.No.527427",English,Benign
,"16 September 2022, 12:35",GigaLifeApp,"May mas madaling paraan to buy your favorite loads and promo! Load up na with Maya, GCash or major credit cards! Visit smrt.ph/GigaLifeCash, then tap Add Load ""+""",English,Benign
,"16 September 2022, 10:36",GCash,You have paid P50.00 of GCash to purchase Php 50 load for 09548058067 on 09-16-22 09:17 AM. Your GCash balance is P642.02. Ref. No. 098020608.,English,Benign
,"16 September 2022, 09:23",BDO-OTP,"Your One-Time Password (OTP) is 265249, please enter within 5 minutes. Call BDO Customer Contact Center if you did not login to your account. Ref.No.489381",English,Benign
,"16 September 2022, 09:07",GCash,"NEVER SHARE YOUR OTP especially on social media and SMS or email links. GCash will only need your MPIN or OTP when using the GCash App. Your OTP to link your device is 515074. If this was not you, please ignore. yyAfcYn/qSW.",English,Benign
,"16 September 2022, 07:04",GCash,You have received P514.80 GCash from 7eleven Kiosk w/ MSG - 2225-9053-4616. Your new balance is P692.02 09-16-22 7:04AM. Ref no. 0005927468450.,English,Benign
,"15 September 2022, 14:59",AuthMSG,Your Tinder code is 031793 Don't share @tinder.com #031793,English,Benign
,"15 September 2022, 13:31",BDO-OTP,"Your One-Time Password (OTP) is 545689, please enter within 5 minutes. Call BDO Customer Contact Center if you did not login to your account. Ref.No.593353",English,Benign
,"15 September 2022, 09:20",BDO-OTP,"Your One-Time Password (OTP) is 538161, please enter within 5 minutes. Call BDO Customer Contact Center if you did not login to your account. Ref.No.857700",English,Benign
,"14 September 2022, 07:41",NTC,"BABALA: HUWAG PO KAYONG MANIWALA SA TEXT NA NAGLALAMAN NG INYONG PANGALAN NA NAG-AALOK NG TRABAHO, PABUYA O PERA. ITO PO AY ISANG SCAM.",Unknown,Benign
,"13 September 2022, 09:09",BDO-OTP,"Your One-Time Password (OTP) is 478225, please enter within 5 minutes. Call BDO Customer Contact Center if you did not login to your account. Ref.No.285677",English,Benign
,"12 September 2022, 10:16",BDO-OTP,"Your One-Time Password (OTP) is 523129, please enter within 5 minutes. Call BDO Customer Contact Center if you did not login to your account. Ref.No.260574",English,Benign
,"12 September 2022, 09:53",BDO-OTP,"Your One-Time Password (OTP) is 323329, please enter within 5 minutes. Call BDO Customer Contact Center if you did not login to your account. Ref.No.968237",English,Benign
,"11 September 2022, 08:03",NTC,"BABALA: HUWAG PO KAYONG MANIWALA SA TEXT NA NAGLALAMAN NG INYONG PANGALAN NA NAG-AALOK NG TRABAHO, PABUYA O PERA. ITO PO AY ISANG SCAM.",Unknown,Benign
,"11 September 2022, 03:16",BDO-OTP,"Your One-Time Password (OTP) is 433609, please enter within 5 minutes. Call BDO Customer Contact Center if you did not login to your account. Ref.No.468252",English,Benign
,"10 September 2022, 19:24",GOMO,<#> 153797 is your GOMO OTP code. Don't share this code with anyone. /ebEq6SzrPCe,English,Benign
,"10 September 2022, 15:43",,"Pinakabagong event, magrehistro at may ¤10 http://yralk3.com",Tagalog,Phishing
,"10 September 2022, 14:08",GCash,"Iwasan ang kaba moments when you shop online with Online Shopping Insurance! For just PHP 15/month, get up to PHP 50K refund if you got scammed! Tap http://go.gcash.com/IglooOnlineShopping to know more. No advisories? Tap go.gcash.com/optout",English,Benign
,"10 September 2022, 12:19",,"<NAME>.,Mahirap kumita ng pera, bilisan magbukas ng account, bigyan ka muna ng ¤10 http://lais7m.com",Tagalog,Phishing
,"9 September 2022, 09:21",BDO-OTP,"Your One-Time Password (OTP) is 496900, please enter within 5 minutes. Call BDO Customer Contact Center if you did not login to your account. Ref.No.226895",English,Benign
,"9 September 2022, 06:41",GCash,You have paid P50.00 of GCash to purchase Php 50 load for 09548058067 on 09-09-22 06:41 AM. Your GCash balance is P177.22. Ref. No. 091916491.,English,Benign
,"8 September 2022, 09:17",BDO-OTP,"Your One-Time Password (OTP) is 508129, please enter within 5 minutes. Call BDO Customer Contact Center if you did not login to your account. Ref.No.315143",English,Benign
,"8 September 2022, 09:11",GCash,You have paid P50.00 of GCash to purchase Php 50 load for 09548058067 on 09-08-22 09:11 AM. Your GCash balance is P227.22. Ref. No. 091190195.,English,Benign
,"8 September 2022, 06:50",NDRRMC,"Sa September 8, 2022, 9AM, makiisa sa Nationwide Simultaneous Earthquake Drill at mag-DUCK, COVER, and HOLD. Sundan ang Civil Defense PH Fb page para sa detalye",Tag-Lish,Benign
,"8 September 2022, 02:14",GCash,You have sent PHP 50.00 of GCash to JOSEPHINE EJERCITO 09305578878 on 09-08-2022 02:14 AM. Your new balance is PHP 277.22. Ref. No. 0005825322725,English,Benign
,"7 September 2022, 23:14",GCash,You have paid P134.00 of GCash to DCCS Mts B on 09-07-22 11:14:23 PM. Ref. No. 090998233.,English,Benign
,"7 September 2022, 16:42",GCash,"You have received P455.00 of GCash from GCash Pa Cash In w/ MSG: . Your new balance is P461.22 09-07-22 04:41 PM. Ref no. 0005820006208. Use now to buy load, purchase items, send money, pay bills and a lot more!",Unknown,Benign
,"7 September 2022, 09:36",BDO-OTP,"Your One-Time Password (OTP) is 545689, please enter within 5 minutes. Call BDO Customer Contact Center if you did not login to your account. Ref.No.741355",English,Benign
,"7 September 2022, 05:11",,Meron ka nang 30MB INTERNET. Babawasan ka ng P8 sa next reload mo. Thank you. LOAN ID: 23919647411 Ref: <881011437183>,Tag-Lish,Benign
,"6 September 2022, 18:57",BDO-OTP,"Your One-Time Password (OTP) is 648100, please enter within 5 minutes. Call BDO Customer Contact Center if you did not login to your account. Ref.No.756564",English,Benign
,"6 September 2022, 00:48",BDO-OTP,"Your One-Time Password (OTP) is 396649, please enter within 5 minutes. Call BDO Customer Contact Center if you did not login to your account. Ref.No.947050",English,Benign
,"5 September 2022, 14:20",GCash,"Iwasan ang kaba moments when you shop online with Online Shopping Insurance! For just PHP 15/month, get up to PHP 50K refund if you got scammed! Tap http://go.gcash.com/IglooOnlineShopping to know more. No advisories? Tap go.gcash.com/optout",English,Benign
,"5 September 2022, 10:35",BDO-OTP,"Your One-Time Password (OTP) is 286969, please enter within 5 minutes. Call BDO Customer Contact Center if you did not login to your account. Ref.No.217754",English,Benign
,"5 September 2022, 09:39",BDO-OTP,"Your One-Time Password (OTP) is 713329, please enter within 5 minutes. Call BDO Customer Contact Center if you did not login to your account. Ref.No.456884",English,Benign
,"5 September 2022, 09:37",GCash,Your payment of P171.78 to Investagrams has been successfully processed on 09-05-22 09:37:42 AM. Ref. No. 490073720,English,Benign
,"5 September 2022, 09:37",GCash,"515716 is your authentication code. For your protection, do not share this code with anyone. yyAfcYn/qSW",English,Benign
,"5 September 2022, 09:37",GCash,"You have received P150.00 of GCash from BDO Unibank, Inc. with account ending in 6177. Your new balance is P178.00 09-05-22 09:37 AM. Ref. No. 0005789590526. Use now to buy load, purchase items, send money, pay bills and a lot more!",English,Benign
,"5 September 2022, 09:21",BDO-OTP,"Your One-Time Password (OTP) is 481956, please enter within 5 minutes. Call BDO Customer Contact Center if you did not login to your account. Ref.No.565341",English,Benign
,"5 September 2022, 04:41",BDO-OTP,"Your One-Time Password (OTP) is 374569, please enter within 5 minutes. Call BDO Customer Contact Center if you did not login to your account. Ref.No.687527",English,Benign
,"5 September 2022, 04:36",BDO-OTP,"Your One-Time Password (OTP) is 717184, please enter within 5 minutes. Call BDO Customer Contact Center if you did not login to your account. Ref.No.884678",English,Benign
,"4 September 2022, 11:48",RD PAWNSHOP,"Hi Mr/Ms <NAME>, RDCN: 75503 can be claimed at any RDPawnshop, RDCredit, Penbank & Villarica branches. Please present valid ID. Thank you!",English,Benign
,"3 September 2022, 09:00",Maya,"Uy, G na rin kami! You can now use Maya to scan any GCash QR na may red, blue, and yellow QRPh icon sa gitna. Zero extra fees 'yan ha! #LifeIsGWithMaya ;)",Tag-Lish,Benign
,"2 September 2022, 23:08",BDO-OTP,"Your One-Time Password (OTP) is 448449, please enter within 5 minutes. Call BDO Customer Contact Center if you did not login to your account. Ref.No.446650",English,Benign
,"2 September 2022, 22:56",BDO-OTP,"Your One-Time Password (OTP) is 632836, please enter within 5 minutes. Call BDO Customer Contact Center if you did not login to your account. Ref.No.909829",English,Benign
,"2 September 2022, 14:47",BDO ALERT,#BDOAntiScam: Never share your Online Banking username and OTP with anyone. Call BDO at (02)8631-8000 or visit your branch for account-related concerns.,English,Benign
,"2 September 2022, 13:03",BDO Pay,"Looking for a way to save on transfer fees? Go with BDO Pay! To stop receiving messages, text UNSUB BDO PAY to 225678.",English,Benign
,"2 September 2022, 09:37",GigaLifeApp,"TGIF! KaTropa, siguraduhing loaded ka para sa weekend. I-check ang GigaLife App para sa madaling pagbili ng load at promo! Go to smrt.ph/GigaLifeApp, tap the Add Load ""+"" NOW!",Tag-Lish,Benign
,"2 September 2022, 03:30",Maya,"Get a chance to win P5,000 Bench GCs and more at the Bench Baby & Kids Fair when you pay with Maya! Visit the Playground of Bench Tower, BGC from Sep 1-4.",English,Benign
,"2 September 2022, 03:01",BDO-OTP,"Your One-Time Password (OTP) is 549456, please enter within 5 minutes. Call BDO Customer Contact Center if you did not login to your account. Ref.No.637449",English,Benign
,"2 September 2022, 02:42",BDO-OTP,"Your One-Time Password (OTP) is 308761, please enter within 5 minutes. Call BDO Customer Contact Center if you did not login to your account. Ref.No.643656",English,Benign
,"1 September 2022, 11:35",RD PAWNSHOP,"Hi Mr/Ms <NAME>, RDCN: 79261 can be claimed at any RDPawnshop, RDCredit, Penbank & Villarica branches. Please present valid ID. Thank you!",English,Benign
,"31 August 2022, 04:10",BDO-OTP,"Your One-Time Password (OTP) is 459600, please enter within 5 minutes. Call BDO Customer Contact Center if you did not login to your account. Ref.No.291005",English,Benign
,"30 August 2022, 15:02",,"You're now registered to HomeSURF50 with 5GB for 3 days, valid until 2022-09-02, 15:02:11. For status, text HomeSURF STATUS. To stop, text HomeSURF STOP. For more info, text HomeSURF INFO and send to 8080.",English,Benign
,"30 August 2022, 14:56",,"30Aug 14:56: Sorry, no loan offers currently available. To check and avail other loan services, dial *123#, go to Balance/Services > Smart Credit.",English,Benign
,"30 August 2022, 14:55",,"SurfAlert: Your browsing is put on hold to avoid unexpected internet charges. You'll also start receiving regular alerts for free when your phone or device connects to the internet. To continue browsing, access the New GlobeOne app at https://glbe.co/NewGlobeONE and register to our latest data promos.",English,Benign
,"30 August 2022, 14:36",AutoLoadMAX,Pwede nang bilhin ang iPad Mini or Samsung S3 for as low as P1.00! Imposible? Hindi ah! Just text TAWAD to 2363 for free.,English,Benign
,"30 August 2022, 14:36",AutoLoadMAX,P50.00 prepaid credits was loaded to ur mobile# 09548058067 by 09540736506. Trace No: 114277116 08/30/2022 02:36PM.,English,Benign
,"30 August 2022, 11:04",GigaLifeApp,"Something new, something BLUE, starts with G. Subukan ang mas pinadaling pagbayad sa GigaLife App NOW. Go to smrt.ph/GigaLifeCash",Tag-Lish,Benign
,"30 August 2022, 10:03",,"Your FamSURF promo has expired. The regular browsing rate will now apply unless registered to a surf promo. Enjoy continuous browsing with FamSURF! To register again, download the New GlobeOne app at https://glbe.co/NewGlobeONE and choose from your favorite promos. For more info, text FAMSURF INFO to 8080.",English,Benign
,"29 August 2022, 20:04",GLOBE,"Hi! As of 08/29/22 20:04, there is 496.77MB left from your SURF4ALL group promo. This is valid until 08/30/22 10:01.",English,Benign
,"28 August 2022, 10:03",GigaLifeApp,"Get 10% cashback every time you buy promos using GigaPay with Maya on smrt.ph/GigaLifeApp! For new & upgraded Maya users. Max cashback of P50. To know more, visit: http://mayaph.co/c0RjLzlO DTI 148763S22",English,Benign
,"28 August 2022, 04:54",BDO-OTP,"Your One-Time Password (OTP) is 334276, please enter within 5 minutes. Call BDO Customer Contact Center if you did not login to your account. Ref.No.873102",English,Benign
,"28 August 2022, 04:48",BDO-OTP,"Your One-Time Password (OTP) is 621409, please enter within 5 minutes. Call BDO Customer Contact Center if you did not login to your account. Ref.No.728012",English,Benign
,"27 August 2022, 10:02",,"You're now registered to FamSURF50 with 5GB (for All Apps and Sites) for 3 days, valid until 2022-08-30, 10:02:00. For status, text FAMSURF STATUS. To stop, text FAMSURF STOP. For more info, text FAMSURF INFO and send to 8080.",English,Benign
,"27 August 2022, 09:55",AutoLoadMAX,Pwede nang bilhin ang iPad Mini or Samsung S3 for as low as P1.00! Imposible? Hindi ah! Just text TAWAD to 2363 for free.,English,Benign
,"27 August 2022, 09:55",AutoLoadMAX,P50.00 prepaid credits was loaded to ur mobile# 09548058067 by 09540736506. Trace No: 1908276923 08/27/2022 09:55AM.,English,Benign
,"27 August 2022, 03:43",GLOBE,"Hi! As of 08/27/22 03:43, there is 97.39MB left from your SURF4ALL group promo. This is valid until 08/28/22 00:02.",English,Benign
,"27 August 2022, 02:59",GLOBE,"Hi! As of 08/27/22 02:59, there is 496.55MB left from your SURF4ALL group promo. This is valid until 08/28/22 00:02.",English,Benign
,"25 August 2022, 21:35",,"DO YOU RECEIVED MY SMS MY DEAR,LET ME KNOW IN sophiavillanueva51@hotmail.com IT'S URGENT.",Unknown,Phishing
,"25 August 2022, 14:03",GigaLifeApp,"Something new, something BLUE, starts with G. Subukan ang mas pinadaling pagbayad sa GigaLife App NOW. Go to smrt.ph/GigaLifeCash",Tag-Lish,Benign
,"25 August 2022, 01:06",BDO-OTP,"Your One-Time Password (OTP) is 545689, please enter within 5 minutes. Call BDO Customer Contact Center if you did not login to your account. Ref.No.519179",English,Benign
,"25 August 2022, 00:02",,"You're now registered to FamSURF50 with 5GB (for All Apps and Sites) for 3 days, valid until 2022-08-28, 00:02:46. For status, text FAMSURF STATUS. To stop, text FAMSURF STOP. For more info, text FAMSURF INFO and send to 8080.",English,Benign
,"24 August 2022, 23:47",AUTOLOADMAX,P50.00 has been loaded to your mobile number 9548058067. Trace No: 987726870 08/24/2022 23:47:27.317.,English,Benign
,"23 August 2022, 23:59",BDO-OTP,"Your One-Time Password (OTP) is 474496, please enter within 5 minutes. Call BDO Customer Contact Center if you did not login to your account. Ref.No.335827",English,Benign
,"23 August 2022, 23:54",BDO-OTP,"Your One-Time Password (OTP) is 602404, please enter within 5 minutes. Call BDO Customer Contact Center if you did not login to your account. Ref.No.677659",English,Benign
,"23 August 2022, 11:53",,"You're now registered to FamSURF50 with 5GB (for All Apps and Sites) for 3 days, valid until 2022-08-26, 11:53:33. For status, text FAMSURF STATUS. To stop, text FAMSURF STOP. For more info, text FAMSURF INFO and send to 8080.",English,Benign
,"23 August 2022, 11:48",AUTOLOADMAX,P50 has been loaded to your mobile number 9548058067. Trace No: 978065133 08/23/2022 11:48:36.788.,English,Benign
,"23 August 2022, 11:03",GLOBE,"Hi! As of 08/23/22 11:03, there is 99.70MB left from your SURF4ALL group promo. This is valid until 08/24/22 21:39.",English,Benign
,"23 August 2022, 00:55",GLOBE,"Hi! As of 08/23/22 00:55, there is 499.12MB left from your SURF4ALL group promo. This is valid until 08/24/22 21:39.",English,Benign
,"22 August 2022, 23:27",GCash,"Your payment of P1,162.00 to ShopeePay has been successfully processed on 08-22-22 11:27:52 PM. Ref. No. 178541897",English,Benign
,"22 August 2022, 23:26",GCash,"638944 is your authentication code. For your protection, do not share this code with anyone. yyAfcYn/qSW",English,Benign
,"22 August 2022, 23:22",GCash,You have received P49.50 GCash from 7eleven Kiosk w/ MSG - 2223-4479-4979. Your new balance is P1190.00 08-22-22 11:22PM. Ref no. 0005625667199.,English,Benign
,"22 August 2022, 23:03",GCash,"555787 is your authentication code. For your protection, do not share this code with anyone. yyAfcYn/qSW.",English,Benign
,"22 August 2022, 22:50",GCash,"NEVER SHARE YOUR OTP especially on social media and SMS or email links. GCash will only need your MPIN or OTP when using the GCash App. Your OTP to link your device is 049877. If this was not you, please ignore. yyAfcYn/qSW.",English,Benign
,"22 August 2022, 22:48",GCash,"You have received P1140.00 of GCash from BDO Unibank, Inc. with account ending in 6177. Your new balance is P1140.50 08-22-22 10:47 PM. Ref. No. 0005625485528. Use now to buy load, purchase items, send money, pay bills and a lot more!",English,Benign
,"21 August 2022, 21:39",,"You're now registered to FamSURF50 with 5GB (for All Apps and Sites) for 3 days, valid until 2022-08-24, 21:39:51. For status, text FAMSURF STATUS. To stop, text FAMSURF STOP. For more info, text FAMSURF INFO and send to 8080.",English,Benign
,"21 August 2022, 21:38",,Meron ka nang 30MB INTERNET. Babawasan ka ng P8 sa next reload mo. Thank you. LOAN ID: 23746937058 Ref: <880912195554>,Tag-Lish,Benign
,"21 August 2022, 21:23",,"SurfAlert: Your browsing is put on hold to avoid unexpected internet charges. You'll also start receiving regular alerts for free when your phone or device connects to the internet. To continue browsing, access the New GlobeOne app at https://glbe.co/NewGlobeONE and register to our latest data promos.",English,Benign
,"21 August 2022, 21:22",AutoLoadMAX,Pwede nang bilhin ang iPad Mini or Samsung S3 for as low as P1.00! Imposible? Hindi ah! Just text TAWAD to 2363 for free.,English,Benign
,"21 August 2022, 21:22",AutoLoadMAX,P50.00 prepaid credits was loaded to ur mobile# 09548058067 by 09540736506. Trace No: 1867650674 08/21/2022 09:22PM.,English,Benign
,"21 August 2022, 20:56",GLOBE,"Hi! You have already used up all the MBs from your SURF4ALL group promo. Regular browsing rate will now apply unless registered to a data promo. To register, download the Globe At Home app via bit.ly/GAHApp and choose from your favorite promos.",English,Benign
,"21 August 2022, 18:42",GLOBE,"Hi! As of 08/21/22 18:42, there is 11.60MB left from your SURF4ALL group promo. This is valid until 08/22/22 21:33.",English,Benign
,"21 August 2022, 11:46",GigaLifeApp,"Get 10% cashback every time you buy promos using GigaPay with Maya on smrt.ph/GigaLifeApp! For new & upgraded Maya users. Max cashback of P50. To know more, visit: http://mayaph.co/c0RjLzlO DTI 148763S22",English,Benign
,"18 August 2022, 15:12",GigaLifeApp,You asked for it. We built it. Heto na ang mas pinadaling pag reload at pag bili ng promo sa GigaLife App! Punta na sa smrt.ph/GigaLifeApp!,Tag-Lish,Benign
,"18 August 2022, 02:36",RD PAWNSHOP,"Hi Mr/Ms <NAME>, RDCN: 73131 can be claimed at any RDPawnshop, RDCredit, Penbank & Villarica branches. Please present valid ID. Thank you!",English,Benign
,"17 August 2022, 20:14",,You are running out of load! Your balance is: P0 Do you want to borrow P40 now? Reply YES to accept! Loan amount plus P16 fee will be deducted on your next reload. Ref:<23703295069>,English,Benign
,"17 August 2022, 02:16",NETFLIX,Unfortunately we have not resolved issue with Netflix payment and your membership has been cancelled. Restart at netflix.com,English,Benign
,"15 August 2022, 17:53",,"<NAME>. Kunin ang pera magtrade at magipon ng ¤20,000 https://fxtrade.onelink.me/OCGP/bwxxmns7",Tagalog,Phishing
,"15 August 2022, 10:31",NETFLIX,Netflix: You have only 1 more day to top up your GCash account and keep watching your favorites. Retry your payment in the Netflix app.,English,Benign
,"13 August 2022, 16:33",NDRRMC,"NDRRMC (3:50PM, 13Aug22) Isang Magnitude 5.9 na lindol ang naganap sa Sinsuat, Maguindanao kaninang 2:25PM. Aftershocks at damage ay inaasahan.",Tagalog,Benign
,"13 August 2022, 15:21",NDRRMC,"NDRRMC (2:42PM, 13Aug22) Isang Magnitude 5.8 na lindol ang naganap sa South Upi, Maguindanao kaninang 2:25PM. Aftershocks ay inaasahan.",Tagalog,Benign
,"12 August 2022, 18:09",,You are running out of load! Your balance is: P2 Do you want to borrow P40 now? Reply YES to accept! Loan amount plus P16 fee will be deducted on your next reload. Ref:<23643758967>,English,Benign
,"11 August 2022, 20:24",,You are running out of load! Your balance is: P3 Do you want to borrow P40 now? Reply YES to accept! Loan amount plus P16 fee will be deducted on your next reload. Ref:<23634042218>,English,Benign
,"10 August 2022, 13:04",SMART,"2/2 with anyone to avoid getting scammed. To report suspicious calls or messages, call *888 for free using your SMART number. Thank you and take care!",English,Benign
,"10 August 2022, 13:04",SMART,"1/2 ADVISORY: #StaySmart and do not fall for scams. If you receive an SMS with a One-Time PIN (OTP), make sure to read it carefully and never share it",English,Benign
,"10 August 2022, 10:50",Telegram,Telegram code: 43138 You can also tap on this link to log in: https://t.me/login/43138,English,Benign
,"6 August 2022, 20:49",SmartLoad,06-Aug 20:49: P8.00 ay nabawas sa iyong account bilang payment sa TNT SAKLOLOAD you availed last 2022-08-05 16:50:09. LOAN ID: 23562337021. Ref:180930428162,Tag-Lish,Benign
,"5 August 2022, 17:19",BDO Pay,"Last 5 days to enjoy FREE Send Money to other banks and wallets! This runs until August 9, 2022 only. To stop receiving messages, text UNSUB BDO PAY to 225678.",English,Benign
,"5 August 2022, 16:50",,Meron ka nang 30MB INTERNET. Babawasan ka ng P8 sa next reload mo. Thank you. LOAN ID: 23562337021 Ref: <881011354157>,Tag-Lish,Benign
,"5 August 2022, 15:14",,You are running out of load! Your balance is: P3 Do you want to borrow P35 now? Reply YES to accept! Loan amount plus P14 fee will be deducted on your next reload. Ref:<23561234657>,English,Benign
,"5 August 2022, 15:09",SmartLoad,05-Aug 15:09: P8.00 ay nabawas sa iyong account bilang payment sa TNT SAKLOLOAD you availed last 2022-07-30 18:32:58. LOAN ID: 23494095416. Ref:180928820769,Tag-Lish,Benign
,"5 August 2022, 15:09",SMARTLoad,"Get EXCLUSIVE promos every week JUST FOR YOU with just a tap on the GigaLife App! Click ""Don't Miss Out"" NOW on smrt.ph/GigaLifeApp for MORE SURPRISES!",English,Benign
,"5 August 2022, 15:09",SMARTLoad,05/08 15:09: P10.00 loaded to 09129094503 for 1 year. Ref:9H54BW35CQ. Load EXTRA LOAD P75 & up to get EXTRA FREEBIES!,English,Benign
,"5 August 2022, 09:16",JTExpress,J&T DELIVERY!TN: 784898349008 Rider:Troy Donaire639091067468. For COD pls prepare exact amount. Photo proof of delivery is required. Thanks and be safe!,English,Benign
,"3 August 2022, 18:48",GRAB,<#> 465979 is your Grab Activation Code (GAC). It expires in 2 minutes. Do not share it with anyone. H9CMNjtZ1r6,English,Benign
,"3 August 2022, 18:48",GRAB,<#> 465979 is your Grab Activation Code (GAC). It expires in 2 minutes. Do not share it with anyone. H9CMNjtZ1r6,English,Benign
,"2 August 2022, 09:27",Binance,Your Binance login verification code: 331535. Do not share this code with anyone. Visit your Binance account now.,English,Benign
,"1 August 2022, 20:23",GigaLifeApp,Your 100 MB FREE DATA has been credited. Enjoy your reward and watch out for more promos only on the GigaLife App!,English,Benign
,"1 August 2022, 20:09",GigaLifeApp,9944 is your One-Time PIN. Enter this PIN in the Gigalife App. Please don't share your PIN,English,Benign
,"31 July 2022, 10:31",NETFLIX,Netflix: Please top up your GCash account so you can keep watching your favorites. Then retry your payment in the Netflix app.,English,Benign
,"31 July 2022, 05:54",,"Isang click magbukas ng account! Isang click para manalo sa simula, Sali na https://t.co/zpeQcRpTPz",Tagalog,Phishing
,"30 July 2022, 18:32",,Meron ka nang 30MB INTERNET. Babawasan ka ng P8 sa next reload mo. Thank you. LOAN ID: 23494095416 Ref: <880912139493>,Tag-Lish,Benign
,"29 July 2022, 16:04",SMARTLoad,"Get EXCLUSIVE promos every week JUST FOR YOU with just a tap on the GigaLife App! Click ""Don't Miss Out"" NOW on smrt.ph/GigaLifeApp for MORE SURPRISES!",English,Benign
,"29 July 2022, 16:04",SMARTLoad,29/07 16:04: P10.00 loaded to 09129094503 for 1 year. Ref:9GT3AZWREZ. Use GigaLife App for the best promos & deals! smrt.ph/GigaLifeApp,English,Benign
,"29 July 2022, 15:34",SmartLoad,29-Jul 15:34: P8.00 ay nabawas sa iyong account bilang payment sa TNT SAKLOLOAD you availed last 2022-07-23 00:07:38. LOAN ID: 23404407343. Ref:181020391391,Tag-Lish,Benign
,"27 July 2022, 22:42",,"27Jul 22:42: Sorry, no loan offers currently available. To check and avail other loan services, dial *123#, go to Balance/Services > Smart Credit.",English,Benign
,"27 July 2022, 12:00",MayaRewards,Make the most out of your day with Smart's new POWER ALL 99! Enjoy 8 GB data for all sites & apps + unli TikTok + unli texts to all networks for 7 days. Buy now 👉 http://mayaph.co/22JulyLoad,English,Benign
,"27 July 2022, 09:12",GigaLifeApp,"TIPID ka sa GigaPay Day! Get exclusive discounts on select promos using GigaPay this 27th - 28th sa smrt.ph/GigaLifeApp Swipe right on the GigaLife App screen, activate GigaPay, then click GigaPay Exclusives!",English,Benign
,"26 July 2022, 14:04",CEBUANA,"Ka 24k, SHOP ka ng kahit ano,WIN ka ng TV, Ref or Washing Machine! Just shop & check out using this Lazada link bit.ly/24kLaz! Til Oct15,2022.DTI FTEB-146221",Tag-Lish,Benign
,"25 July 2022, 13:40",GigaLifeApp,Mas masaya ang month-end PAY DAY with #GigaPayDay Abangan ang exclusive offers every 27th - 28th sa Gigalife App smrt.ph/GigaLifeApp,Tag-Lish,Benign
,"23 July 2022, 00:07",,Meron ka nang 8 TEXTS ALLNET. Babawasan ka ng P8 sa next reload mo. Thank you. LOAN ID: 23404407343 Ref: <881011319115>,Tag-Lish,Benign
,"22 July 2022, 11:34",,You are running out of load! Your balance is: P0 Do you want to borrow P45 now? Reply YES to accept! Loan amount plus P18 fee will be deducted on your next reload. Ref:<23396921996>,English,Benign
,"20 July 2022, 11:40",SMARTLoad,"Get EXCLUSIVE promos every week JUST FOR YOU with just a tap on the GigaLife App! Click ""Don't Miss Out"" NOW on smrt.ph/GigaLifeApp for MORE SURPRISES!",English,Benign
,"20 July 2022, 11:40",SMARTLoad,20/07 11:40: P50.00 loaded to 09129094503 for 1 year. Ref:9GK79T5711. Use GigaLife App for the best promos & deals! smrt.ph/GigaLifeApp,English,Benign
,"17 July 2022, 10:34",NETFLIX,"Netflix: We couldn’t charge your monthly payment of ₱149. Top up your GCash account, then retry your payment in the Netflix app.",English,Benign
,"16 July 2022, 16:30",BDO-ALERTS,"#BDOAntiScam: NEVER click links sent via text message to verify your account. Official text messages from BDO come from senders like ""BDO"" or ""BDO-ALERTS"".",English,Benign
,"16 July 2022, 15:41",RD PAWNSHOP,"Hi Mr/Ms <NAME>, RDCN: 66129 can be claimed at any RDPawnshop, RDCredit, Penbank & Villarica branches. Please present valid ID. Thank you!",English,Benign
,"15 July 2022, 10:30",NETFLIX,Netflix: Your next payment of ₱149/month will be deducted in 1 day from your GCash account.,English,Benign
,"14 July 2022, 11:52",,"4 PCS SOLAR LIGHTS FOR ONLY 1,499 ! CLICK HERE TO BUY --> https://s.lazada.com.ph/s.UXHEg BUY 2 TAKE 2 TODAY ONLY ! YES ! APAT NA PIRASONG SOLAR NAPAKAMURANG HALAGA ! Pinaka mura na Solar sa Market ! BILI NA ! PAKI-CLICK ANG LINK SA TAAS PARA MAKITA ANG PRESYO AT PICTURES. LED Super Bright Motion Sensor Lights Waterproof and Wireless TIPID SA KURYENTE !! IWAS MAGNANAKAW AT AKYAT-BAHAY SA GABI !!",Tag-Lish,Phishing
,"13 July 2022, 16:14",BDO,"We are enhancing the security of our Digital Banking app version 6.1, and would require you to enter your 6-digit PIN to complete selected transactions. For your security, reset your Digital Banking app PIN by July 18. For more details, refer to the email we sent you.",English,Benign
,"11 July 2022, 18:52",,You are running out of load! Your balance is: P2 Do you want to borrow P45 now? Reply YES to accept! Loan amount plus P18 fee will be deducted on your next reload. Ref:<23271353083>,English,Benign
,"11 July 2022, 14:54",DISCORD,Your Discord verification code is: 812267,English,Benign
,"10 July 2022, 12:04",SMARTLoad,"Get EXCLUSIVE promos every week JUST FOR YOU with just a tap on the GigaLife App! Click ""Don't Miss Out"" NOW on smrt.ph/GigaLifeApp for MORE SURPRISES!",English,Benign
,"10 July 2022, 12:04",SMARTLoad,10/07 12:04: P60.00 loaded to 09129094503 for 1 year. Ref:9GA48K1OEM. Use GigaLife App for the best promos & deals! smrt.ph/GigaLifeApp,English,Benign
,"9 July 2022, 15:21",NTC,HUWAG PO KAYONG MANIWALA SA TEXT NA NAG-AALOK NG TRABAHO NA MAY PANGAKO NA MALAKING SWELDO. ITO PO AY ISANG SCAM.,Unknown,Benign
,"9 July 2022, 15:14",NTC,HUWAG PO KAYONG MANIWALA SA TEXT NA NAG-AALOK NG TRABAHO NA MAY PANGAKO NA MALAKING SWELDO. ITO PO AY ISANG SCAM.,Unknown,Benign
,"8 July 2022, 22:15",,"08Jul 22:15: Sorry, no loan offers currently available. To check and avail other loan services, dial *123#, go to Balance/Services > Smart Credit.",English,Benign
,"8 July 2022, 17:07",BDO Pay,"Hurry, you can still Send Money to anyone for FREE with BDO Pay! To stop receiving messages, text UNSUB BDO PAY to 225678.",English,Benign
,"8 July 2022, 14:58",NTC,HUWAG PO KAYONG MANIWALA SA TEXT NA NAG-AALOK NG TRABAHO NA MAY PANGAKO NA MALAKING SWELDO. ITO PO AY ISANG SCAM.,Unknown,Benign
,"8 July 2022, 10:49",NTC,HUWAG PO KAYONG MANIWALA SA TEXT NA NAG-AALOK NG TRABAHO NA MAY PANGAKO NA MALAKING SWELDO. ITO PO AY ISANG SCAM.,Unknown,Benign
,"7 July 2022, 14:17",,Meron ka nang 30MB INTERNET. Babawasan ka ng P8 sa next reload mo. Thank you. LOAN ID: 23224824071 Ref: <881011268371>,Tag-Lish,Benign
,"5 July 2022, 17:09",BDO,"For added security, selected Digital Banking transactions will require you to enter a 6-digit PIN. If you forgot your Digital Banking PIN, reset it on the Digital Banking app. For more details, refer to the email sent.",English,Benign
,"5 July 2022, 10:33",JTExpress,J&T DELIVERY!TN: 784695674522 Rider:Jayson Ramintas639488096821. For COD pls prepare exact amount. Photo proof of delivery is required. Thanks and be safe!,English,Benign
,"4 July 2022, 15:35",JTExpress,J&T DELIVERY!TN: 784695674522 Rider:Lovely Chicote639365118081. For COD pls prepare exact amount. Photo proof of delivery is required. Thanks and be safe!,English,Benign
,"4 July 2022, 14:24",JTExpress,J&T DELIVERY!TN: 784695674522 Rider:X Christian Diaz639677122957. For COD pls prepare exact amount. Photo proof of delivery is required. Thanks and be safe!,English,Benign
,"1 July 2022, 12:39",,Meron ka nang 30MB INTERNET. Babawasan ka ng P8 sa next reload mo. Thank you. LOAN ID: 23150243809 Ref: <880912039464>,Tag-Lish,Benign
,"30 June 2022, 18:23",MayaRewards,"Get 100% cashback on load when you keep P1,000 in Maya for 2 days or more. Max cashback of P50 for Basic users & P100 for Upgraded users. Promo until June 30. DTI144172.",English,Benign
,"30 June 2022, 12:01",BDO Pay,"Use BDO Pay to Send Money to any bank for FREE! For a limited time only. To stop receiving messages, text UNSUB BDO PAY to 225678.",English,Benign
,"30 June 2022, 06:00",Maya,"Don’t miss Landers’ Super Crazy Sale! Get 50% OFF on selected items, PISO Sale, and BOGO deals 'til July 3. Use Maya at any superstore or online at landers.ph.",English,Benign
,"30 June 2022, 03:16",GRAB,<#> 695460 is your Grab Activation Code (GAC). It expires in 2 minutes. Do not share it with anyone. H9CMNjtZ1r6,English,Benign
,"28 June 2022, 22:54",,Meron ka nang 30MB INTERNET. Babawasan ka ng P8 sa next reload mo. Thank you. LOAN ID: 23119212390 Ref: <880912027394>,Tag-Lish,Benign
,"28 June 2022, 11:03",GigaLifeApp,May Points ka na malapit na mag-expire! 'Wag sayangin at I-redeem mo na ang paborito mong promos only on the GigaLife App Now! smrt.ph/GigaLifeApp,Tagalog,Benign
,"27 June 2022, 22:44",GCash,You have paid P100.00 of GCash to purchase Php 100 load for 09548058067 on 06-27-22 10:43 PM. Your GCash balance is P0.50. Ref. No. 030477096.,English,Benign
,"27 June 2022, 22:40",GCash,"You have received P100.00 of GCash from BDO Unibank, Inc. with account ending in 6177. Your new balance is P100.50 06-27-22 10:40 PM. Ref. No. 0004967443205. Use now to buy load, purchase items, send money, pay bills and a lot more!",English,Benign
,"27 June 2022, 16:31",7-ELEVEN,7819 is your verification code for CLiQQ.,English,Benign
,"27 June 2022, 14:20",,"J&T DELIVERY!TN: 940597473523 Rider:Arthe Soriano,639158503409. For COD pls prepare exact amount. Photo proof of delivery is required. Thanks and be safe!",English,Benign
,"27 June 2022, 07:09",JTExpress,J&T DELIVERY!TN: 940597473523 Rider:Arthe Soriano639158503409. For COD pls prepare exact amount. Photo proof of delivery is required. Thanks and be safe!,English,Benign
,"26 June 2022, 11:48",JTExpress,J&T DELIVERY!TN: 940597473523 Rider:Jajan Silongan639600020834. For COD pls prepare exact amount. Photo proof of delivery is required. Thanks and be safe!,English,Benign
,"25 June 2022, 16:32",SMARTLoad,"Get EXCLUSIVE promos every week JUST FOR YOU with just a tap on the GigaLife App! Click ""Don't Miss Out"" NOW on smrt.ph/GigaLifeApp for MORE SURPRISES!",English,Benign
,"25 June 2022, 16:32",SMARTLoad,25/06 16:32: P50.00 loaded to 09129094503 for 1 year. Ref:9FP46PG3VS. Use GigaLife App for the best promos & deals! smrt.ph/GigaLifeApp,English,Benign
,"25 June 2022, 12:09",,"J&T DELIVERY!TN: 940597473523 Rider:Arthe Soriano,639158503409. For COD pls prepare exact amount. Photo proof of delivery is required. Thanks and be safe!",English,Benign
,"25 June 2022, 06:46",JTExpress,J&T DELIVERY!TN: 940597473523 Rider:Arthe Soriano639158503409. For COD pls prepare exact amount. Photo proof of delivery is required. Thanks and be safe!,English,Benign
,"24 June 2022, 14:58",,"J&T DELIVERY!TN: 940597473523 Rider:Arthe Soriano,639158503409. For COD pls prepare exact amount. Photo proof of delivery is required. Thanks and be safe!",English,Benign
,"20 June 2022, 09:30",SMARTLoad,20/06 09:30: P50.00 loaded to 09129094503 for 1 year. Ref:9FK161IUFL. Use GigaLife App for the best promos & deals! smrt.ph/GigaLifeApp,English,Benign
,"20 June 2022, 09:30",SMARTLoad,Get the BEST and EXCLUSIVE promos in the GigaLife App! Make sure you have the latest version for a faster and more secure experience! smrt.ph/GigaLifeApp,English,Benign
,"18 June 2022, 00:09",TLNET,Your Tinder code is 090774 Don't share @tinder.com #090774,English,Benign
,"17 June 2022, 17:38",SPayLater,"SPayLater- Get up to P50,000 credit limit & pay AS LOW AS 2% monthly interest for up to 12 months! Activate NOW & get exclusive vouchers https://shp.ee/mvbcukc",English,Benign
,"17 June 2022, 13:44",GCash,Your payment of P149.00 to Netflix Inc. has been successfully processed on 06-17-22 01:44:27 PM. Ref. No. 022376150,English,Benign
,"17 June 2022, 13:43",GCash,"NEVER SHARE YOUR OTP especially on social media and SMS or email links. GCash will only need your MPIN or OTP when using the GCash App. Your OTP to link your device is 276350. If this was not you, please ignore. yyAfcYn/qSW.",English,Benign
,"17 June 2022, 13:43",GCash,You have received PHP 1.00 of GCash from <NAME>RSENAL 09564481056 w/ MSG: . Your new balance is PHP 149.50. Ref. No. 4004854822163.,Unknown,Benign
,"17 June 2022, 13:01",GCash,You have received P148.50 GCash from 7eleven Kiosk w/ MSG - 2216-8241-1634. Your new balance is P148.50 06-17-22 1:00PM. Ref no. 0004854325938.,English,Benign
,"15 June 2022, 20:42",,Hi <NAME>. Your Order is Confirmed. Please Do Not Order Again On Our Website. Free Ship & Receive After 4-8 Days. COD Hotline 09276684198,English,Phishing
,"12 June 2022, 12:22",SMART,1/2 Babala mula sa NTC at Smart: Huwag magbibigay ng kahit anong impormasyon via SMS. Do not click suspicious links. Block them.,Tag-Lish,Benign
,"12 June 2022, 12:22",SMART,"2/2 Do not share your OTP, nor take calls or respond to texts from unknown numbers. Help us stop SMShing and protect yourselves from scammers.",English,Benign
,"12 June 2022, 11:09",SMARTLoad,Get the BEST and EXCLUSIVE promos in the GigaLife App! Make sure you have the latest version for a faster and more secure experience! smrt.ph/GigaLifeApp,English,Benign
,"12 June 2022, 11:09",SMARTLoad,12/06 11:09: P50.00 loaded to 09129094503 for 1 year. Ref:9FC751XLN9. Use GigaLife App for the best promos & deals! smrt.ph/GigaLifeApp,English,Benign
,"12 June 2022, 06:25",Telegram,Telegram code: 40921 You can also tap on this link to log in: https://t.me/login/40921 oLeq9AcOZkT,English,Benign
,"11 June 2022, 23:32",GCash,You have sent PHP 1.00 to an unverified account 09564481056 on 06-11-2022 11:32 PM. Your new balance is PHP 0.00. Ref. No. 0004794345961. Know how to secure your transactions and go to Help.GCash.com.,English,Benign
,"11 June 2022, 23:28",GCash,"NEVER SHARE YOUR OTP especially on social media and SMS or email links. GCash will only need your MPIN or OTP when using the GCash App. Your OTP to link your device is 104967. If this was not you, please ignore. yyAfcYn/qSW.",English,Benign
,"11 June 2022, 23:12",Infocom,Your Tinder code is 266561 Don't share,English,Benign
,"11 June 2022, 10:32",SMART,"2/2 Do not share your OTP, nor take calls or respond to texts from unknown numbers. Help us stop SMShing and protect yourselves from scammers.",English,Benign
,"11 June 2022, 10:32",SMART,1/2 Babala mula sa NTC at Smart: Huwag magbibigay ng kahit anong impormasyon via SMS. Do not click suspicious links. Block them.,Tag-Lish,Benign
,"11 June 2022, 08:18",NTC,"BABALA: HUWAG PONG MANIWALA SA TEXT NA NAG-AALOK NG TRABAHO NA MAY PANGAKO NG MALAKING SWELDO, ITO PO AY SCAM.",Unknown,Benign
,"10 June 2022, 21:51",NTC,"BABALA: HUWAG PONG MANIWALA SA TEXT NA NAG-AALOK NG TRABAHO NA MAY PANGAKO NG MALAKING SWELDO, ITO PO AY SCAM.",Unknown,Benign
,"10 June 2022, 20:04",NTC,"BABALA: HUWAG PONG MANIWALA SA TEXT NA NAG-AALOK NG TRABAHO NA MAY PANGAKO NG MALAKING SWELDO, ITO PO AY SCAM.",Unknown,Benign
,"10 June 2022, 19:09",SMARTLoad,Get the BEST and EXCLUSIVE promos in the GigaLife App! Make sure you have the latest version for a faster and more secure experience! smrt.ph/GigaLifeApp,English,Benign
,"10 June 2022, 19:09",SMARTLoad,10/06 19:09: P50.00 loaded to 09129094503 for 1 year. Ref:9FA54UWYQJ. Use GigaLife App for the best promos & deals! smrt.ph/GigaLifeApp,English,Benign
,"9 June 2022, 17:12",SMARTLoad,Get the BEST and EXCLUSIVE promos in the GigaLife App! Make sure you have the latest version for a faster and more secure experience! smrt.ph/GigaLifeApp,English,Benign
,"9 June 2022, 17:12",SMARTLoad,09/06 17:12: P50.00 loaded to 09129094503 for 1 year. Ref:9F964PQRV8. Use GigaLife App for the best promos & deals! smrt.ph/GigaLifeApp,English,Benign
,"7 June 2022, 17:53",SMARTLoad,07/06 17:53: P50.00 loaded to 09129094503 for 1 year. Ref:9F794GWGWJ. Use GigaLife App for the best promos & deals! smrt.ph/GigaLifeApp,English,Benign
,"7 June 2022, 17:53",SMARTLoad,Get the BEST and EXCLUSIVE promos in the GigaLife App! Make sure you have the latest version for a faster and more secure experience! smrt.ph/GigaLifeApp,English,Benign
,"7 June 2022, 14:02",BDO Pay,"It's back! FREE Send Money to other banks and wallets with your BDO Pay app! To stop receiving messages, text UNSUB BDO PAY to 225678.",English,Benign
,"2 June 2022, 19:03",SMARTLoad,Get the BEST and EXCLUSIVE promos in the GigaLife App! Make sure you have the latest version for a faster and more secure experience! smrt.ph/GigaLifeApp,English,Benign
,"2 June 2022, 19:03",SMARTLoad,02/06 19:03: P50.00 loaded to 09129094503 for 1 year. Ref:9F253UBMOP. Use GigaLife App for the best promos & deals! smrt.ph/GigaLifeApp,English,Benign
,"31 May 2022, 16:26",SMARTLoad,Get the BEST and EXCLUSIVE promos in the GigaLife App! Make sure you have the latest version for a faster and more secure experience! smrt.ph/GigaLifeApp,English,Benign
,"31 May 2022, 16:26",SMARTLoad,31/05 16:26: P50.00 loaded to 09129094503 for 1 year. Ref:9EV93KG8MP. Use GigaLife App for the best promos & deals! smrt.ph/GigaLifeApp,English,Benign
,"31 May 2022, 10:13",GigaLifeApp,"Kayang-kaya mo na magshare ng LOAD at POINTS sa TROPA with just a tap on Lifeline! To send load or points, go to smrt.ph/GigaLifeApp > Lifeline",Tag-Lish,Benign
,"29 May 2022, 13:18",GigaLifeApp,"The weekend is here! Catch up on your fave streaming apps or explore the outdoors, we've got you covered with SENSATIONAL OFFERS on the GigaLife App! Get MORE exclusive promos, discounts and freebies every week! Tap ""DON'T MISS OUT"" NOW on smrt.ph/GigaLifeApp",English,Benign
,"28 May 2022, 06:25",SMARTLoad,Get the BEST and EXCLUSIVE promos in the GigaLife App! Make sure you have the latest version for a faster and more secure experience! smrt.ph/GigaLifeApp,English,Benign
,"28 May 2022, 06:25",SMARTLoad,28/05 06:25: P50.00 loaded to 09129094503 for 1 year. Ref:9ES433W6WS. Use GigaLife App for the best promos & deals! smrt.ph/GigaLifeApp,English,Benign
,"28 May 2022, 06:16",Maya,"Summer isn't over with Spectrum Fair! Shop great finds from local brands with Maya this May 27-29 at Plaza Driveway, Power Plant Mall, Rockwell Makati. See ya!",English,Benign
,"28 May 2022, 00:33",Coins.ph,COINS ALERT: You are attempting to cash out Ripple Beta 19.286903 XRP. Use this code to confirm: 850791. Not you? Contact Coins support.,English,Benign
,"28 May 2022, 00:29",Coins.ph,"You have successfully added 405.00 PHP to your Coins wallet. You can use it to buy load, transfer money, shop online, and more!",English,Benign
,"27 May 2022, 10:01",SMARTLoad,Get the BEST and EXCLUSIVE promos in the GigaLife App! Make sure you have the latest version for a faster and more secure experience! smrt.ph/GigaLifeApp,English,Benign
,"27 May 2022, 10:01",SMARTLoad,27/05 10:01: P50.00 loaded to 09129094503 for 1 year. Ref:9ER8302YHM. Use GigaLife App for the best promos & deals! smrt.ph/GigaLifeApp,English,Benign
,"26 May 2022, 13:43",GigaLifeApp,"Enjoy a GigaLife of Surprises! Stay tuned for exciting promos, discounts and freebies every week, all year round! Find it all on smrt.ph/GigaLifeApp",English,Benign
,"24 May 2022, 15:28",GCash,"Pay bills in the safety of your home! For convenient payments, save your bill details by selecting Add Biller or via your e-receipt after paying your bill on GCash. Tap bit.ly/GCashbills to start. With GCash, What Can't You Do? No advisories? Tap go.gcash.com/optout",English,Benign
,"23 May 2022, 08:53",,"Hi <NAME>, Shopee Delivery! A Shopee Xpress rider will be delivering your parcel today. As part of our delivery process, we will be collecting a photo as proof of delivery (POD). Please ready your payment for your COD order amounting to 108 PHP, or authorization letter or ID for non-COD order. If you have any questions, please call 02-8805200. Thank you!",English,Benign
,"22 May 2022, 17:37",TXTMSG,Your Tinder code is 691120 Don't share @tinder.com #691120,English,Benign
,"22 May 2022, 17:00",SMART,1/2 ADVISORY: #StaySmart and avoid unwanted international call charges! Please check the number carefully when returning a missed call,English,Benign
,"22 May 2022, 17:00",SMART,2/2 to an international number. You may report suspicious calls or messages. Just call *888 for free using your SMART number. Thank you and take care!,English,Benign
,"22 May 2022, 15:08",GigaLifeApp,"Sensational offers await you on the GigaLife App! Get MORE exclusive promos, discounts and freebies every week! Tap ""Don't Miss Out"" NOW on smrt.ph/GigaLifeApp",English,Benign
,"22 May 2022, 10:17",SMARTLoad,Get the BEST and EXCLUSIVE promos in the GigaLife App! Make sure you have the latest version for a faster and more secure experience! smrt.ph/GigaLifeApp,English,Benign
,"22 May 2022, 10:17",SMARTLoad,22/05 10:17: P50.00 loaded to 09129094503 for 1 year. Ref:9EM22D1CL8. Use GigaLife App for the best promos & deals! smrt.ph/GigaLifeApp,English,Benign
,"20 May 2022, 08:52",SMARTLoad,Get the BEST and EXCLUSIVE promos in the GigaLife App! Make sure you have the latest version for a faster and more secure experience! smrt.ph/GigaLifeApp,English,Benign
,"20 May 2022, 08:52",SMARTLoad,20/05 08:52: P50.00 loaded to 09129094503 for 1 year. Ref:9EK423FSOW. Use GigaLife App for the best promos & deals! smrt.ph/GigaLifeApp,English,Benign
,"19 May 2022, 11:12",,Dick Gordon may P86 million na utang sa gobyerno! Marami ang matutulungan kung utang ni Gordon ay babayaran! Pera ng taumbayan wag bulsahin! Gordon magbayad ka!,Tagalog,Phishing
,"18 May 2022, 11:06",TXTMSG,Your Tinder code is 214555 Don't share @tinder.com #214555,English,Benign
,"17 May 2022, 15:50",GInvest,"Hi <NAME>! Thank you for registering to GInvest. We are happy to inform you that our partner fund providers have approved your registration, and you can now start investing in the products available on GInvest!",English,Benign
,"17 May 2022, 13:22",GInvest,"Hi <NAME>! Thank you for your interest in GInvest! We have sent your registration details to our partner fund providers for their review, and we will notify you via email and SMS as soon as your registration has been approved.",English,Benign
,"16 May 2022, 18:49",SMARTLoad,Get the BEST and EXCLUSIVE promos in the GigaLife App! Make sure you have the latest version for a faster and more secure experience! smrt.ph/GigaLifeApp,English,Benign
,"16 May 2022, 18:49",SMARTLoad,16/05 18:49: P50.00 loaded to 09129094503 for 1 year. Ref:9EG81NTPCS. Use GigaLife App for the best promos & deals! smrt.ph/GigaLifeApp,English,Benign
,"16 May 2022, 08:48",Binance,"[Binance] Verification code: 693094. If this was not you, please inform Support. Beware of scam calls and SMS phishing. Verify sources with Binance Verify.",English,Benign
,"15 May 2022, 18:28",GCash,Your payment of P149.00 to Netflix Inc. has been successfully processed on 05-15-22 06:28:55 PM. Ref. No. 097785953,English,Benign
,"15 May 2022, 18:24",GCash,"517391 is your authentication code. For your protection, do not share this code with anyone. yyAfcYn/qSW",English,Benign
,"15 May 2022, 18:23",GCash,"367583 is your authentication code. For your protection, do not share this code with anyone. yyAfcYn/qSW",English,Benign
,"15 May 2022, 18:11",GCash,"312675 is your authentication code. For your protection, do not share this code with anyone. yyAfcYn/qSW",English,Benign
,"15 May 2022, 18:11",GCash,"515115 is your authentication code. For your protection, do not share this code with anyone. yyAfcYn/qSW",English,Benign
,"15 May 2022, 18:09",GCash,"847982 is your authentication code. For your protection, do not share this code with anyone. yyAfcYn/qSW",English,Benign
,"15 May 2022, 18:04",GCash,You have received P100.00 GCash from Robinsons Supermarket CI w/ MSG - 281010908242604533173338. Your new balance is P150.00 05-15-22 6:03PM. Ref no. 0004510701180.,English,Benign
,"15 May 2022, 17:52",GCash,"NEVER SHARE YOUR OTP especially on social media and SMS or email links. GCash will only need your MPIN or OTP when using the GCash App. Your OTP to link your device is 782782. If this was not you, please ignore. yyAfcYn/qSW.",English,Benign
,"13 May 2022, 09:15",SMARTLoad,Get the BEST and EXCLUSIVE promos in the GigaLife App! Make sure you have the latest version for a faster and more secure experience! smrt.ph/GigaLifeApp,English,Benign
,"13 May 2022, 09:15",SMARTLoad,13/05 09:15: P35.00 loaded to 09129094503 for 1 year. Ref:9ED117B93Z. Use GigaLife App for the best promos & deals! smrt.ph/GigaLifeApp,English,Benign
,"12 May 2022, 18:57",SMARTLoad,Get the BEST and EXCLUSIVE promos in the GigaLife App! Make sure you have the latest version for a faster and more secure experience! smrt.ph/GigaLifeApp,English,Benign
,"12 May 2022, 18:57",SMARTLoad,12/05 18:57: P15.00 loaded to 09129094503 for 1 year. Ref:9EC5157QEH. Use GigaLife App for the best promos & deals! smrt.ph/GigaLifeApp,English,Benign
,"10 May 2022, 10:48",NETFLIX,Netflix: Please top up your GCash account so you can keep watching your favorites. Then retry your payment in the Netflix app.,English,Benign
,"7 May 2022, 04:18",Binance,"[Binance] Verification code: 284670. If this was not you, please inform Support. Beware of scam calls and SMS phishing. Verify sources with Binance Verify.",English,Benign
,"6 May 2022, 19:05",SMARTLoad,06/05 19:05: P50.00 loaded to 09129094503 for 1 year. Ref:9E640CIGLW. Use GigaLife App for the best promos & deals! smrt.ph/GigaLifeApp,English,Benign
,"6 May 2022, 19:05",SMARTLoad,Discover MORE promos in the GigaLife App and get MORE points! You can use the points to redeem FREE promos. smrt.ph/GigaLifeApp,English,Benign
,"5 May 2022, 12:47",CEBUANA,"Pinaka mababa sa buong Pinas! PISO kada P100 ang Pera Padala, may 24k pts pa! Transact na sa nearest branch.'Til July31!T&C apply.DTI FTEB-141534,SeriesOf2022.",Tag-Lish,Benign
,"4 May 2022, 19:03",GCash,You have paid P50.00 of GCash to purchase Php 50 load for 09129094503 on 05-04-22 07:03 PM. Your GCash balance is P50.00. Ref. No. 089936268.,English,Benign
,"2 May 2022, 17:28",GCash,Your payment of P908.00 to PRC GCASH TEST has been successfully processed on 05-02-22 05:28:35 PM. Ref. No. 888279459,English,Benign
,"2 May 2022, 17:26",GCash,"717686 is your authentication code. For your protection, do not share this code with anyone. yyAfcYn/qSW",English,Benign
,"2 May 2022, 15:30",GCash,You have received P1000.00 GCash from Robinsons Supermarket CI w/ MSG - 281010904719237641359360. Your new balance is P1008.00 05-02-22 3:30PM. Ref no. 0004379608473.,English,Benign
,"2 May 2022, 15:18",SMARTLoad,Discover MORE promos in the GigaLife App and get MORE points! You can use the points to redeem FREE promos. smrt.ph/GigaLifeApp,English,Benign
,"2 May 2022, 15:18",SMARTLoad,02/05 15:18: P30.00 loaded to 09129094503 for 1 year. Ref:9E20WVF5DO. Use GigaLife App for the best promos & deals! smrt.ph/GigaLifeApp,English,Benign
,"30 April 2022, 18:21",SMARTLoad,Discover MORE promos in the GigaLife App and get MORE points! You can use the points to redeem FREE promos. smrt.ph/GigaLifeApp,English,Benign
,"30 April 2022, 18:21",SMARTLoad,30/04 18:21: P20.00 loaded to 09129094503 for 1 year. Ref:9DU6WMNDN8. Use GigaLife App for the best promos & deals! smrt.ph/GigaLifeApp,English,Benign
,"30 April 2022, 13:26",Maya,Update your Maya app to join the Maya Early Access Challenge and get the chance to become a Bitcoin Millionaire! Visit https://www.maya.ph/earlyaccess to know more.,English,Benign
,"30 April 2022, 01:37",Binance,"[Binance] Verification code: 566993. If this was not you, please inform Support. Beware of scam calls and SMS phishing. Verify sources with Binance Verify.",English,Benign
,"29 April 2022, 12:46",SMARTLoad,Discover MORE promos in the GigaLife App and get MORE points! You can use the points to redeem FREE promos. smrt.ph/GigaLifeApp,English,Benign
,"29 April 2022, 12:46",SMARTLoad,29/04 12:46: P50.00 loaded to 09129094503 for 1 year. Ref:9DT3WGBYFZ. Use GigaLife App for the best promos & deals! smrt.ph/GigaLifeApp,English,Benign
,"28 April 2022, 19:00",,SMARTAlert: 09519418906 is requesting for you to Pasaload P5. Any reply after 12 midnight will be disallowed. Please reply with <YES> or <NO>,English,Phishing
,"27 April 2022, 12:50",GCash,"Requirement ba ang COVID insurance sa F2F classes? We got you, fam! ​ Get Singlife’s Cash for Dengue Costs with FREE COVID-19 Cover and start school with less worries.​ ​ Get up to Php 421,500 in coverage for as low as Php 300/year!​ ​ Get it via GCash now: https://go.gcash.com/GInsureDengVid No advisories? Tap go.gcash.com/optout",English,Benign
,"27 April 2022, 10:34",NETFLIX,"Netflix: We couldn’t charge your monthly payment of ₱149. Top up your GCash account, then retry your payment in the Netflix app.",English,Benign
,"27 April 2022, 07:33",SMARTLoad,Discover MORE promos in the GigaLife App and get MORE points! You can use the points to redeem FREE promos. smrt.ph/GigaLifeApp,English,Benign
,"27 April 2022, 07:33",SMARTLoad,27/04 07:33: P20.00 loaded to 09129094503 for 1 year. Ref:9DR4W53MQ6. Use GigaLife App for the best promos & deals! smrt.ph/GigaLifeApp,English,Benign
,"27 April 2022, 00:02",GCash,You have paid P50.00 of GCash to purchase Php 50 load for 09548058067 on 04-27-22 12:02 AM. Your GCash balance is P8.00. Ref. No. 082583163.,English,Benign
,"26 April 2022, 23:41",GCash,You have paid P50.00 of GCash to purchase Php 50 load for 09548058067 on 04-26-22 11:41 PM. Your GCash balance is P58.00. Ref. No. 082580382.,English,Benign
,"26 April 2022, 12:57",GCash,"Send money from home to your loved ones with Express Send! It’s fast, easy, and free! Select Send Money on the GCash app to start. No advisories? Visit go.gcash.com/optout.",English,Benign
,"25 April 2022, 19:54",SMARTLoad,Discover MORE promos in the GigaLife App and get MORE points! You can use the points to redeem FREE promos. smrt.ph/GigaLifeApp,English,Benign
,"25 April 2022, 19:54",SMARTLoad,25/04 19:54: P50.00 loaded to 09129094503 for 1 year. Ref:9DP1VZ7W0B. Use GigaLife App for the best promos & deals! smrt.ph/GigaLifeApp,English,Benign
,"25 April 2022, 16:43",GCash,"Confidently make your campus comeback w/ full protection against COVID-19 and Dengue Medical Costs. Get Singlife's Cash for Dengue Costs (with FREE COVID-19 Cover) & start school w/ less worries.​ Get up to P421,500 in coverage for as low as P300/year!​ Visit the GInsure page on the GCash app to learn more. No advisories? Tap go.gcash.com/optout",English,Benign
,"25 April 2022, 15:04",BDO Pay,"Don't miss out on BDO Pay's free Send Money to other banks until April 30! To stop receiving messages, text UNSUB BDO PAY to 225678.",English,Benign
,"25 April 2022, 10:41",NETFLIX,Netflix: Your next payment of ₱149/month will be deducted in 1 day from your GCash account.,English,Benign
,"24 April 2022, 17:58",SmartLoad,24-Apr 17:58: P8.00 ay nabawas sa iyong account bilang payment sa TNT SAKLOLOAD you availed last 2022-04-24 17:57:27. LOAN ID: 22514523634. Ref:180902780505,Tag-Lish,Benign
,"24 April 2022, 17:58",GCash,You have paid P30.00 of GCash to purchase Php 30 load for 09129094503 on 04-24-22 05:57 PM. Your GCash balance is P108.00. Ref. No. 080494316.,English,Benign
,"24 April 2022, 17:57",,Meron ka nang 30MB INTERNET. Babawasan ka ng P8 sa next reload mo. Thank you. LOAN ID: 22514523634 Ref: <880911045050>,Tag-Lish,Benign
,"24 April 2022, 16:10",GCash,You have paid P20.00 of GCash to purchase Php 20 load for 09519418906 on 04-24-22 04:10 PM. Your GCash balance is P138.00. Ref. No. 080402998.,English,Benign
,"22 April 2022, 22:52",Binance,"[Binance] Verification code: 228565. If this was not you, please inform Support. Beware of scam calls and SMS phishing. Verify sources with Binance Verify.",English,Benign
,"22 April 2022, 04:03",GCash,You have paid P50.00 of GCash to purchase Php 50 load for 09129094503 on 04-22-22 04:02 AM. Your GCash balance is P158.00. Ref. No. 078195710.,English,Benign
,"21 April 2022, 13:07",GigaLifeApp,"Advisory: You may have experienced an issue accessing your GigaLife App. Make sure you're on the latest version. Download at smrt.ph/GigaLifeApp To ensure a smooth update, you must have access to mobile data or be connected to WiFi. Thank you for your patience and understanding.",English,Benign
,"20 April 2022, 12:31",GigaLifeApp,GigaDays never stops! Redeem promos at a DISCOUNT every 19th-22nd on smrt.ph/GigaLifeApp More Points? Get 5X more if you load / subscribe P99 & up on GigaLife.,English,Benign
,"18 April 2022, 21:30",BDO-ALERTS,"#BDOAntiScam: Beware of scam messages with links to update your account. Real BDO messages with ""BDO"" in the sender name will not ask you to click links.",English,Benign
,"17 April 2022, 11:29",GCash,You have paid P50.00 of GCash to purchase Php 50 load for 09129094503 on 04-17-22 11:29 AM. Your GCash balance is P208.00. Ref. No. 073927010.,English,Benign
,"17 April 2022, 11:18",SMART,2/2 to an international number. You may report suspicious calls or messages. Just call *888 for free using your SMART number. Thank you and take care!,English,Benign
,"17 April 2022, 11:18",SMART,1/2 ADVISORY: #StaySmart and avoid unwanted international call charges! Please check the number carefully when returning a missed call,English,Benign
,"16 April 2022, 09:59",SMARTLoad,Discover MORE promos in the GigaLife App and get MORE points! You can use the points to redeem FREE promos. smrt.ph/GigaLifeApp,English,Benign
,"16 April 2022, 09:59",SMARTLoad,16/04 09:59: P50.00 loaded to 09129094503 for 1 year. Ref:9DG5UQYL7H. Use GigaLife App for the best promos & deals! smrt.ph/GigaLifeApp,English,Benign
,"15 April 2022, 01:43",Binance,"[Binance] Verification code: 126499. If this was not you, please inform Support. Beware of scam calls and SMS phishing. Verify sources with Binance Verify.",English,Benign
,"12 April 2022, 19:34",SMARTLoad,Discover MORE promos in the GigaLife App and get MORE points! You can use the points to redeem FREE promos. smrt.ph/GigaLifeApp,English,Benign
,"12 April 2022, 19:34",SMARTLoad,12/04 19:34: P50.00 loaded to 09129094503 for 1 year. Ref:9DC9UBSUTV. Use GigaLife App for the best promos & deals! smrt.ph/GigaLifeApp,English,Benign
,"12 April 2022, 12:02",,You are running out of load! Your balance is: P2.5 Do you want to borrow P45 now? Reply YES to accept! Loan amount plus P18 fee will be deducted on your next reload. Ref:<22401222401>,English,Benign
,"12 April 2022, 10:39",,"Pagkain sa lamesa, de kalidad na edukasyon, mapayapang pamumuhay. Ito ang kakayanin kong maibigay sa inyo. Salamat po sa inyong tiwala at suporta! SARA DUTERTE",Tagalog,Phishing
,"12 April 2022, 10:38",,"Pagkain sa lamesa, de kalidad na edukasyon, mapayapang pamumuhay. Ito ang kakayanin kong maibigay sa inyo. Salamat po sa inyong tiwala at suporta! SARA DUTERTE",Tagalog,Phishing
,"12 April 2022, 10:23",,"Pagkain sa lamesa, de kalidad na edukasyon, mapayapang pamumuhay. Ito ang kakayanin kong maibigay sa inyo. Salamat po sa inyong tiwala at suporta! SARA DUTERTE",Tagalog,Phishing
,"12 April 2022, 10:12",,"Pagkain sa lamesa, de kalidad na edukasyon, mapayapang pamumuhay. Ito ang kakayanin kong maibigay sa inyo. Salamat po sa inyong tiwala at suporta! SARA DUTERTE",Tagalog,Phishing
,"12 April 2022, 10:10",,"Pagkain sa lamesa, de kalidad na edukasyon, mapayapang pamumuhay. Ito ang kakayanin kong maibigay sa inyo. Salamat po sa inyong tiwala at suporta! SARA DUTERTE",Tagalog,Phishing
,"12 April 2022, 10:08",,"Pagkain sa lamesa, de kalidad na edukasyon, mapayapang pamumuhay. Ito ang kakayanin kong maibigay sa inyo. Salamat po sa inyong tiwala at suporta! SARA DUTERTE",Tagalog,Phishing
,"9 April 2022, 12:37",SMARTLoad,Discover MORE promos in the GigaLife App and get MORE points! You can use the points to redeem FREE promos. smrt.ph/GigaLifeApp,English,Benign
,"9 April 2022, 12:37",SMARTLoad,09/04 12:37: P50.00 loaded to 09129094503 for 1 year. Ref:9D99TW00ZD. Use GigaLife App for the best promos & deals! smrt.ph/GigaLifeApp,English,Benign
,"9 April 2022, 00:09",GCash,"You have sent P200.00 of GCash on 2022-Apr-09 12:09:53 AM to BDO Unibank, Inc. account ending in 6177. Convenience fee for this transaction is P15.00. Your new balance is P258.00 with GCash Ref. No. 0004123079546 & InstaPay Trace No. 711297. Thank you for using GCash!",English,Benign
,"9 April 2022, 00:09",GCash,<#>The OTP code for your GCash Bank Transfer is 356592. REMINDER: Your bank or GCash will never ask for this code. Do not share it with anyone. yyAfcYn/qSW,English,Benign
,"6 April 2022, 18:42",SMARTLoad,Discover MORE promos in the GigaLife App and get MORE points! You can use the points to redeem FREE promos. smrt.ph/GigaLifeApp,English,Benign
,"6 April 2022, 18:42",SMARTLoad,06/04 18:42: P50.00 loaded to 09129094503 for 1 year. Ref:9D62TJY1WC. Use GigaLife App for the best promos & deals! smrt.ph/GigaLifeApp,English,Benign
,"3 April 2022, 21:50",Zigwheels,2457 is your Zigwheels verification code.,English,Benign
,"31 March 2022, 00:45",Infocom,Your Tinder code is 087710 Don't share @tinder.com #087710,English,Benign
,"30 March 2022, 11:03",GCash,"Para always connected ka with your barkada, mag-Buy Load on GCash na! Enjoy exclusive load combos, available for all networks! Tap go.gcash.com/buyload to start. No advisories? Tap go.gcash.com/optout",English,Benign
,"30 March 2022, 00:24",GCash,Your payment of P40.00 to SHOPEEPAY has been successfully processed on 03-30-22 12:24:31 AM. Ref. No. 557728746,English,Benign
,"30 March 2022, 00:24",GCash,"916041 is your authentication code. For your protection, do not share this code with anyone. yyAfcYn/qSW",English,Benign
,"30 March 2022, 00:19",GCash,"You have received P500.00 of GCash from BDO Unibank, Inc. with account ending in 6177. Your new balance is P513.00 03-30-22 12:19 AM. Ref. No. 0004010696223. Use now to buy load, purchase items, send money, pay bills and a lot more!",English,Benign
,"29 March 2022, 09:32",PayMaya,"Want UNLI cashback? Just keep buying P100 load with PayMaya to get 5% cashback each time! Hurry, promo runs until March 31 only! Buy now https://www.paymaya.com/app/shop Learn more at Learn more at https://pymy.co/bUNvbVRh DTIFTEB-139797, Series of 2022",English,Benign
,"28 March 2022, 14:01",BDO Pay,"Send Money to other banks for FREE with the BDO Pay app for a limited time only. Try it today! To stop receiving messages, text UNSUB BDO PAY to 225678.",English,Benign
,"27 March 2022, 15:24",GCash,Your payment of P149.00 to Netflix Inc. has been successfully processed on 03-27-22 03:24:19 PM. Ref. No. 055450832,English,Benign
,"27 March 2022, 15:23",GCash,"You have received P130.00 of GCash from BDO Unibank, Inc. with account ending in 6177. Your new balance is P162.00 03-27-22 03:23 PM. Ref. No. 0003984453589. Use now to buy load, purchase items, send money, pay bills and a lot more!",English,Benign
,"27 March 2022, 09:36",PayMaya,"Load up for more cashback! Enjoy unlimited 5% cashback each time you buy P100 load with PayMaya. Buy now! https://www.paymaya.com/app/shop Learn more at https://pymy.co/bUNvbVRh DTIFTEB-139797, S2022",English,Benign
,"24 March 2022, 18:50",SMARTLoad,24/03 18:50: P30.00 loaded to 09129094503 from 09478580716 for 1 year. Ref:9CO2RVIIXU. Use GigaLife App for the best promos & deals! smrt.ph/GigaLifeApp,English,Benign
,"24 March 2022, 18:50",SMARTLoad,Discover MORE promos in the GigaLife App and get MORE points! You can use the points to redeem FREE promos. smrt.ph/GigaLifeApp,English,Benign
,"24 March 2022, 18:40",SmartLoad,24-Mar 18:40: P28.00 ay nabawas sa iyong account bilang payment sa TNT SAKLOLOAD you availed last 2022-03-22 05:35:19. LOAN ID: 22223058867. Ref:181062754268,Tag-Lish,Benign
,"24 March 2022, 18:40",SMARTLoad,24/03 18:40: P100.00 loaded to 09129094503 from 09478580716 for 1 year. Ref:9CO3RVFTEH. Use GigaLife App for the best promos & deals! smrt.ph/GigaLifeApp,English,Benign
,"24 March 2022, 18:40",SMARTLoad,Discover MORE promos in the GigaLife App and get MORE points! You can use the points to redeem FREE promos. smrt.ph/GigaLifeApp,English,Benign
,"22 March 2022, 05:35",,22Mar 05:35: P20 ay nacredit na sa iyong account. P20 + P8 ay mababawas sa susunod na reload. LOAN ID: 22223058867 Ref:<181059431217>,Tagalog,Benign
,"22 March 2022, 05:34",,Reply 1 (free) to borrow P20 airtime. P20 + P8 service fee will be deducted on your next reload.,English,Benign
,"22 March 2022, 05:34",,"Para maka-avail ng loans, reply ACCEPT to 9696 for FREE to agree sa pag-share ng personal data mo to process your loan and get better promos. Visit http://tntph.com/privacy-policy to know more about TNT's Data Privacy Policy at listahan ng mga subsidiaries, affiliates and partners.",Tag-Lish,Benign
,"21 March 2022, 10:53",,"Happy Birthday, NEMIA! May this year be filled with joy and success for you. Thank you for the 30 years of continuous support, ka-Cebuana!",English,Phishing
,"21 March 2022, 10:48",NETFLIX,"Netflix: We couldn?t charge your monthly payment of ?149. Top up your GCash account, then retry your payment in the Netflix app.",English,Benign
,"21 March 2022, 09:04",GigaLifeApp,We're gearing up for a GigaLife upgrade! We're bringing you a more secure & faster experience so you can better enjoy all things GIGA w/ just a tap! Stay tuned.,English,Benign
,"20 March 2022, 11:26",GigaLifeApp,GigaDays never stops! Redeem promos at a DISCOUNT every 19th-22nd on smrt.ph/GigaLifeApp More Points? Get 5X more if you load / subscribe P99 & up on GigaLife.,English,Benign
,"19 March 2022, 10:59",LBCEXPRESS,"Ka-LBC! Your shipment 139712571800 was released to SG DANED, GUARD ON DUTY/S/G OIC on 19-03-2022. Share your experience, click bit.ly/CSATPh. Thanks",English,Benign
,"19 March 2022, 10:31",NETFLIX,Netflix: Your next payment of ?149/month will be deducted in 1 day from your GCash account.,English,Benign
,"19 March 2022, 09:31",GigaLifeApp,"GigaDays starts now! Get FREE 190 Allnet Texts from 9:19am-1:19pm for TODAY ONLY, and redeem exciting promos with your GigaPoints! Tap smrt.ph/GigaLifeApp",English,Benign
,"18 March 2022, 18:17",SMARTLoad,18/03 18:17: P50.00 loaded to 09129094503 from 09478580716 for 1 year. Ref:9CI9R40H8D. Use GigaLife App for the best promos & deals! smrt.ph/GigaLifeApp,English,Benign
,"18 March 2022, 18:17",SMARTLoad,Discover MORE promos in the GigaLife App and get MORE points! You can use the points to redeem FREE promos. smrt.ph/GigaLifeApp,English,Benign
,"16 March 2022, 17:03",BDO Pay,"Send Money to other banks for FREE with the BDO Pay app for a limited time only. Try it today! To stop receiving messages, text UNSUB BDO PAY to 225678.",English,Benign
,"16 March 2022, 16:45",GigaLifeApp,"Now you can send LOAD and POINTS to your friends and family with just a tap on Lifeline! To share the love, go to smrt.ph/GigaLifeApp > Lifeline",English,Benign
,"16 March 2022, 11:17",SBFSAFE,Zuki: 060596 is your passcode. It expires in 3 minutes. Don't share this code with anyone.,English,Benign
,"16 March 2022, 11:16",SBFSAFE,Zuki: 194313 is your passcode. It expires in 3 minutes. Don't share this code with anyone.,English,Benign
,"16 March 2022, 11:09",SBFSAFE,Zuki: 738245 is your passcode. It expires in 3 minutes. Don't share this code with anyone.,English,Benign
,"16 March 2022, 11:04",SBFSAFE,Zuki: 945203 is your passcode. It expires in 3 minutes. Don't share this code with anyone.,English,Benign
,"16 March 2022, 10:42",SBFSAFE,Zuki: 880167 is your passcode. It expires in 3 minutes. Don't share this code with anyone.,English,Benign
,"16 March 2022, 10:41",SBFSAFE,Zuki: 063381 is your passcode. It expires in 3 minutes. Don't share this code with anyone.,English,Benign
,"16 March 2022, 09:51",Binance,"[Binance] Verification code: 541921. If this was not you, please inform Support. Beware of scam calls and SMS phishing. Verify sources with Binance Verify.",English,Benign
,"14 March 2022, 21:39",NDRRMC,"NDRRMC(8:25PM,14Mar22)Orange Rainfall Warning sa Dinagat Is, Surigao del Norte at Agusan del Norte. Nagbabanta ang matinding pagulan, pagbaha at pagguho ng lupa",Tagalog,Benign
,"14 March 2022, 21:39",NDRRMC,"NDRRMC(8:25PM,14Mar22)Orange Rainfall Warning sa S.Cotabato, N.Cotabato,Maguindanao,at SultanKudarat.Nagbabanta ang matinding pagulan,pagbaha at pagguho ng lupa",Tagalog,Benign
,"14 March 2022, 20:55",NDRRMC,"NDRRMC(8:25PM,14Mar22)Orange Rainfall Warning sa S.Cotabato,N.Cotabato,Maguindanao at Sultan Kudarat.Nagbabanta ang matinding pagulan,pagbaha at pagguho ng lupa",Tagalog,Benign
,"12 March 2022, 12:08",Binance,"[Binance] Verification code: 602482. If this was not you, please inform Support. Beware of scam calls and SMS phishing. Verify sources with Binance Verify.",English,Benign
,"10 March 2022, 19:24",GCash,Your payment of P100.00 to Pitmasters has been successfully processed on 03-10-22 07:24:03 PM. Ref. No. 241397404,English,Benign
,"10 March 2022, 16:18",SBFSAFE,Zuki: 559646 is your passcode. It expires in 3 minutes. Don't share this code with anyone.,English,Benign
,"10 March 2022, 16:16",SBFSAFE,Zuki: 698828 is your passcode. It expires in 3 minutes. Don't share this code with anyone.,English,Benign
,"10 March 2022, 11:38",GCash,We’d like to invite you to participate in a short survey to understand our customers better. GCASH WILL NEVER ASK FOR YOUR MPIN or OTP and your response will be confidential! Click this link to answer the survey: gcash.com/underwood-mc. A random number of customers who complete the survey will be given a GCash incentive.,English,Benign
,"10 March 2022, 04:17",GCash,You have paid P50.00 of GCash to purchase Php 50 load for 09129094503 on 03-10-22 04:17 AM. Your GCash balance is P132.00. Ref. No. 040696408.,English,Benign
,"8 March 2022, 13:25",GCash,"Pay bills in the safety of your home! For convenient payments, save your bill details by selecting 'Add Biller' or via your e-receipt after paying your bill on GCash. Tap bit.ly/GCashbills to start. With GCash, What Can't You Do? No advisories? Tap bit.ly/gcashoptout",English,Benign
,"8 March 2022, 09:28",GCash,"Upon review of a previous transaction, we have now credited P155.00 to your account.Your new balance is P182.00. Ref. No. 0003774932172.",English,Benign
,"8 March 2022, 09:28",GCash,"We are unable to process your Bank Transfer to your LANDBANK / OFBank account. For assistance, please visit the GCash Help Center. Ticket No. 0003774932172.",English,Benign
,"8 March 2022, 09:28",GCash,<#>The OTP code for your GCash Bank Transfer is 060596. REMINDER: Your bank or GCash will never ask for this code. Do not share it with anyone. yyAfcYn/qSW,English,Benign
,"8 March 2022, 09:09",GCash,"Upon review of a previous transaction, we have now credited P155.00 to your account.Your new balance is P182.00. Ref. No. 0003774763766.",English,Benign
,"8 March 2022, 09:09",GCash,"We are unable to process your Bank Transfer to your LANDBANK / OFBank account. For assistance, please visit the GCash Help Center. Ticket No. 0003774763766.",English,Benign
,"8 March 2022, 09:09",GCash,<#>The OTP code for your GCash Bank Transfer is 543663. REMINDER: Your bank or GCash will never ask for this code. Do not share it with anyone. yyAfcYn/qSW,English,Benign
,"8 March 2022, 09:06",GCash,"Upon review of a previous transaction, we have now credited P155.00 to your account.Your new balance is P182.00. Ref. No. 0003774742826.",English,Benign
,"8 March 2022, 09:06",GCash,"We are unable to process your Bank Transfer to your LANDBANK / OFBank account. For assistance, please visit the GCash Help Center. Ticket No. 0003774742826.",English,Benign
,"8 March 2022, 09:06",GCash,<#>The OTP code for your GCash Bank Transfer is 701225. REMINDER: Your bank or GCash will never ask for this code. Do not share it with anyone. yyAfcYn/qSW,English,Benign
,"8 March 2022, 08:53",GCash,"Upon review of a previous transaction, we have now credited P155.00 to your account.Your new balance is P182.00. Ref. No. 0003774632492.",English,Benign
,"8 March 2022, 08:53",GCash,"We are unable to process your Bank Transfer to your LANDBANK / OFBank account. For assistance, please visit the GCash Help Center. Ticket No. 0003774632492.",English,Benign
,"8 March 2022, 08:53",GCash,<#>The OTP code for your GCash Bank Transfer is 209701. REMINDER: Your bank or GCash will never ask for this code. Do not share it with anyone. yyAfcYn/qSW,English,Benign
,"8 March 2022, 08:51",Coins.ph,"You have received a payment of 140 PHP in your GCash (Instapay) account ending with 4503, sent using Coins.ph",English,Benign
,"8 March 2022, 08:51",GCash,"You have received P140.00 of GCash from Coins.ph (DCPay) with account ending in 4503. Your new balance is P182.00 03-08-22 08:51 AM. Ref. No. 0003774619629. Use now to buy load, purchase items, send money, pay bills and a lot more!",English,Benign
,"8 March 2022, 08:51",Coins.ph,"COINS ALERT: You are attempting to SEND FUNDS from your Coins Wallet. Use this code to confirm: 056918. If you did not make this request, email report@coins.ph.",English,Benign
,"8 March 2022, 08:49",Coins.ph,"COINS ALERT: You are attempting to SEND FUNDS from your Coins Wallet. Use this code to confirm: 287297. If you did not make this request, email report@coins.ph.",English,Benign
,"7 March 2022, 01:48",GCash,You have paid P50.00 of GCash to purchase Php 50 load for 09548058067 on 03-07-22 01:48 AM. Your GCash balance is P42.00. Ref. No. 038187734.,English,Benign
,"5 March 2022, 00:41",Binance,"[Binance] Verification code: 613316. If this was not you, please inform Support. Beware of scam calls and SMS phishing. Verify sources with Binance Verify.",English,Benign
,"4 March 2022, 13:11",Coins.ph,"COINS ALERT: You are attempting to SEND FUNDS from your Coins Wallet. Use this code to confirm: 155304. If you did not make this request, email report@coins.ph.",English,Benign
,"4 March 2022, 13:09",GCash,"Upon review of a previous transaction, we have now credited P155.00 to your account.Your new balance is P257.00. Ref. No. 0003734615161.",English,Benign
,"4 March 2022, 13:09",Coins.ph,"You have successfully added 150.00 PHP to your Coins wallet. You can use it to buy load, transfer money, shop online, and more!",English,Benign
,"4 March 2022, 13:09",GCash,You have sent P150.00 of GCash on 2022-Mar-04 01:09:23 PM to Coins.ph (DCPay) account ending in 4503. Convenience fee for this transaction is P15.00. Your new balance is P92.00 with GCash Ref. No. 0003734651496 & InstaPay Trace No. 475862. Thank you for using GCash!,English,Benign
,"4 March 2022, 13:09",GCash,<#>The OTP code for your GCash Bank Transfer is 599655. REMINDER: Your bank or GCash will never ask for this code. Do not share it with anyone. yyAfcYn/qSW,English,Benign
,"4 March 2022, 13:06",GCash,"We are unable to process your Bank Transfer to your LANDBANK / OFBank account. For assistance, please visit the GCash Help Center. Ticket No. 0003734615161.",English,Benign
,"4 March 2022, 13:05",GCash,<#>The OTP code for your GCash Bank Transfer is 823795. REMINDER: Your bank or GCash will never ask for this code. Do not share it with anyone. yyAfcYn/qSW,English,Benign
,"3 March 2022, 22:39",GCash,"Upon review of a previous transaction, we have now credited P155.00 to your account.Your new balance is P257.00. Ref. No. 0003729923221.",English,Benign
,"3 March 2022, 22:39",GCash,"We are unable to process your Bank Transfer to your LANDBANK / OFBank account. For assistance, please visit the GCash Help Center. Ticket No. 0003729923221.",English,Benign
,"3 March 2022, 22:38",GCash,<#>The OTP code for your GCash Bank Transfer is 634390. REMINDER: Your bank or GCash will never ask for this code. Do not share it with anyone. yyAfcYn/qSW,English,Benign
,"3 March 2022, 22:36",GCash,"Upon review of a previous transaction, we have now credited P155.00 to your account.Your new balance is P257.00. Ref. No. 0003729906603.",English,Benign
,"3 March 2022, 22:36",GCash,"We are unable to process your Bank Transfer to your LANDBANK / OFBank account. For assistance, please visit the GCash Help Center. Ticket No. 0003729906603.",English,Benign
,"3 March 2022, 22:36",GCash,<#>The OTP code for your GCash Bank Transfer is 295818. REMINDER: Your bank or GCash will never ask for this code. Do not share it with anyone. yyAfcYn/qSW,English,Benign
,"3 March 2022, 22:35",GCash,"You have received P250.00 of GCash from BDO Unibank, Inc. with account ending in 6177. Your new balance is P257.00 03-03-22 10:35 PM. Ref. No. 0003729896184. Use now to buy load, purchase items, send money, pay bills and a lot more!",English,Benign
,"3 March 2022, 07:09",,"Hi <NAME>, Shopee Delivery! A Shopee Xpress rider will be delivering your parcel today. As part of our delivery process, we will be collecting a photo as proof of delivery (POD). Please ready your payment for your COD order amounting to 153 PHP, or authorization letter or ID for non-COD order. If you have any questions, please call 02-8805200. Thank you!",English,Benign
,"27 February 2022, 15:26",,"27Feb 15:26: Paubos na ang iyong load. Pwede ka nang mag-loan ng P10 load + P4 fee. Maaari ring maka-avail ng iba pang loan offers! Itext lang ang YES (free) para sumang-ayon sa pagbibigay ng impormasyon tungkol sa iyong credit standing sa aming third party partners at ma-process ang iyong request. For more info, visit http://tntph.com/privacy-policy.",Tag-Lish,Benign
,"27 February 2022, 15:00",,2/2 Always MORE in the GigaLife App! Earn up to 5x MORE GigaPoints when you buy promos in the app. Earn MORE points to redeem FREE promos. smrt.ph/GigaLifeApp,English,Benign
,"27 February 2022, 15:00",,1/2 27-Feb 14:59: 09617107951 ay nagpasa ng 500MB sa iyong account. Ang iyong available Pasa Data MB ay 1500.00. Ref:290877694751,Tag-Lish,Benign
,"27 February 2022, 14:58",,1/2 27-Feb 14:58: 09617107951 ay nagpasa ng 1000MB sa iyong account. Ang iyong available Pasa Data MB ay 1000.00. Ref:290682283154,Tag-Lish,Benign
,"27 February 2022, 14:58",,2/2 Always MORE in the GigaLife App! Earn up to 5x MORE GigaPoints when you buy promos in the app. Earn MORE points to redeem FREE promos. smrt.ph/GigaLifeApp,English,Benign
,"26 February 2022, 17:47",PayMaya,"Loading has never been this rewarding! Purchase Smart REGULAR LOAD 100 via PayMaya App and get free 60 Allnet Mins & Unli Allnet Texts for 3 days. Regular load is valid until 1 year and you can still register to other data bundles while subscribing to this promo. This is EXCLUSIVE on the PayMaya App only from February 20 to May 20, 2022. Get yours now: https://official.paymaya.com/d0ec/e6d83ecc Per DTI Fair Trade Permit No. FTEB-137356 Series of 2022",English,Benign
,"26 February 2022, 09:12",,Good day! This is J&T EXPRESS COTABATO CITY. We have attempted to reach you for the delivery of your parcel but were unsuccessful. Your parcel will be RTS (Return to Sender) after 24 hours of holding period. Thank you! AWB #:783935175816 COD : 513,English,Benign
,"26 February 2022, 07:28",JTExpress,J&T DELIVERY!TN: 783935175816 Rider:Isa Latip639158503400. For COD pls prepare exact amount. Photo proof of delivery is required. Thanks and be safe!,English,Benign
,"26 February 2022, 02:12",Infocom,Your Tinder code is 804268 Don't share,English,Benign
,"25 February 2022, 22:43",Binance,"[Binance] Verification code: 476053. If this was not you, please inform Support. Beware of scam calls and SMS phishing. Verify sources with Binance Verify.",English,Benign
,"24 February 2022, 14:53",PayMaya,"Loading has never been this rewarding! Purchase Smart REGULAR LOAD 100 via PayMaya App and get free 60 Allnet Mins & Unli Allnet Texts for 3 days. Regular load is valid until 1 year and you can still register to other data bundles while subscribing to this promo. This is EXCLUSIVE on the PayMaya App only from February 20 to May 20, 2022. Get yours now: https://official.paymaya.com/d0ec/e6d83ecc Per DTI Fair Trade Permit No. FTEB-137356 Series of 2022",English,Benign
,"22 February 2022, 19:05",Shopee,"To Activate SPayLater, enter verification code: 905746. Valid for 15 mins. NEVER share this code with others under any circumstances. PW42aWeqbj5",English,Benign
,"22 February 2022, 19:02",PayMaya,"Loading has never been this rewarding! Purchase Smart REGULAR LOAD 100 via PayMaya App and get free 60 Allnet Mins & Unli Allnet Texts for 3 days. Regular load is valid until 1 year and you can still register to other data bundles while subscribing to this promo. This is EXCLUSIVE on the PayMaya App only from February 20 to May 20, 2022. Get yours now: https://official.paymaya.com/d0ec/e6d83ecc Per DTI Fair Trade Permit No. FTEB-137356 Series of 2022",English,Benign
,"22 February 2022, 16:26",PayMaya,"Get 14% cashback when you buy Smart data bundles via the PayMaya app until Mar. 31, 2022. Applicable to selected All Data, Magic Data, Sulit Surf, Giga Video, Giga Stories, and Unli 5G Data bundles. Get yours now: https://official.paymaya.com/d0ec/41d7532a Per DTI Fair Trade Permit No. FTEB 137129 Series of 2022.",English,Benign
,"22 February 2022, 08:57",Coins.ph,"COINS ALERT: You are attempting to SEND FUNDS from your Coins Wallet. Use this code to confirm: 071415. If you did not make this request, email report@coins.ph.",English,Benign
,"22 February 2022, 08:52",Coins.ph,"You have successfully added 1,000.00 PHP to your Coins wallet. You can use it to buy load, transfer money, shop online, and more!",English,Benign
,"21 February 2022, 16:23",GCash,Your payment of P149.00 to Netflix Inc. has been successfully processed on 02-21-22 04:23:34 PM. Ref. No. 026924312,English,Benign
,"21 February 2022, 16:23",GCash,You have successfully linked your GCash account to Netflix Inc.. Enjoy easier online shopping with GCash now!,English,Benign
,"21 February 2022, 16:23",GCash,"780645 is your authentication code. For your protection, do not share this code with anyone. yyAfcYn/qSW",English,Benign
,"21 February 2022, 16:22",GCash,"414206 is your authentication code. For your protection, do not share this code with anyone. yyAfcYn/qSW",English,Benign
,"21 February 2022, 16:20",GCash,"You have received P150.00 of GCash from BDO Unibank, Inc. with account ending in 6177. Your new balance is P156.00 02-21-22 04:20 PM. Ref. No. 0003618170196. Use now to buy load, purchase items, send money, pay bills and a lot more!",English,Benign
,"21 February 2022, 10:49",NETFLIX,"Netflix: We couldn’t charge your monthly payment of ₱149. Top up your GCash account, then retry your payment in the Netflix app.",English,Benign
,"20 February 2022, 16:52",PayMaya,"Get 14% cashback when you buy Smart data bundles via the PayMaya app until Mar. 31, 2022. Applicable to selected All Data, Magic Data, Sulit Surf, Giga Video, Giga Stories, and Unli 5G Data bundles. Get yours now: https://official.paymaya.com/d0ec/41d7532a Per DTI Fair Trade Permit No. FTEB 137129 Series of 2022.",English,Benign
,"19 February 2022, 10:32",NETFLIX,Netflix: Your next payment of ₱149/month will be deducted in 1 day from your GCash account.,English,Benign
,"18 February 2022, 01:06",Binance,"[Binance] Verification code: 988171. If this was not you, please inform Support. Beware of scam calls and SMS phishing. Verify sources with Binance Verify.",English,Benign
,"15 February 2022, 13:36",GCash,"Send money from home to your loved ones with Express Send! It's fast, easy, and free! Select Send Money on the GCash app to start. No advisories? Visit go.gcash.com/optout.",English,Benign
,"15 February 2022, 02:09",Binance,"[Binance] You have successfully added a new P2P payment method: Gcash. If you did not perform this action, please change your password immediately.",English,Benign
,"15 February 2022, 02:09",Binance,[Binance]Verification code:325235. Do not share this code with anyone,English,Benign
,"15 February 2022, 02:07",Binance,[Binance]Verification code:314431. Do not share this code with anyone,English,Benign
,"14 February 2022, 19:23",SMARTLoad,14/02 19:23: P160.00 loaded to 09129094503 from 09478580716 for 1 year. Ref:9BE8N044X4. Use GigaLife App for the best promos & deals! smrt.ph/GigaLifeApp,English,Benign
,"14 February 2022, 19:23",SMARTLoad,Discover MORE promos in the GigaLife App and get MORE points! You can use the points to redeem FREE promos. smrt.ph/GigaLifeApp,English,Benign
,"14 February 2022, 13:49",GCash,"NEVER SHARE YOUR OTP especially on social media and SMS or email links. GCash will only need your MPIN or OTP when using the GCash App. Your OTP to link your device is 918751. If this was not you, please ignore. yyAfcYn/qSW.",English,Benign
,"12 February 2022, 23:11",Coins.ph,"COINS ALERT: You are attempting to SEND FUNDS from your Coins Wallet. Use this code to confirm: 537681. If you did not make this request, email report@coins.ph.",English,Benign
,"12 February 2022, 22:36",Coins.ph,"You have successfully added 550.00 PHP to your Coins wallet. You can use it to buy load, transfer money, shop online, and more!",English,Benign
,"9 February 2022, 19:06",SMARTLoad,09/02 19:06: P50.00 loaded to 09129094503 from 09478580716 for 1 year. Ref:9B92MCY1S0. Use GigaLife App for the best promos & deals! smrt.ph/GigaLifeApp,English,Benign
,"9 February 2022, 19:06",SMARTLoad,Discover MORE promos in the GigaLife App and get MORE points! You can use the points to redeem FREE promos. smrt.ph/GigaLifeApp,English,Benign
,"8 February 2022, 18:48",SMARTLoad,08/02 18:48: P50.00 loaded to 09129094503 from 09478580716 for 1 year. Ref:9B86M89I7W. Use GigaLife App for the best promos & deals! smrt.ph/GigaLifeApp,English,Benign
,"8 February 2022, 18:48",SMARTLoad,Discover MORE promos in the GigaLife App and get MORE points! You can use the points to redeem FREE promos. smrt.ph/GigaLifeApp,English,Benign
,"8 February 2022, 11:07",GCash,"Have your milk tea cravings delivered safely at home! Order from Gong cha via GLife, plus enjoy exclusive deals! Visit GLife on the GCash app today. No advisories? Tap go.gcash.com/optout",English,Benign
,"6 February 2022, 14:42",GigaLifeApp,"Want a Toyota Corolla Cross Hybrid? You can still get it! It's the last week of GigaMania, earn those raffle entries for a chance to win! smrt.ph/GigaLifeApp",English,Benign
,"5 February 2022, 19:18",SMARTLoad,05/02 19:18: P50.00 loaded to 09129094503 from 09478580716 for 1 year. Ref:9B55LUMM8R. Use GigaLife App for the best promos & deals! smrt.ph/GigaLifeApp,English,Benign
,"5 February 2022, 19:18",SMARTLoad,Discover MORE promos in the GigaLife App and get MORE points! You can use the points to redeem FREE promos. smrt.ph/GigaLifeApp,English,Benign
,"3 February 2022, 18:58",SMARTLoad,03/02 18:58: P50.00 loaded to 09129094503 from 09478580716 for 1 year. Ref:9B33LLDRAB. Use GigaLife App for the best promos & deals! smrt.ph/GigaLifeApp,English,Benign
,"3 February 2022, 18:58",SMARTLoad,Discover MORE promos in the GigaLife App and get MORE points! You can use the points to redeem FREE promos. smrt.ph/GigaLifeApp,English,Benign
,"31 January 2022, 15:02",GCash,"Get a chance to win GCash rewards by joining San Miguel Beer’s Instant GCash Panalo Under-the-Crown Promo! Read the full mechanics in the link below! Learn more: https://www.gcash.com/promos/sanmigueloktoberfest20212 Promo runs from September 1, 2021 - January 31, 2022. Available in areas where allowed. Per DOH-FDA-CFRR Permit No.0424 s.2021. Drink Responsibly. ASC Ref Code: G110N010622GS",English,Benign
,"29 January 2022, 13:10",GCash,The forest needs you! Your tree misses you. Do green actions today and help your tree grow bigger and better! Open GCash Forest now: https://gcashapp.page.link/gforest-landing-v1,English,Benign
,"29 January 2022, 06:16",,"Magandang Araw <NAME>, Shopee Delivery! Ihahatid namin ang parcel sa inyong delivery address. Bilang bahagi ng aming proseso ng pagdeliver at napapailalaim sa iyong pahintulot, kami ay mangongolekta ng litrato bilang katibayan ng paghatid (Proof of Delivery). Pakihanda ang inyong bayad na 1,882 PHP para sa COD orders, o authorization letter/ID para sa non-COD orders. Pag may katanungan, pakitawagan ang numerong 02-8805200. Maraming Salamat!",Tagalog,Benign
,"28 January 2022, 18:39",SMARTLoad,28/01 18:39: P50.00 loaded to 09129094503 from 09478580716 for 1 year. Ref:9AS4KTBY6E. Use GigaLife App for the best promos & deals! smrt.ph/GigaLifeApp,English,Benign
,"28 January 2022, 18:39",SMARTLoad,Discover MORE promos in the GigaLife App and get MORE points! You can use the points to redeem FREE promos. smrt.ph/GigaLifeApp,English,Benign
,"26 January 2022, 18:36",SMARTLoad,26/01 18:36: P50.00 loaded to 09129094503 from 09478580716 for 1 year. Ref:9AQ2KK66PK. Use GigaLife App for the best promos & deals! smrt.ph/GigaLifeApp,English,Benign
,"26 January 2022, 18:36",SMARTLoad,Discover MORE promos in the GigaLife App and get MORE points! You can use the points to redeem FREE promos. smrt.ph/GigaLifeApp,English,Benign
,"26 January 2022, 07:54",,1/2 26-Jan 07:53: 09617107951 ay nagpasa ng 3000MB sa iyong account. Ang iyong available Pasa Data MB ay 3000.00. Ref:290581483269,Tag-Lish,Benign
,"25 January 2022, 17:20",,"Pi is a new digital currency developed by Stanford PhDs, with over 25 million members worldwide. To claim your Pi, follow this link https://minepi.com/sethamiel and use my username (sethamiel) as your invitation code.",English,Phishing
,"25 January 2022, 12:58",GCash,Your payment of P100.00 to Pitmasters has been successfully processed on 01-25-22 12:58:26 PM. Ref. No. 704822536,English,Benign
,"25 January 2022, 12:40",GCash,Your payment of P100.00 to Pitmasters has been successfully processed on 01-25-22 12:40:24 PM. Ref. No. 505127632,English,Benign
,"24 January 2022, 17:21",GCash,"Huwag mag-pascam sa mga fake GCash text messages! Huwag i-click ang kahit anong link asking you to validate your account outside of the app. Hindi dapat i-share ang iyong MPIN or OTP kung hindi gamit ang GCash app. Para safe mula sa scams, #GCheckMuna!",Tag-Lish,Benign
,"24 January 2022, 13:38",GCash,Your payment of P100.00 to Pitmasters has been successfully processed on 01-24-22 01:38:39 PM. Ref. No. 204403336,English,Benign
,"23 January 2022, 19:36",SMARTLoad,23/01 19:36: P50.00 loaded to 09129094503 from 09478580716 for 1 year. Ref:9AN4K6R042. Use GigaLife App for the best promos & deals! smrt.ph/GigaLifeApp,English,Benign
,"23 January 2022, 19:36",SMARTLoad,Discover MORE promos in the GigaLife App and get MORE points! You can use the points to redeem FREE promos. smrt.ph/GigaLifeApp,English,Benign
,"23 January 2022, 13:11",GLOBE,"Huwag mag-pascam sa mga fake GCash text messages! Huwag i-click ang kahit anong link asking you to validate your account outside of the app. Hindi dapat i-share ang iyong MPIN or OTP kung hindi gamit ang GCash app. Para safe mula sa scams, #GCheckMuna!",Tag-Lish,Benign
,"22 January 2022, 06:17",,"Magandang Araw <NAME>, Shopee Delivery! Ihahatid namin ang parcel sa inyong delivery address. Bilang bahagi ng aming proseso ng pagdeliver at napapailalaim sa iyong pahintulot, kami ay mangongolekta ng litrato bilang katibayan ng paghatid (Proof of Delivery). Pakihanda ang inyong bayad na 1,991 PHP para sa COD orders, o authorization letter/ID para sa non-COD orders. Pag may katanungan, pakitawagan ang numerong 02-8805200. Maraming Salamat!",Tagalog,Benign
,"21 January 2022, 20:06",GCash,Your payment of P149.00 to Netflix Inc. has been successfully processed on 01-21-22 08:06:40 PM. Ref. No. 002310487,English,Benign
,"21 January 2022, 20:06",GCash,You have successfully linked your GCash account to Netflix Inc.. Enjoy easier online shopping with GCash now!,English,Benign
,"21 January 2022, 20:04",GCash,"584332 is your authentication code. For your protection, do not share this code with anyone. yyAfcYn/qSW",English,Benign
,"21 January 2022, 20:04",GCash,"832557 is your authentication code. For your protection, do not share this code with anyone. yyAfcYn/qSW",English,Benign
,"21 January 2022, 19:56",GCash,Your new GCash American Express Virtual Pay security code is 5366. You may change this code anytime via *143# or the GCash Mobile App for your security. Trace No 828323. Globe GCash. Love the way you pay.,English,Benign
,"21 January 2022, 19:54",GCash,Your payment of P200.00 to Pitmasters has been successfully processed on 01-21-22 07:54:14 PM. Ref. No. 502422044,English,Benign
,"21 January 2022, 19:10",GCash,"You have received P196.00 of GCash from Pitmasters Live w/ MSG: You have received 196.00 from Pitmasters.. Your new balance is P655.00 01-21-22 07:10 PM. Ref no. 0003305598546. Use now to buy load, purchase items, send money, pay bills and a lot more!",English,Benign
,"21 January 2022, 18:57",GCash,Your payment of P100.00 to Pitmasters has been successfully processed on 01-21-22 06:57:53 PM. Ref. No. 702043169,English,Benign
,"21 January 2022, 18:46",GCash,"You have received P495.00 of GCash from 7eleven Kiosk with MSG - 2202-1447-9366. Your new balance is P559.00 Fri Jan 21 18:46:27 GMT+08:00 2022. Ref no. 0003305316588. Use now to buy load, purchase items, send money, pay bills and a lot more!",English,Benign
,"21 January 2022, 07:14",JTExpress,J&T DELIVERY!TN: 783689090700 Rider:Arthe Soriano639158503409. For COD pls prepare exact amount. Photo proof of delivery is required. Thanks and be safe!,English,Benign
,"21 January 2022, 07:14",JTExpress,J&T DELIVERY!TN: 783689090700 Rider:Arthe Soriano639158503409. For COD pls prepare exact amount. Photo proof of delivery is required. Thanks and be safe!,English,Benign
,"20 January 2022, 12:03",GigaLifeApp,The Mania Hunt is on! Hanapin ang naka tagong FREE reward sa GigaLife App. Exciting! Want more? Check out GigaMania on smrt.ph/GigaLifeApp,English,Benign
,"20 January 2022, 11:04",LBC Express,Send a package w/o leaving home w/ LBC FREE PICKUP SERVICE. Book now! Call 0288585999 (NCR) or 18001088585999 (nonNCR) or email customerservice@lbcexpress.com. To unsubscribe click http://mdbx.io/N4TgTngi .,Unknown,Benign
,"20 January 2022, 09:08",GigaLifeApp,GigaDays never stops! Redeem promos at 50% OFF every 19th-22nd on smrt.ph/GigaLifeApp More Points? Get 5X more kung mag-load / subscribe P99 & up on GigaLife.,English,Benign
,"18 January 2022, 18:31",SMARTLoad,18/01 18:31: P50.00 loaded to 09129094503 from 09478580716 for 1 year. Ref:9AI9JJY56L. Use GigaLife App for the best promos & deals! smrt.ph/GigaLifeApp,English,Benign
,"18 January 2022, 18:31",SMARTLoad,Discover MORE promos in the GigaLife App and get MORE points! You can use the points to redeem FREE promos. smrt.ph/GigaLifeApp,English,Benign
,"18 January 2022, 12:29",GCash,You have received PHP 43.00 of GCash from KAYENNE ALTHEA CIUPAN 09155659361 w/ MSG: . Your new balance is PHP 64.00. Ref. No. 3003273632913.,Unknown,Benign
,"18 January 2022, 11:39",GCash,Your payment of P100.00 to Pitmasters has been successfully processed on 01-18-22 11:39:18 AM. Ref. No. 799453039,English,Benign
,"18 January 2022, 11:38",GCash,"You have received P120.00 of GCash from BDO Unibank, Inc. with account ending in 6177. Your new balance is P121.00 01-18-22 11:38 AM. Ref. No. 0003273135678. Use now to buy load, purchase items, send money, pay bills and a lot more!",English,Benign
,"17 January 2022, 19:30",SMARTLoad,17/01 19:30: P50.00 loaded to 09129094503 from 09478580716 for 1 year. Ref:9AH8JFR97G. Use GigaLife App for the best promos & deals! smrt.ph/GigaLifeApp,English,Benign
,"17 January 2022, 19:30",SMARTLoad,Discover MORE promos in the GigaLife App and get MORE points! You can use the points to redeem FREE promos. smrt.ph/GigaLifeApp,English,Benign
,"13 January 2022, 19:28",SMARTLoad,Discover MORE promos in the GigaLife App and get MORE points! You can use the points to redeem FREE promos. smrt.ph/GigaLifeApp,English,Benign
,"13 January 2022, 19:28",SMARTLoad,13/01 19:28: P50.00 loaded to 09129094503 from 09478580716 for 1 year. Ref:9AD2IX7CS4. Use GigaLife App for the best promos & deals! smrt.ph/GigaLifeApp,English,Benign
,"9 January 2022, 19:52",SMARTLoad,09/01 19:52: P50.00 loaded to 09129094503 from 09478580716 for 1 year. Ref:9A90IEG5X4. Use GigaLife App for the best promos & deals! smrt.ph/GigaLifeApp,English,Benign
,"9 January 2022, 19:52",SMARTLoad,Discover MORE promos in the GigaLife App and get MORE points! You can use the points to redeem FREE promos. smrt.ph/GigaLifeApp,English,Benign
,"9 January 2022, 07:13",Coins.ph,"COINS ALERT: You are attempting to change the password on your Coins account. CODE: 701399. If you did not make this request, email report@coins.ph immediately.",English,Benign
,"9 January 2022, 01:31",Coins.ph,"COINS ALERT: You are attempting to SEND FUNDS from your Coins Wallet. Use this code to confirm: 993843. If you did not make this request, email report@coins.ph.",English,Benign
,"9 January 2022, 01:25",GCash,You have sent P25.00 of GCash on 2022-Jan-09 01:25:34 AM to Coins.ph (DCPay) account ending in 4503. Convenience fee for this transaction is P15.00. Your new balance is P1.00 with GCash Ref. No. 0003187952107 & InstaPay Trace No. 911666. Thank you for using GCash!,English,Benign
,"9 January 2022, 01:25",Coins.ph,"You have successfully added 25.00 PHP to your Coins wallet. You can use it to buy load, transfer money, shop online, and more!",English,Benign
,"9 January 2022, 01:20",Coins.ph,COINS LOGIN ALERT: You are attempting to LOGIN to your Coins Account. Only use the code in the official Coins app/website. CODE: 108981. Never share with anyone,English,Benign
,"9 January 2022, 01:18",Coins.ph,"COINS ALERT: You are attempting to change the password on your Coins account. CODE: 664899. If you did not make this request, email report@coins.ph immediately.",English,Benign
,"7 January 2022, 19:23",SMARTLoad,07/01 19:23: P50.00 loaded to 09129094503 from 09478580716 for 1 year. Ref:9A72I5ALVM. Use GigaLife App for the best promos & deals! smrt.ph/GigaLifeApp,English,Benign
,"7 January 2022, 19:23",SMARTLoad,Discover MORE promos in the GigaLife App and get MORE points! You can use the points to redeem FREE promos. smrt.ph/GigaLifeApp,English,Benign
,"7 January 2022, 09:30",GigaLifeApp,"SANA ALL may PS5, laptops & more this 2022! Join GigaMania for a chance to win gadgets weekly at Toyota Corolla Cross Hybrid sa grand draw! smrt.ph/GigaLifeApp",English,Benign
,"4 January 2022, 12:24",,<#> Your Tinder code is 158487 dwEzWOx6XSV,English,Benign
,"2 January 2022, 12:35",GCash,You have paid P10.00 of GCash to purchase Php 10 load for 09129094503 on 01-02-22 12:35 PM. Your GCash balance is P41.00. Ref. No. 087288336.,English,Benign
,"1 January 2022, 07:34",InfoSMS,Telegram code: 39512 You can also tap on this link to log in: https://t.me/login/39512,English,Benign
,"31 December 2021, 17:58",GCash,Your payment of P249.00 to Google has been successfully processed on 12-31-21 05:57:24 PM. Ref. No. 085969981 Visit https://go.gcash.com/onlinepurchase for more information.,English,Benign
,"31 December 2021, 17:53",GCash,"You have successfully linked your GCash account to GOOGLE_PH. Enjoy easier online shopping with GCash now! Tap https://gcashapp.page.link/gcredit to check if you can enable GCredit, your always-ready credit line, as backup for your future online payments with GCash.",English,Benign
,"31 December 2021, 17:51",GCash,"604163 is your authentication code. For your protection, do not share this code with anyone. yyAfcYn/qSW",English,Benign
,"31 December 2021, 17:46",GCash,"You have received P297.00 of GCash from 7eleven Kiosk with MSG - 2136-5439-6984. Your new balance is P300.00 Fri Dec 31 17:43:16 GMT+08:00 2021. Ref no. 0003119803975. Use now to buy load, purchase items, send money, pay bills and a lot more!",English,Benign
,"30 December 2021, 18:12",SMARTLoad,Discover MORE promos in the GigaLife App and get MORE points! You can use the points to redeem FREE promos. smrt.ph/GigaLifeApp,English,Benign
,"30 December 2021, 18:12",SMARTLoad,30/12 18:12: P50.00 loaded to 09129094503 from 09478580716 for 1 year. Ref:8LU4H3NWDQ. Use GigaLife App for the best promos & deals! smrt.ph/GigaLifeApp,English,Benign
,"29 December 2021, 12:10",iATSMS,[miHoYo]Your verification code is: 532389 (valid for 10 minutes). Please do not share this code with anyone else.,English,Benign
,"28 December 2021, 19:23",SMARTLoad,Discover MORE promos in the GigaLife App and get MORE points! You can use the points to redeem FREE promos. smrt.ph/GigaLifeApp,English,Benign
,"28 December 2021, 19:23",SMARTLoad,28/12 19:23: P50.00 loaded to 09129094503 from 09478580716 for 1 year. Ref:8LS3GUJ0W1. Use GigaLife App for the best promos & deals! smrt.ph/GigaLifeApp,English,Benign
,"27 December 2021, 08:01",GCash,Gamitin mo na ang 4 FREE Load & Webpay Vouchers mo bago ma-expire at makatipid sa kumustahan at pang regalo for your barkada! Go to https://go.gcash.com/voucher to use your vouchers. No advisories? Tap go.gcash.com/optout,Tag-Lish,Benign
,"26 December 2021, 07:29",JTExpress,J&T DELIVERY!TN: 760543233209 Rider:Arthe Soriano639158503409. For COD pls prepare exact amount. Photo proof of delivery is required. Thanks and be safe!,English,Benign
,"25 December 2021, 19:22",SMARTLoad,25/12 19:22: P50.00 loaded to 09129094503 from 09478580716 for 1 year. Ref:8LP5GG4DXN. Use GigaLife App for the best promos & deals! smrt.ph/GigaLifeApp,English,Benign
,"25 December 2021, 19:22",SMARTLoad,Discover MORE promos in the GigaLife App and get MORE points! You can use the points to redeem FREE promos. smrt.ph/GigaLifeApp,English,Benign
,"24 December 2021, 08:21",GCash,You have sent PHP 1.29 of GCash to JOSEPHINE EJERCITO 09305578878 on 12-24-2021 08:21 AM. Your new balance is PHP 3.00. Ref. No. 0003047960189,English,Benign
,"24 December 2021, 08:18",GCash,"NEVER SHARE YOUR OTP especially on social media and SMS or email links. GCash will only need your MPIN or OTP when using the GCash App. Your OTP to link your device is 786927. If this was not you, please ignore. yyAfcYn/qSW.",English,Benign
,"23 December 2021, 15:00",GCash,Sagot namin ang kamustahan at pang regalo with 4 FREE Load & Webpay Vouchers! Makatipid on load and and get extra 20% OFF on Flowerstore.ph using code PGCAHOLIDAY20. Go to https://go.gcash.com/voucher to use your vouchers. No advisories? Tap go.gcash.com/optout,English,Benign
,"23 December 2021, 13:50",GigaLifeApp,"Extra ang SAYA ng Pasko sa GigaMania, dahil may chance kang I-MINE ang FREE GADGETS & more sa Spin & Win! Visit smrt.ph/GigaLifeApp on Christmas & spin!",Tag-Lish,Benign
,"22 December 2021, 13:15",SMARTLoad,22/12 13:15: P50.00 loaded to 09129094503 from 09478580716 for 1 year. Ref:8LM7FZ89LJ. Use GigaLife App for the best promos & deals! smrt.ph/GigaLifeApp,English,Benign
,"22 December 2021, 13:15",SMARTLoad,Discover MORE promos in the GigaLife App and get MORE points! You can use the points to redeem FREE promos. smrt.ph/GigaLifeApp,English,Benign
,"22 December 2021, 10:34",,"22Dec 10:34: Paubos na ang iyong load. Pwede ka nang mag-loan ng P10 load + P4 fee. Maaari ring maka-avail ng iba pang loan offers! Itext lang ang YES (free) para sumang-ayon sa pagbibigay ng impormasyon tungkol sa iyong credit standing sa aming third party partners at ma-process ang iyong request. For more info, visit http://tntph.com/privacy-policy.",Tag-Lish,Benign
,"21 December 2021, 03:02",GCash,"Here's a PHP15.00 Load Voucher just for you! Valid for 7 days for one-time use only, when you top up with P350 applicable to all networks. We also have other vouchers waiting for you! Tap here https://go.gcash.com/voucherpocket to see your vouchers. Reminder to never share your voucher information with anyone and transact only with official GCash channels.",English,Benign
,"20 December 2021, 21:50",,"HALOCELL: Here is your Halocell content for the day: https://7me.co/dl/ETMC5cA You have been charged P5.00 for this. To opt out for free, reply PLAY OFF.",English,Phishing
,"19 December 2021, 01:02",GCash,Here's a PHP10.00 Load Voucher just for you! Valid for 7 days for one-time use only. We also have other vouchers waiting for you! Tap here https://go.gcash.com/voucherpocket to see your vouchers. Reminder to never share your voucher information with anyone and transact only with official GCash channels.,English,Benign
,"16 December 2021, 10:27",GigaLifeApp,Free Data? MINE! Free Vouchers? MINE! Free Points? MINE! Sumali na sa saya ng GigaMania at manalo ng instant PRIZES!Laro na on smrt.ph/GigaLifeApp DTI133026S21,Tagalog,Benign
,"13 December 2021, 11:39",TLNET,Your Tinder code is 453124 Don't share @tinder.com #453124,English,Benign
,"12 December 2021, 08:41",SMARTLoad,12/12 08:41: P50.00 loaded to 09129094503 from 09478580716 for 1 year. Ref:8LC0ELSH96. Use GigaLife App for the best promos & deals! smrt.ph/GigaLifeApp,English,Benign
,"12 December 2021, 08:41",SMARTLoad,Discover MORE promos in the GigaLife App and get MORE points! You can use the points to redeem FREE promos. smrt.ph/GigaLifeApp,English,Benign
,"10 December 2021, 17:21",GigaLifeApp,Andito na ang GigaMania FREEBIES! Pwedeng manalo ng instant PRIZES on Weekly Challenge or Spin & Win araw-araw sa smrt.ph/GigaLifeApp DTI133026S21 DTI129618S21,Tag-Lish,Benign
,"10 December 2021, 16:05",SMART,"The NTC, DTI, NPC, & Smart would like to remind the public to be vigilant against SMS job offer scams. Stay safe, be #CyberSmart https://smrt.ph/SMSspamWarning",English,Benign
,"10 December 2021, 15:46",GCash,"Hi! Help us improve GCash by sharing your experiences through our survey. Your response will be a big help for us! Please open the survey through this link: gcash.com/securitysurvey-q4/ if you're willing. Out of those who completed the survey, A random 200 respondents will be given a GCash incentive. Thank you!",English,Benign
,"7 December 2021, 18:38",SMARTLoad,07/12 18:38: P50.00 loaded to 09129094503 from 09478580716 for 1 year. Ref:8L73E027W3. Use GigaLife App for the best promos & deals! smrt.ph/GigaLifeApp,English,Benign
,"7 December 2021, 18:38",SMARTLoad,Discover MORE promos in the GigaLife App and get MORE points! You can use the points to redeem FREE promos. smrt.ph/GigaLifeApp,English,Benign
,"6 December 2021, 09:25",Coins.ph,"COINS ALERT: You are attempting to change the password on your Coins account. CODE: 253246. If you did not make this request, email report@coins.ph immediately.",English,Benign
,"5 December 2021, 19:49",SMARTLoad,05/12 19:49: P50.00 loaded to 09129094503 from 09478580716 for 1 year. Ref:8L50DQSO0Y. Use GigaLife App for the best promos & deals! smrt.ph/GigaLifeApp,English,Benign
,"5 December 2021, 19:49",SMARTLoad,Discover MORE promos in the GigaLife App and get MORE points! You can use the points to redeem FREE promos. smrt.ph/GigaLifeApp,English,Benign
,"4 December 2021, 07:21",JTExpress,J&T DELIVERY!TN: 760521627857 Rider:Isa Latip639158503400. For COD pls prepare exact amount. Photo proof of delivery is required. Thanks and be safe!,English,Benign
,"3 December 2021, 19:30",SMARTLoad,Discover MORE promos in the GigaLife App and get MORE points! You can use the points to redeem FREE promos. smrt.ph/GigaLifeApp,English,Benign
,"3 December 2021, 19:30",SMARTLoad,03/12 19:30: P50.00 loaded to 09129094503 from 09478580716 for 1 year. Ref:8L34DHNF56. Use GigaLife App for the best promos & deals! smrt.ph/GigaLifeApp,English,Benign
,"3 December 2021, 07:30",BDO Pay,ADVISORY: We are working to make the new BDO Pay app ready. We will make it available in the App and Play Stores as soon as possible. Thank you for your patience.,English,Benign
,"2 December 2021, 20:10",BDO Pay,"Don't forget: December 3, 2021 is BDO Pay app update day! Enjoy new features like Send Money to other banks and wallets. More details in your email.",English,Benign
,"2 December 2021, 19:34",BDO-ALERTS,"#BDOAntiScam: NEVER click links sent via text message to verify your account. Official text messages from BDO come from senders like ""BDO"" or ""BDO-ALERTS"".",English,Benign
,"1 December 2021, 16:02",GCash,Chill out and enjoy games while you earn! Start your gaming journey with Basketball Master and Tower Boxer and win boosted tickets and bonuses via GLife!,English,Benign
,"1 December 2021, 08:32",GigaLifeApp,Yun lang lahat ng Mania? NOPE! WE HAVE MORE COMING NEXT WEEK! Araw-araw i-check ang GigaMania so you don't miss out on freebies and prizes! smrt.ph/GigaLifeApp,Tag-Lish,Benign
,"30 November 2021, 17:29",BDO Pay,"REMINDER: Update your BDO Pay app on December 3, 2021. Older versions of the app will no longer work after this date. More details in your email.",English,Benign
,"30 November 2021, 08:49",,2/2 Always MORE in the GigaLife App! Earn up to 5x MORE GigaPoints when you buy promos in the app. Earn MORE points to redeem FREE promos. smrt.ph/GigaLifeApp,English,Benign
,"30 November 2021, 08:49",,1/2 30-Nov 08:49: P5 has been shared from 09617107951 to 09129094503. Ref:290675089713,English,Benign
,"28 November 2021, 19:42",SMARTLoad,28/11 19:42: P100.00 loaded to 09129094503 from 09478580716 for 1 year. Ref:8KS2CSYKJO. Use GigaLife App for the best promos & deals! smrt.ph/GigaLifeApp,English,Benign
,"28 November 2021, 19:42",SMARTLoad,Discover MORE promos in the GigaLife App and get MORE points! You can use the points to redeem FREE promos. smrt.ph/GigaLifeApp,English,Benign
,"28 November 2021, 17:11",BDO Pay,"ADVISORY: Update your BDO Pay app on December 3, 2021. Enjoy new features like Send Money via InstaPay. More details about the app upgrade in your email.",English,Benign
,"27 November 2021, 19:18",GigaLifeApp,This account has been linked in the GigaLife App by 09XX XXX 7951.,English,Benign
,"27 November 2021, 19:17",GigaLifeApp,1258 is your One-Time PIN. Enter this PIN in the GigaLife App. Please don't share your PIN.,English,Benign
,"27 November 2021, 19:10",GigaLifeApp,Your 100 MB FREE DATA has been credited. Enjoy your reward and watch out for more promos only on the GigaLife App!,English,Benign
,"27 November 2021, 19:09",GigaLifeApp,Welcome to the GigaLife! You just earned 10 GigaPoints for Signing Up for a GigaLife account. Keep using the app to earn MORE points and redeem MORE rewards! 1 GigaPoint = 1 Peso,English,Benign
,"27 November 2021, 19:09",GigaLifeApp,6806 is your One-Time PIN. Enter this PIN in the GigaLife App. Please don't share your PIN.,English,Benign
,"27 November 2021, 17:41",BDO Pay,"IMPORTANT ADVISORY: Update your BDO Pay app on December 3, 2021. Older app versions will no longer work after this date. Please check your email for details.",English,Benign
,"26 November 2021, 10:47",SMARTLoad,Discover MORE promos in the GigaLife App and get MORE points! You can use the points to redeem FREE promos. smrt.ph/GigaLifeApp,English,Benign
,"26 November 2021, 10:47",SMARTLoad,26/11 10:47: P50.00 loaded to 09129094503 from 09478580716 for 1 year. Ref:8KQ5CGZPLL. Use GigaLife App for the best promos & deals! smrt.ph/GigaLifeApp,English,Benign
,"25 November 2021, 14:13",GigaLifeApp,Di pa tapos ang GigaMania celebration! Paparating na ang more saya & freebies soon! Visit GigaMania on smrt.ph/GigaLifeApp para hindi ma-miss out ang saya!,Tag-Lish,Benign
,"25 November 2021, 11:09",SMART,Be vigilant against SIM take-overs. Know the signs & find out how to protect your account. Stay #CyberSmart https://smrt.ph/simtakeoveradvisory,English,Benign
,"25 November 2021, 10:21",NTC,BABALA! Huwag maniwala sa text na diumano'y nagaalok ng trabaho. Huwag po magbigay ng personal na impormasyon. Ito po ay isang scam.,Tagalog,Benign
,"22 November 2021, 11:35",GCash,"Set up Security Questions now and get a free voucher for load or payments! To set up, go to Profile > Settings > Account Recovery > Select and answer 5 Security Questions > Tap confirm! Don’t forget your answers! No advisories? Tap go.gcash.com/optout",English,Benign
,"22 November 2021, 11:21",JTExpress,J&T DELIVERY!TN: 760502065792 Rider:Arthe Soriano639158503409. For COD pls prepare exact amount. Photo proof of delivery is required. Thanks and be safe!,English,Benign
,"18 November 2021, 18:53",SMARTLoad,18/11 18:53: P50.00 loaded to 09129094503 from 09478580716 for 1 year. Ref:8KI1BHZ1X9. Use GigaLife App for the best promos & deals! smrt.ph/GigaLifeApp,English,Benign
,"18 November 2021, 18:53",SMARTLoad,Discover MORE promos in the GigaLife App and get MORE points! You can use the points to redeem FREE promos. smrt.ph/GigaLifeApp,English,Benign
,"18 November 2021, 08:33",GigaLifeApp,I-claim ang FREE GigaPoints from 9:19am-10:19am 'til Nov 18 on smrt.ph/GigaLifeApp Earn more GigaPoints at gamitin ito on Nov. 19 to redeem rewards at 50% OFF!,Tag-Lish,Benign
,"16 November 2021, 20:55",,2/2 Always MORE in the GigaLife App! Earn up to 5x MORE GigaPoints when you buy promos in the app. Earn MORE points to redeem FREE promos. smrt.ph/GigaLifeApp,English,Benign
,"16 November 2021, 20:55",,1/2 16-Nov 20:55: P2 has been shared from 09510280479 to 09129094503. Ref:290673456454,English,Benign
,"13 November 2021, 08:30",GigaLifeApp,Paparating na ang BIGGER & BETTER #GigaMania season! Abangan and mag-ready na with the latest GigaLife App smrt.ph/GigaLifeApp,Tag-Lish,Benign
,"11 November 2021, 19:37",SMART,There's always MORE when you use the GigaLife App! Earn up to 5X MORE GigaPoints when you buy promos in the app to redeem FREE promos! smrt.ph/GigaLifeApp,English,Benign
,"11 November 2021, 19:37",SMARTLoad,11/11 19:37: P50.00 loaded to 09129094503 from 09478580716 for 1 year. Ref:8KB4AI8TSQ. Use GigaLife App for the best promos & deals! smrt.ph/GigaLifeApp,English,Benign
,"11 November 2021, 19:37",SMARTLoad,Discover MORE promos in the GigaLife App and get MORE points! You can use the points to redeem FREE promos. smrt.ph/GigaLifeApp,English,Benign
,"11 November 2021, 11:32",GigaLifeApp,Pwede nang mag-send ng LOAD at POINTS sa iyong friends and family with just a tap in the GigaLife App! Go to smrt.ph/GigaLifeApp > Lifeline and Share the Love!,English,Benign
,"8 November 2021, 16:16",GigaLifeApp,Pwede nang mag-send ng LOAD at POINTS sa iyong friends and family with just a tap in the GigaLife App! Go to smrt.ph/GigaLifeApp > Lifeline and Share the Love!,English,Benign
,"7 November 2021, 18:00",SMARTLoad,07/11 18:00: P50.00 loaded to 09129094503 from 09478580716 for 1 year. Ref:8K769XROVW. Use GigaLife App for the best promos & deals! smrt.ph/GigaLifeApp,English,Benign
,"7 November 2021, 18:00",SMARTLoad,Discover MORE promos in the GigaLife App and get MORE points! You can use the points to redeem FREE promos. smrt.ph/GigaLifeApp,English,Benign
,"6 November 2021, 18:09",SMARTLoad,06/11 18:09: P50.00 loaded to 09129094503 from 09478580716 for 1 year. Ref:8K699T4HO1. Use GigaLife App for the best promos & deals! smrt.ph/GigaLifeApp,English,Benign
,"6 November 2021, 18:09",SMARTLoad,Discover MORE promos in the GigaLife App and get MORE points! You can use the points to redeem FREE promos. smrt.ph/GigaLifeApp,English,Benign
,"5 November 2021, 07:11",JTExpress,J&T DELIVERY!TN: 760494973267 Rider:Arthe Soriano639158503409. For COD pls prepare exact amount. Photo proof of delivery is required. Thanks and be safe!,English,Benign
,"2 November 2021, 19:22",SMARTLoad,02/11 19:22: P50.00 loaded to 09129094503 from 09478580716 for 1 year. Ref:8K269AT9EK. Use GigaLife App for the best promos & deals! smrt.ph/GigaLifeApp,English,Benign
,"2 November 2021, 19:22",SMARTLoad,Discover MORE promos in the GigaLife App and get MORE points! You can use the points to redeem FREE promos. smrt.ph/GigaLifeApp,English,Benign
,"2 November 2021, 19:21",SMARTLoad,02/11 19:21: P50.00 loaded to 09129094503 from 09478580716 for 1 year. Ref:8K299ATIVH. Use GigaLife App for the best promos & deals! smrt.ph/GigaLifeApp,English,Benign
,"2 November 2021, 19:21",SMARTLoad,Discover MORE promos in the GigaLife App and get MORE points! You can use the points to redeem FREE promos. smrt.ph/GigaLifeApp,English,Benign
,"2 November 2021, 16:43",GigaLifeApp,Pwede nang mag-send ng LOAD at POINTS sa iyong friends and family with just a tap in the GigaLife App! Go to smrt.ph/GigaLifeApp > Lifeline and Share the Love!,English,Benign
,"30 October 2021, 12:32",GigaLifeApp,Don't let your GigaPoints expire! Check the validity at smrt.ph/GigaLifeApp > Tap the Gift icon > Hit View Breakdown. Use it now to redeem a FREE promo!,English,Benign
,"30 October 2021, 08:02",InfoSMS,Telegram code: 21538 You can also tap on this link to log in: https://t.me/login/21538,English,Benign
,"28 October 2021, 11:32",GCash,Your payment of P120.00 to SHOPEEPAY has been successfully processed on 10-28-21 11:32:38 AM. Ref. No. 837304367,English,Benign
,"28 October 2021, 11:32",GCash,"497693 is your authentication code. For your protection, do not share this code with anyone. yyAfcYn/qSW",English,Benign
,"28 October 2021, 11:28",GCash,"You have received P120.00 of GCash from BDO Unibank, Inc. with account ending in 6177. Your new balance is P124.29 10-28-21 11:28 AM. Ref. No. 0002532791125. Use now to buy load, purchase items, send money, pay bills and a lot more!",English,Benign
,"27 October 2021, 15:41",TXTMSG,Your Tinder code is 238352 Don't share @tinder.com #238352,English,Benign
,"26 October 2021, 13:55",GigaLifeApp,Checking your GigaPoints validity is easy! Just go to smrt.ph/GigaLifeApp > Tap the Points Gift icon > Hit View Breakdown. It's Simple in the GigaLife App.,English,Benign
,"22 October 2021, 07:29",2GO Express,"Anticipate delivery of your package today. Prepare 1,373.00 payment. Click this for authorized person if you are not around.",English,Benign
,"21 October 2021, 11:40",GigaLifeApp,"Ito ang mga masarap pakinggan! AirPods, Galaxy Buds+, and promos at 50% off await on the GigaLife App! Redeem them only on smrt.ph/GigaLifeApp",Tag-Lish,Benign
,"20 October 2021, 20:01",,"No need to go out work, just at home to earn 3,000-10000PHP a day, please contact us viber:9983226704",English,Phishing
,"19 October 2021, 17:52",CIMB_Bank,Celebrate GCash's 1st #GBirthday & get a chance to win up to PHP 500k from CIMB Bank! Get more chances when you transact using GCredit & deposit to GSave on 10/22/2021. Learn more: bit.ly/3BRKo8H Per DTI Fair Trade Permit No. FTEB-128075 Series of 2021 No SMS? Text STOP<space><Last 4 digits of acct num> to 09191611291,English,Benign
,"19 October 2021, 17:14",GigaLifeApp,"Nandito na ang GigaDays! I-redeem ang AirPods, Galaxy Buds+, and other promos at 50% OFF now 'til the 22nd! Paano? Get the latest GigaLife App version > Sign up for an account > Click the ""Gift"" Icon > Choose your reward! smrt.ph/GigaLifeApp",English,Benign
,"18 October 2021, 13:58",GigaLifeApp,Gamitin ang GigaPoints to redeem promos at 50% OFF & exclusive rewards on GigaDays this Oct 19-22! Get the latest GigaLife App version on smrt.ph/GigaLifeApp,English,Benign
,"17 October 2021, 14:16",PayMaya,Hate fees? Enjoy FREE cash in via UnionBank! Link your online banking account and conveniently cash in from home! https://official.paymaya.com/3xMF/CashIn,English,Benign
,"16 October 2021, 13:41",SMARTLoad,16/10 13:41: P50.00 loaded to 09129094503 from 09198773740 for 1 year. Ref:8JG86ZMNLG. Use *123# or smrt.ph/GigaLifeApp to get DOUBLE GIGA: VIDEO OR STORIES,English,Benign
,"16 October 2021, 13:41",SMARTLoad,Don't miss out on GigaPoints CashBack! Add Load on the GigaLife App to earn MORE to redeem MORE! smrt.ph/GigaLifeApp,English,Benign
,"15 October 2021, 11:30",SMARTLoad,15/10 11:30: P20.00 loaded to 09129094503 from 09478580716 for 1 year. Ref:8JF96UA779. Use *123# or smrt.ph/GigaLifeApp to get DOUBLE GIGA: VIDEO OR STORIES,English,Benign
,"15 October 2021, 11:30",SMARTLoad,Don't miss out on GigaPoints CashBack! Add Load on the GigaLife App to earn MORE to redeem MORE! smrt.ph/GigaLifeApp,English,Benign
,"13 October 2021, 23:32",GigaLifeApp,Your number has been unlinked in the GigaLife App by 09XX XXX 7951.,English,Benign
,"12 October 2021, 07:43",SMARTLoad,12/10 07:43: P20.00 loaded to 09129094503 from 09194280650 for 1 year. Ref:8JC26F6BBI. Use *123# or smrt.ph/GigaLifeApp to get DOUBLE GIGA: VIDEO OR STORIES,English,Benign
,"12 October 2021, 07:43",SMARTLoad,Don't miss out on GigaPoints CashBack! Add Load on the GigaLife App to earn MORE to redeem MORE! smrt.ph/GigaLifeApp,English,Benign
,"8 October 2021, 19:14",BDO-ALERTS,"#BDOAntiScam: NEVER click links sent via text message to verify your account. Official text messages from BDO come from senders like ""BDO"" or ""BDO-ALERT"".",English,Benign
,"6 October 2021, 11:27",GigaLifeApp,Mas masaya 'to Ka-Tropa! You can now earn 5x MORE GigaPoints on any P99 and up promos pag mag-subscribe ka on GigaLife! onelink.to/GigaLifeApp,Tag-Lish,Benign
,"3 October 2021, 13:10",PayMaya,"Oops! Ministop was down for a bit—sorry about that! It's finally up, so you can now enjoy FREE cash in and convenient PayMaya QR payments at Ministops near you!",English,Benign
,"2 October 2021, 08:28",GigaLifeApp,"Tuloy-tuloy ang GIGA celebration! Expiry of GigaPoints earned from Jan-Mar 2021 is extended til Oct 31, 2021. Mag redeem ng NEW promos on onelink.to/GigaLifeApp",English,Benign
,"28 September 2021, 14:56",2GO Express,Anticipate delivery of your package today. Prepare 248.00 payment. Click this for authorized person if you are not around.,English,Benign
,"25 September 2021, 18:25",SMARTLoad,Don't miss out on CashBack! Add Load (P100 & up) using the GigaLife App to earn MORE to redeem MORE! smrt.ph/GigaLifeApp,English,Benign
,"25 September 2021, 18:25",SMARTLoad,Don't miss out on GigaPoints CashBack! Add Load on the GigaLife App to earn MORE to redeem MORE! smrt.ph/GigaLifeApp,English,Benign
,"25 September 2021, 14:00",GigaLifeApp,Have you seen our EXCLUSIVE offers for you? Go to the GigaLife App & tap DON'T MISS OUT for the promo specially for you! Get it only on onelink.to/GigaLifeApp,English,Benign
,"22 September 2021, 11:37",SMARTLoad,Don't miss out on CashBack! Add Load (P100 & up) using the GigaLife App to earn MORE to redeem MORE! smrt.ph/GigaLifeApp,English,Benign
,"22 September 2021, 11:37",SMARTLoad,Don't miss out on GigaPoints CashBack! Add Load on the GigaLife App to earn MORE to redeem MORE! smrt.ph/GigaLifeApp,English,Benign
,"21 September 2021, 19:32",GCash,Stay safe while you prioritize your health with KonsultaMD! Consult anytime with healthcare professionals even if you're at home when you buy plans via GLife. No advisories? Tap go.gcash.com/optout,English,Benign
,"21 September 2021, 00:36",2GO Express,"Anticipate delivery of your package G1235800M. If you are not around, leave an authorization letter & ID. Thank you",English,Benign
,"21 September 2021, 00:25",GCash,"MagpadaLOVE ng saya for as low as P5! Sa GCash Padala, pinamura na ang remittance fee to non-GCash users saanman sa Pinas. Visit https://go.gcash.com/GPadala to learn more. No advisories? Tap go.gcash.com/optout",Tag-Lish,Benign
,"20 September 2021, 23:37",TWLNET,Your Tinder code is 201277 Don't share @tinder.com #201277,English,Benign
,"20 September 2021, 23:04",TWLNET,Your Tinder code is 356773 Don't share @tinder.com #356773,English,Benign
,"19 September 2021, 11:11",PayMayaDEAL,"Last day to get up to P500 when you send P10,000 to 10 different PayMaya users! Send Money now! DTI127152 https://official.paymaya.com/0zgc/SendMoneyWeekend",English,Benign
,"16 September 2021, 16:59",GCash,"It's time to put your health first! Access health services 24/7 at home with KonsultaMD on GLife, and just pay safely with GCash! No advisories? Tap go.gcash.com/optout",English,Benign
,"16 September 2021, 15:08",TWLNET,Your Tinder code is 537075 Don't share,English,Benign
,"13 September 2021, 20:29",BDO,"Starting Sept. 15, 2021, you may experience slowdown when using the BDO Digital Banking app. You may access via browser at online.bdo.com.ph or use BDO Pay.",English,Benign
,"11 September 2021, 11:06",SMARTLoad,11/09 11:06: P20.00 loaded to 09129094503 from 09194280650 for 1 year. Ref:8IB92AHID9. Use *123# or smrt.ph/GigaLifeApp to get DOUBLE GIGA: VIDEO OR STORIES,English,Benign
,"11 September 2021, 11:06",SMARTLoad,Don't miss out on CashBack! Add Load (P100 & up) using the GigaLife App to earn MORE to redeem MORE! smrt.ph/GigaLifeApp,English,Benign
,"9 September 2021, 22:12",GCash,Your payment of P60.00 to SHOPEEPAY has been successfully processed on 09-09-21 10:12:41 PM. Ref. No. 004424248,English,Benign
,"9 September 2021, 22:12",GCash,"918380 is your authentication code. For your protection, do not share this code with anyone. yyAfcYn/qSW",English,Benign
,"5 September 2021, 15:08",PayMaya,Heading out for supplies? Go cashless and cash in for FREE with PayMaya via our different cash in partners: https://official.paymaya.com/3xMF/CashIn,English,Benign
,"4 September 2021, 12:22",PayMayaDEAL,"Send P5,000 to 5 different PayMaya users and get up to P100! Promo runs until Sept 5, 2021. DTI126379 https://official.paymaya.com/0zgc/SendMoneyChallenge",English,Benign
,"4 September 2021, 11:09",GCash,"Congratulations! You can now enjoy a higher limit with GCash Plus. We have increased your wallet limit to P500K. Thank you for using GCash! To learn more about your limits, visit https://go.gcash.com/increasedlimits",English,Benign
,"3 September 2021, 22:32",GCash,You have paid P20.00 of GCash to purchase Php 20 load for 09129094503 on 09-03-21 10:32 PM. Your GCash balance is P64.29. Ref. No. 000621437.,English,Benign
,"1 September 2021, 18:59",PayMaya,"Heads up! PayMaya bank transfer fees via InstaPay will be increased to Php 15 starting Sept 13, 2021, but stay tuned for a deal on your InstaPay fees soon!",English,Benign
,"31 August 2021, 21:27",GCash,You have paid P20.00 of GCash to purchase Php 20 load for 09129094503 on 08-31-21 09:27 PM. Your GCash balance is P84.29. Ref. No. 098826794.,English,Benign
,"29 August 2021, 14:16",PayMayaDEAL,"Hate fees? Cash in to your PayMaya account FREE of charge via BPI linked account, Ministop & Smart Padala. Cash in now:https://official.paymaya.com/3xMF/CashIn",English,Benign
,"28 August 2021, 16:40",GCash,<#>The OTP code to link your device is 757649. REMINDER: GCash representatives will never ask for this code. Do not share it with anyone. yyAfcYn/qSW,English,Benign
,"28 August 2021, 13:26",PayMayaDEAL,"Earn a P50 voucher for every P5,000 sent to a unique PayMaya user. Promo runs from Aug 28-29, 2021. DTI125754 https://official.paymaya.com/0zgc/SendMoneyAugust",English,Benign
,"27 August 2021, 17:50",Twitter,"In Twitter, enter the confirmation code 420752 to turn on two-factor authentication.",English,Benign
,"25 August 2021, 08:36",SMARTLoad,25/08 08:36: P50.00 loaded to 09129094503 from 09478580716 for 1 year. Ref:8HP5X2CUQH. Use *123# or smrt.ph/GigaLifeApp to get DOUBLE GIGA: VIDEO OR STORIES,English,Benign
,"25 August 2021, 08:36",SMARTLoad,Don't miss out on CashBack! Add Load (P100 & up) using the GigaLife App to earn MORE to redeem MORE! smrt.ph/GigaLifeApp,English,Benign
,"21 August 2021, 16:37",PayMaya,"Need to top up for essentials? Cash in to your PayMaya account for FREE anytime, anywhere via our cash in partners: https://official.paymaya.com/3xMF/CashIn",English,Benign
,"19 August 2021, 10:15",LBCEXPRESS,"Ka-LBC! Your shipment 139697032101 was released to SG TAMBOONG, GUARD ON DUTY/S/G OIC|HandHeld on 19-08-2021. Share your experience, click bit.ly/CSATPh. Thanks",English,Benign
,"18 August 2021, 21:58",GCash,You have paid P50.00 of GCash to purchase Php 50 load for 09548058067 on 08-18-21 09:58 PM. Your GCash balance is P104.29. Ref. No. 091228199.,English,Benign
,"18 August 2021, 21:55",GCash,<#>The OTP code to link your device is 660454. REMINDER: GCash representatives will never ask for this code. Do not share it with anyone. yyAfcYn/qSW,English,Benign
,"18 August 2021, 15:40",GCash,Your payment of P449.00 to Google has been successfully processed on 08-18-21 03:40:51 PM. Ref. No. 090970628 Visit https://go.gcash.com/onlinepurchase for more information.,English,Benign
,"18 August 2021, 15:36",GCash,"You have successfully linked your GCash account to GOOGLE_PH. Enjoy easier online shopping with GCash now! Tap https://gcashapp.page.link/gcredit to check if you can enable GCredit, your always-ready credit line, as backup for your future online payments with GCash.",English,Benign
,"18 August 2021, 15:36",GCash,"657611 is your authentication code. For your protection, do not share this code with anyone. yyAfcYn/qSW",English,Benign
,"18 August 2021, 15:35",GCash,"You have successfully linked your GCash account to GOOGLE_PH. Enjoy easier online shopping with GCash now! Tap https://gcashapp.page.link/gcredit to check if you can enable GCredit, your always-ready credit line, as backup for your future online payments with GCash.",English,Benign
,"18 August 2021, 15:35",GCash,"628660 is your authentication code. For your protection, do not share this code with anyone. yyAfcYn/qSW",English,Benign
,"18 August 2021, 15:33",Coins.ph,"You have received a payment of 551.09 PHP in your GCash (Instapay) account ending with 4503, sent using Coins.ph",English,Benign
,"18 August 2021, 15:33",GCash,"You have received P551.09 of GCash from Coins.ph (DCPay) with account ending in 4503. Your new balance is P603.29 08-18-21 03:33 PM. Ref. No. 0001964857554. Use now to buy load, purchase items, send money, pay bills and a lot more!",English,Benign
,"18 August 2021, 15:33",Coins.ph,"COINS ALERT: You are attempting to SEND FUNDS from your Coins Wallet. Use this code to confirm: 715560. If you did not make this request, email report@coins.ph.",English,Benign
,"18 August 2021, 15:32",Coins.ph,"COINS ALERT: You are attempting to SEND FUNDS from your Coins Wallet. Use this code to confirm: 851953. If you did not make this request, email report@coins.ph.",English,Benign
,"18 August 2021, 15:32",Coins.ph,"COINS ALERT: You are attempting to SEND FUNDS from your Coins Wallet. Use this code to confirm: 517206. If you did not make this request, email report@coins.ph.",English,Benign
,"17 August 2021, 10:10",GCash,You have withdrawn 48.8 from your CIMB Bank GSave Account on 08-17-2021 10:10:48. Ref. No 0001955187089,English,Benign
,"17 August 2021, 10:10",CIMB_Bank,908147 is your OTP. Please enter this to confirm your CIMB Bank GSave account transaction.,English,Benign
,"17 August 2021, 01:09",GCash,Your GCash account has been unlinked from your Apple services account. Please note that frequent unlinking may result in inability to link your account in the future.,English,Benign
,"16 August 2021, 19:26",GCash,Your payment of P749.00 to Apple services has been successfully processed on 08-16-21 07:26:58 PM. Ref. No. 090026335 Visit https://go.gcash.com/onlinepurchase for more information.,English,Benign
,"16 August 2021, 19:26",GCash,"You have successfully linked your GCash account to Apple services. Enjoy easier online shopping with GCash now! Tap https://gcashapp.page.link/gcredit to check if you can enable GCredit, your always-ready credit line, as backup for your future online payments with GCash.",English,Benign
,"16 August 2021, 19:24",GCash,"512568 is your authentication code. For your protection, do not share this code with anyone. yyAfcYn/qSW",English,Benign
,"16 August 2021, 19:10",GCash,<#>The OTP code to link your device is 208754. REMINDER: GCash representatives will never ask for this code. Do not share it with anyone. yyAfcYn/qSW,English,Benign
,"16 August 2021, 18:14",GCash,Thank you for going through the KYC process Ref No. 10061290945031629108884715. Please ensure that your registration details are true and complete to avoid deactivation of your account.,English,Benign
,"16 August 2021, 18:14",GCash,"Congratulations! You have successfully updated your customer profile with GCash. Continue enjoying GCash services like Send Money, GCredit, Paypal linking, and more!",English,Benign
,"16 August 2021, 15:10",GCash,"You have received P752.40 of GCash from 7eleven Kiosk with MSG - 2122-8368-8043. Your new balance is P752.40 Mon Aug 16 15:10:40 GMT+08:00 2021. Ref no. 0001949743172. Use now to buy load, purchase items, send money, pay bills and a lot more!",English,Benign
,"16 August 2021, 14:59",GCash,<#>The OTP code for your KYC request is 645946. REMINDER: GCash representatives will never ask for this code. Do not share it with anyone. yyAfcYn/qSW,English,Benign
,"16 August 2021, 14:57",GCash,You have deposited 48.78 GCash on 08-16-2021 14:57:17 to your CIMB Bank GSave Account. Ref. No 0001949630764,English,Benign
,"14 August 2021, 07:09",JTExpress,J&T DELIVERY!TN: 782316608472 Rider:Arthe Soriano P639058607200. For COD pls prepare exact amount. Photo proof of delivery is required. Thanks and be safe!,English,Benign
,"11 August 2021, 09:56",SMARTLoad,11/08 09:56: P50.00 loaded to 09129094503 from 09287903694 for 1 year. Ref:8HB7V5ZGZZ. Use *123# or smrt.ph/GigaLifeApp to get DOUBLE GIGA: VIDEO OR STORIES,English,Benign
,"11 August 2021, 09:56",SMARTLoad,Don't miss out on CashBack! Add Load (P100 & up) using the GigaLife App to earn MORE to redeem MORE! smrt.ph/GigaLifeApp,English,Benign
,"10 August 2021, 19:28",BDO-ALERTS,#BDOAntiScam: NEVER log into your BDO account through a link. Always use the official BDO app or type the official BDO web address in your web browser.,English,Benign
,"10 August 2021, 07:02",JTExpress,J&T DELIVERY!TN: 782304640963 Rider:Arthe Soriano P639058607200. For COD pls prepare exact amount. Photo proof of delivery is required. Thanks and be safe!,English,Benign
,"8 August 2021, 15:37",GCash,You have sent P450.00 of GCash on 2021-Aug-08 03:37:27 PM to Coins.ph (DCPay) account ending in 4503. Convenience fee for this transaction is P15.00. Your new balance is P48.78 with GCash Ref. No. 0001888444808 & InstaPay Trace No. 388444. Thank you for using GCash!,English,Benign
,"8 August 2021, 15:35",GCash,<#>The OTP code to link your device is 473597. REMINDER: GCash representatives will never ask for this code. Do not share it with anyone. yyAfcYn/qSW,English,Benign
,"7 August 2021, 16:35",GCash,<#>The OTP code for your KYC request is 737929. REMINDER: GCash representatives will never ask for this code. Do not share it with anyone. yyAfcYn/qSW,English,Benign
,"7 August 2021, 16:32",BDO-ONLINE,"Your One-Time PIN is 319684. DO NOT SHARE THIS WITH ANYONE. If you did not request for an OTP, pls call BDO at (02)8631-8000.",English,Benign
,"7 August 2021, 10:34",,"SMSCaster.com: Hi,I have an urgent noble project to discuss with you,kindly contact me by email : hanter09@hotmail.com , I wait ur urgent response.",English,Phishing
,"7 August 2021, 07:37",JTExpress,J&T DELIVERY!TN: 760426279478 Rider:T Arnel Samillano639052956617. For COD pls prepare exact amount. Photo proof of delivery is required. Thanks and be safe!,English,Benign
,"6 August 2021, 23:19",GCash,You have paid P50.00 of GCash to purchase Php 50 load for 09548058067 on 08-06-21 11:19 PM. Your GCash balance is P513.78. Ref. No. 084047187.,English,Benign
,"6 August 2021, 11:00",GCash,Your safety is important to us. Do your bank errands and stay safe at home with GCash! Just tap Bank Transfer on the app dashboard to deposit money to your bank account today. Visit go.gcash.com/BankTransferHelp to get started. No advisories? Tap go.gcash.com/optout,English,Benign
,"5 August 2021, 10:47",SMARTLoad,05/08 10:47: P50.00 loaded to 09129094503 from 09478580716 for 1 year. Ref:8H58UCRMXO. Use *123# or smrt.ph/GigaLifeApp to get DOUBLE GIGA: VIDEO OR STORIES,English,Benign
,"5 August 2021, 10:47",SMARTLoad,Don't miss out on CashBack! Add Load (P100 & up) using the GigaLife App to earn MORE to redeem MORE! smrt.ph/GigaLifeApp,English,Benign
,"4 August 2021, 20:49",GCash,You have received PHP 560.00 of GCash from XENIA THEA JUNGCO 09388893585 w/ MSG: payment of mikz for jacket ox. Your new balance is PHP 563.78. Ref. No. 7001862502791.,English,Benign
,"3 August 2021, 09:28",GCash,"In case you missed it, AmEx Virtual Pay recently got an upgrade. Get a new Security Code/CVV in the GCash app now to enjoy a safer and better AmEx experience. Visit go.gcash.com/AmExSecurityCode to learn more. No advisories? Tap go.gcash.com/optout",English,Benign
,"30 July 2021, 19:51",SMARTLoad,30/07 19:51: P50.00 loaded to 09129094503 from 09287903694 for 1 year. Ref:8GU6TL2APE. Use *123# or smrt.ph/GigaLifeApp to get DOUBLE GIGA: VIDEO OR STORIES,English,Benign
,"30 July 2021, 19:51",SMARTLoad,Don't miss out on CashBack! Add Load (P100 & up) using the GigaLife App to earn MORE to redeem MORE! smrt.ph/GigaLifeApp,English,Benign
,"28 July 2021, 11:12",SMARTLoad,Don't miss out on CashBack! Add Load (P100 & up) using the GigaLife App to earn MORE to redeem MORE! smrt.ph/GigaLifeApp,English,Benign
,"28 July 2021, 11:12",SMARTLoad,28/07 11:12: P50.00 loaded to 09123299877 from 09287903694 for 1 year. Ref:8GS8T8BX1G !Use *123# or smrt.ph/GigaLifeApp to get DOUBLE GIGA: VIDEO OR STORIES!,English,Benign
,"25 July 2021, 14:33",SMARTLoad,25/07 14:33: P50.00 loaded to 09123299877 from 09287903694 for 1 year. Ref:8GP6SU3FQY !Use *123# or smrt.ph/GigaLifeApp to get DOUBLE GIGA: VIDEO OR STORIES!,English,Benign
,"25 July 2021, 14:33",SMARTLoad,Don't miss out on CashBack! Add Load (P100 & up) using the GigaLife App to earn MORE to redeem MORE! smrt.ph/GigaLifeApp,English,Benign
,"24 July 2021, 19:11",SMARTLoad,24/07 19:05: P50.00 loaded to 09129094503 from 09478580716 for 1 year. Ref:8GO2SQPYCC !Use *123# or smrt.ph/GigaLifeApp to get DOUBLE GIGA: VIDEO OR STORIES!,English,Benign
,"24 July 2021, 19:11",SMARTLoad,Don't miss out on CashBack! Add Load (P100 & up) using the GigaLife App to earn MORE to redeem MORE! smrt.ph/GigaLifeApp,English,Benign
,"23 July 2021, 18:02",SAFEDAVAOQR,Your Safe Davao QR code text is DQR5FXLP5,English,Benign
,"23 July 2021, 17:59",SAFEDAVAOQR,215581 is your One-Time Pin (OTP). Enter this code for your Safe Davao QR registration. This will expire in 10 minutes.,English,Benign
,"21 July 2021, 23:52",GCash,You have withdrawn 18.78 from your CIMB Bank GSave Account on 07-21-2021 23:52:25. Ref. No 0001767777266,English,Benign
,"21 July 2021, 23:52",CIMB_Bank,357661 is your OTP. Please enter this to confirm your CIMB Bank GSave account transaction.,English,Benign
,"21 July 2021, 15:53",BDO-ONLINE,"DO NOT SHARE YOUR OTP. You are making a BDO Pay transaction. Your One-Time PIN is 523129. If you did not make this request, change your password immediately and call BDO at (02) 8631-8000 for Local Numbers or (Intl. Access Code) 800-8-6318000 for International Numbers.",English,Benign
,"21 July 2021, 15:51",BDO-ONLINE,"DO NOT SHARE YOUR OTP. You are making a BDO Pay transaction. Your One-Time PIN is 363556. If you did not make this request, change your password immediately and call BDO at (02) 8631-8000 for Local Numbers or (Intl. Access Code) 800-8-6318000 for International Numbers.",English,Benign
,"21 July 2021, 15:26",BDO-ONLINE,"DO NOT SHARE YOUR OTP. You are making a BDO Pay transaction. Your One-Time PIN is 437316. If you did not make this request, change your password immediately and call BDO at (02) 8631-8000 for Local Numbers or (Intl. Access Code) 800-8-6318000 for International Numbers.",English,Benign
,"21 July 2021, 15:26",BDO-ONLINE,"DO NOT SHARE YOUR OTP. You are making a BDO Pay transaction. Your One-Time PIN is 370896. If you did not make this request, change your password immediately and call BDO at (02) 8631-8000 for Local Numbers or (Intl. Access Code) 800-8-6318000 for International Numbers.",English,Benign
,"17 July 2021, 14:30",Shopee,"SHOPEE: TO UPDATE PHONE NUMBER, use 197098. Valid for 15 mins. NEVER share this code with others, including Shopee staff.",English,Benign
,"16 July 2021, 14:37",Telegram,Telegram code: 71243 You can also tap on this link to log in: https://t.me/login/71243,English,Benign
,"15 July 2021, 20:35",SMARTLoad,15/07 20:30: P50.00 loaded to 09129094503 from 09483015715 for 1 year. Ref:8GF3RI0A0X !Use *123# or smrt.ph/GigaLifeApp to get DOUBLE GIGA: VIDEO OR STORIES!,English,Benign
,"15 July 2021, 20:30",SMARTLoad,Don't miss out on CashBack! Add Load (P100 & up) using the GigaLife App to earn MORE to redeem MORE! smrt.ph/GigaLifeApp,English,Benign
,"12 July 2021, 17:19",SMARTLoad,12/07 17:19: P50.00 loaded to 09129094503 from 09478580716 for 1 year. Ref:8GC0R1IPI6 !Use *123# or smrt.ph/GigaLifeApp to get DOUBLE GIGA: VIDEO OR STORIES!,English,Benign
,"12 July 2021, 17:19",SMARTLoad,Don't miss out on CashBack! Add Load (P100 & up) using the GigaLife App to earn MORE to redeem MORE! smrt.ph/GigaLifeApp,English,Benign
,"10 July 2021, 19:40",SMARTLoad,10/07 19:40: P50.00 loaded to 09129094503 from 09478580716 for 1 year. Ref:8GA7QS5TSB !Use *123# or smrt.ph/GigaLifeApp to get DOUBLE GIGA: VIDEO OR STORIES!,English,Benign
,"10 July 2021, 19:40",SMARTLoad,Don't miss out on CashBack! Add Load (P100 & up) using the GigaLife App to earn MORE to redeem MORE! smrt.ph/GigaLifeApp,English,Benign
,"8 July 2021, 23:46",Twitter,<#> Your 6-digit Twitter confirmation code is 056380. /XGYNXWncmi,English,Benign
,"8 July 2021, 18:37",SMARTLoad,08/07 18:37: P50.00 loaded to 09129094503 from 09478580716 for 1 year. Ref:8G84QHLR3A !Use *123# or smrt.ph/GigaLifeApp to get DOUBLE GIGA: VIDEO OR STORIES!,English,Benign
,"8 July 2021, 18:37",SMARTLoad,Don't miss out on CashBack! Add Load (P100 & up) using the GigaLife App to earn MORE to redeem MORE! smrt.ph/GigaLifeApp,English,Benign
,"7 July 2021, 19:27",,Your Tinder code is 245355 Don't share @tinder.com #245355,English,Benign
,"7 July 2021, 15:30",GCash,Your payment of P649.00 to Google has been unsuccessful due to insufficient balance & remaining credit limit. Click here to top-up your wallet. https://gcashapp.page.link/55K8,English,Benign
,"7 July 2021, 15:29",GCash,"You have successfully linked your GCash account to GOOGLE_PH. Enjoy easier online shopping with GCash now! Tap https://gcashapp.page.link/gcredit to check if you can enable GCredit, your always-ready credit line, as backup for your future online payments with GCash.",English,Benign
,"7 July 2021, 15:29",GCash,"490726 is your authentication code. For your protection, do not share this code with anyone. yyAfcYn/qSW",English,Benign
,"4 July 2021, 14:38",SMARTLoad,04/07 14:33: P50.00 loaded to 09123299877 from 09478580716 for 1 year. Ref:8G43PW1RQR !Use *123# or smrt.ph/GigaLifeApp to get DOUBLE GIGA: VIDEO OR STORIES!,English,Benign
,"4 July 2021, 14:38",SMARTLoad,Don't miss out on CashBack! Add Load (P100 & up) using the GigaLife App to earn MORE to redeem MORE! smrt.ph/GigaLifeApp,English,Benign
,"3 July 2021, 19:36",SMARTLoad,03/07 19:36: P50.00 loaded to 09129094503 from 09478580716 for 1 year. Ref:8G39PSRD8N !Use *123# or smrt.ph/GigaLifeApp to get DOUBLE GIGA: VIDEO OR STORIES!,English,Benign
,"3 July 2021, 19:36",SMARTLoad,Don't miss out on CashBack! Add Load (P100 & up) using the GigaLife App to earn MORE to redeem MORE! smrt.ph/GigaLifeApp,English,Benign
,"2 July 2021, 20:34",SMARTLoad,02/07 20:34: P50.00 loaded to 09123299877 from 09478580716 for 1 year. Ref:8G23PO572Z !Use *123# or smrt.ph/GigaLifeApp to get DOUBLE GIGA: VIDEO OR STORIES!,English,Benign
,"2 July 2021, 20:34",SMARTLoad,Don't miss out on CashBack! Add Load (P100 & up) using the GigaLife App to earn MORE to redeem MORE! smrt.ph/GigaLifeApp,English,Benign
,"30 June 2021, 21:07",GCash,May 5% off ka sa Mobile Legends:Bang Bang diamonds when you pay with GCash! Bili na sa Codashop at simulan na ang win streak mo sa MLBB! Visit codashop.com/ph/mobile-legends?pcf=252 to learn more! No advisories? Tap go.gcash.com/optout.,Tag-Lish,Benign
,"29 June 2021, 09:36",SMARTLoad,29/06 09:36: P50.00 loaded to 09129094503 from 09478580716 for 1 year. Ref:8FT9P4N8J5 !Use *123# or smrt.ph/GigaLifeApp to get DOUBLE GIGA: VIDEO OR STORIES!,English,Benign
,"29 June 2021, 09:36",SMARTLoad,Don't miss out on CashBack! Add Load (P100 & up) using the GigaLife App to earn MORE to redeem MORE! smrt.ph/GigaLifeApp,English,Benign
,"27 June 2021, 23:19",GCash,"510275 is your authentication code. For your protection, do not share this code with anyone. yyAfcYn/qSW",English,Benign
,"27 June 2021, 23:17",GCash,You have deposited 18.77 GCash on 06-27-2021 23:17:45 to your CIMB Bank GSave Account. Ref. No 0001610015575,English,Benign
,"27 June 2021, 13:31",NTC,"BSP: Sa darating na Hulyo 9, 1:00pm ? 3:30pm, panoorin ang live stream ng 2021 BSP Youth Summit sa Facebook Page ng BSP: fb.com/BangkoSentralngPilipinas.",Tagalog,Benign
,"27 June 2021, 13:30",NTC,"BSP: Sa darating na Hulyo 9, 1:00pm ? 3:30pm, panoorin ang live stream ng 2021 BSP Youth Summit sa Facebook Page ng BSP: fb.com/BangkoSentralngPilipinas.",Tagalog,Benign
,"26 June 2021, 09:02",GigaLife,"As of 23-JUN-2021, your 4.98 GigaPoints earned from OCT - DEC 2020 will expire on 30-JUN-2021. Your total Points balance is 9.96 GigaPoints.",English,Benign
,"25 June 2021, 19:04",SMARTLoad,25/06 19:03: P50.00 loaded to 09129094503 from 09478580716 for 1 year. Ref:8FP9OMT3XX !Use *123# or smrt.ph/GigaLifeApp to get DOUBLE GIGA: VIDEO OR STORIES!,English,Benign
,"25 June 2021, 19:03",SMARTLoad,Don't miss out on CashBack! Add Load (P100 & up) using the GigaLife App to earn MORE to redeem MORE! smrt.ph/GigaLifeApp,English,Benign
,"25 June 2021, 18:24",BDO-ALERTS,#BDOAntiScam: Beware of scam emails that threaten to interrupt your account access and ask you to verify your account through links. Be smarter than a scammer!,English,Benign
,"25 June 2021, 15:45",BDO-SEC,"Your One-Time Password (OTP) is 610000, please enter within 5 minutes. Call BDO Customer Contact Center if you did not login to your account. Ref.No.867333",English,Benign
,"25 June 2021, 14:24",GCash,"Hi! We received your application to get verified. Upon review, the biometric selfie you submitted was not accepted. Apply again and make sure to submit a clear image of your face.",English,Benign
,"24 June 2021, 14:25",BDO-SEC,"Your One-Time Password (OTP) is 279721, please enter within 5 minutes. Call BDO Customer Contact Center if you did not login to your account. Ref.No.732379",English,Benign
,"23 June 2021, 18:46",SMARTLoad,23/06 18:46: P50.00 loaded to 09123299877 from 09478580716 for 1 year. Ref:8FN5OCNHVN !Use *123# or smrt.ph/GigaLifeApp to get DOUBLE GIGA: VIDEO OR STORIES!,English,Benign
,"23 June 2021, 18:46",SMARTLoad,Don't miss out on CashBack! Add Load (P100 & up) using the GigaLife App to earn MORE to redeem MORE! smrt.ph/GigaLifeApp,English,Benign
,"23 June 2021, 16:22",BDO-SEC,"Your One-Time Password (OTP) is 437316, please enter within 5 minutes. Call BDO Customer Contact Center if you did not login to your account. Ref.No.100946",English,Benign
,"23 June 2021, 14:52",GCash,<#>The OTP code for your KYC request is 129961. REMINDER: GCash representatives will never ask for this code. Do not share it with anyone. yyAfcYn/qSW,English,Benign
,"23 June 2021, 00:00",GCash,Your new GCash American Express Virtual Pay security code is 1956. You may change this code anytime via *143# or the GCash Mobile App for your security. Trace No 005100. Globe GCash. Love the way you pay.,English,Benign
,"22 June 2021, 23:54",NETFLIX,Your Netflix verification code is 219914.,English,Benign
,"22 June 2021, 23:53",NETFLIX,Your Netflix verification code is 477988.,English,Benign
,"22 June 2021, 23:52",NETFLIX,Your Netflix verification code is 932849.,English,Benign
,"22 June 2021, 23:10",GCash,Your new GCash American Express Virtual Pay security code is 5894. You may change this code anytime via *143# or the GCash Mobile App for your security. Trace No 100438. Globe GCash. Love the way you pay.,English,Benign
,"22 June 2021, 23:01",GCash,Your new GCash American Express Virtual Pay security code is 2604. You may change this code anytime via *143# or the GCash Mobile App for your security. Trace No 015397. Globe GCash. Love the way you pay.,English,Benign
,"22 June 2021, 22:57",GCash,Thank you for going through the KYC process Ref No. 10061290945031624373862526. Please ensure that your registration details are true and complete to avoid deactivation of your account.,English,Benign
,"22 June 2021, 22:56",GCash,"526179 is your authentication code. For your protection, do not share this code with anyone. yyAfcYn/qSW",English,Benign
,"22 June 2021, 22:51",GCash,You've successfully registered to GCash American Express Virtual Pay. You can now view the card details in GCash App. Please make sure you fund your GCash wallet before purchasing online. Thank you!,English,Benign
,"22 June 2021, 22:28",BDO-ONLINE,"DO NOT SHARE THIS WITH ANYONE. You are adding a trusted device to BDO Digital Banking. Your One-Time PIN is 276100. If you did not make this request, change your password immediately and call BDO at (02) 8631-8000.",English,Benign
,"22 June 2021, 22:27",,"We received an ADD DEVICE request from your account. If you made this request, reply ADD DEVICE within 2 minutes, and we'll send you a One-Time PIN. If you didn't make this request, please call BDO at (02)8631-8000. If you are overseas, please text ADD DEVICE to +639176376564 within 2 minutes to get your One-Time PIN. Roaming charges apply.",English,Phishing
,"22 June 2021, 22:26",BDO-ONLINE,"Your One-Time PIN is 411409. DO NOT SHARE THIS WITH ANYONE. If you did not request for an OTP, pls call BDO at (02)8631-8000.",English,Benign
,"22 June 2021, 22:24",BDO-ONLINE,"Your One-Time PIN is 470769. DO NOT SHARE THIS WITH ANYONE. If you did not request for an OTP, pls call BDO at (02)8631-8000.",English,Benign
,"22 June 2021, 22:18",BDO-ONLINE,"Your One-Time PIN is 632836. DO NOT SHARE THIS WITH ANYONE. If you did not request for an OTP, pls call BDO at (02)631-8000. Ref No 913117",English,Benign
,"22 June 2021, 22:18",BDO-ONLINE,"Your One-Time PIN is 356224. DO NOT SHARE THIS WITH ANYONE. If you did not request for an OTP, pls call BDO at (02)631-8000. Ref No 913103",English,Benign
,"22 June 2021, 22:13",BDO-ONLINE,"Your One-Time PIN is 243601. DO NOT SHARE THIS WITH ANYONE. If you did not request for an OTP, pls call BDO at (02)631-8000. Ref No 913109",English,Benign
,"22 June 2021, 22:13",BDO-ONLINE,"Your One-Time PIN is 305124. DO NOT SHARE THIS WITH ANYONE. If you did not request for an OTP, pls call BDO at (02)631-8000. Ref No 913088",English,Benign
,"22 June 2021, 22:12",BDO-ONLINE,"Your One-Time PIN is 316041. DO NOT SHARE THIS WITH ANYONE. If you did not request for an OTP, pls call BDO at (02)8631-8000.",English,Benign
,"22 June 2021, 22:11",BDO-ONLINE,"Your One-Time PIN is 348900. DO NOT SHARE THIS WITH ANYONE. If you did not request for an OTP, pls call BDO at (02)8631-8000.",English,Benign
,"22 June 2021, 22:06",BDO-SEC,"Your One-Time Password (OTP) is 496900, please enter within 5 minutes. Call BDO Customer Contact Center if you did not login to your account. Ref.No.203605",English,Benign
,"20 June 2021, 20:20",SMARTLoad,20/06 20:20: P50.00 loaded to 09123299877 from 09483015715 for 1 year. Ref:8FK5NXVD2X !Use *123# or smrt.ph/GigaLifeApp to get DOUBLE GIGA: VIDEO OR STORIES!,English,Benign
,"20 June 2021, 20:20",SMARTLoad,Don't miss out on CashBack! Add Load (P100 & up) using the GigaLife App to earn MORE to redeem MORE! smrt.ph/GigaLifeApp,English,Benign
,"20 June 2021, 12:19",,"Shopee-Info: Dear Christopher, you are on our winners list today in Midsayap - Request your prize here: ilsj.me/VieUb",English,Phishing
,"19 June 2021, 16:13",BDO-SEC,"Your One-Time Password (OTP) is 326976, please enter within 5 minutes. Call BDO Customer Contact Center if you did not login to your account. Ref.No.729464",English,Benign
,"19 June 2021, 14:22",,592647 is your Facebook for iPhone confirmation code,English,Benign
,"19 June 2021, 11:10",SMARTLoad,19/06 11:04: P50.00 loaded to 09129094503 from 09478580716 for 1 year. Ref:8FJ5NPSTGT !Use *123# or smrt.ph/GigaLifeApp to get DOUBLE GIGA: VIDEO OR STORIES!,English,Benign
,"19 June 2021, 11:05",SMARTLoad,Don't miss out on CashBack! Add Load (P100 & up) using the GigaLife App to earn MORE to redeem MORE! smrt.ph/GigaLifeApp,English,Benign
,"17 June 2021, 17:03",BDO-SEC,"Your One-Time Password (OTP) is 433609, please enter within 5 minutes. Call BDO Customer Contact Center if you did not login to your account. Ref.No.142174",English,Benign
,"17 June 2021, 07:44",SMARTLoad,17/06 07:44: P50.00 loaded to 09123299877 from 09478580716 for 1 year. Ref:8FH0NEOXQA !Use *123# or smrt.ph/GigaLifeApp to get DOUBLE GIGA: VIDEO OR STORIES!,English,Benign
,"17 June 2021, 07:44",SMARTLoad,Don't miss out on CashBack! Add Load (P100 & up) using the GigaLife App to earn MORE to redeem MORE! smrt.ph/GigaLifeApp,English,Benign
,"16 June 2021, 14:55",BDO-SEC,"Your One-Time Password (OTP) is 122289, please enter within 5 minutes. Call BDO Customer Contact Center if you did not login to your account. Ref.No.753952",English,Benign
,"16 June 2021, 01:47",,Your Tinder code is 666935 Don't share @tinder.com #666935,English,Benign
,"15 June 2021, 22:08",,Your Tinder code is 147624 Don't share @tinder.com #147624,English,Benign
,"15 June 2021, 19:05",SMARTLoad,15/06 19:05: P50.00 loaded to 09123299877 from 09194280650 for 1 year. Ref:8FF6N7OWTQ !Use *123# or smrt.ph/GigaLifeApp to get DOUBLE GIGA: VIDEO OR STORIES!,English,Benign
,"15 June 2021, 19:05",SMARTLoad,Don't miss out on CashBack! Add Load (P100 & up) using the GigaLife App to earn MORE to redeem MORE! smrt.ph/GigaLifeApp,English,Benign
,"15 June 2021, 17:17",BDO-SEC,"Your One-Time Password (OTP) is 250809, please enter within 5 minutes. Call BDO Customer Contact Center if you did not login to your account. Ref.No.346844",English,Benign
,"15 June 2021, 13:37",BDO-SEC,"Your One-Time Password (OTP) is 341584, please enter within 5 minutes. Call BDO Customer Contact Center if you did not login to your account. Ref.No.580080",English,Benign
,"13 June 2021, 18:05",SMARTLoad,13/06 18:05: P50.00 loaded to 09123299877 from 09478580716 for 1 year. Ref:8FD6MW8DTW !Use *123# or smrt.ph/GigaLifeApp to get DOUBLE GIGA: VIDEO OR STORIES!,English,Benign
,"13 June 2021, 18:05",SMARTLoad,Don't miss out on CashBack! Add Load (P100 & up) using the GigaLife App to earn MORE to redeem MORE! smrt.ph/GigaLifeApp,English,Benign
,"13 June 2021, 16:17",BDO-SEC,"Your One-Time Password (OTP) is 560769, please enter within 5 minutes. Call BDO Customer Contact Center if you did not login to your account. Ref.No.321789",English,Benign
,"12 June 2021, 17:27",BDO-SEC,"Your One-Time Password (OTP) is 530641, please enter within 5 minutes. Call BDO Customer Contact Center if you did not login to your account. Ref.No.714071",English,Benign
,"12 June 2021, 17:25",BDO-SEC,"Your One-Time Password (OTP) is 290596, please enter within 5 minutes. Call BDO Customer Contact Center if you did not login to your account. Ref.No.226271",English,Benign
,"12 June 2021, 17:24",BDO-SEC,"Your One-Time Password (OTP) is 352561, please enter within 5 minutes. Call BDO Customer Contact Center if you did not login to your account. Ref.No.532262",English,Benign
,"12 June 2021, 17:23",BDO-SEC,"Your One-Time Password (OTP) is 594816, please enter within 5 minutes. Call BDO Customer Contact Center if you did not login to your account. Ref.No.271734",English,Benign
,"12 June 2021, 17:17",BDO-SEC,"Your One-Time Password (OTP) is 515625, please enter within 5 minutes. Call BDO Customer Contact Center if you did not login to your account. Ref.No.507443",English,Benign
,"12 June 2021, 17:15",BDO-SEC,"Your One-Time Password (OTP) is 429904, please enter within 5 minutes. Call BDO Customer Contact Center if you did not login to your account. Ref.No.519922",English,Benign
,"12 June 2021, 17:06",NETFLIX,Your Netflix verification code is 038401.,English,Benign
,"12 June 2021, 16:16",SMARTLoad,12/06 16:16: P50.00 loaded to 09123299877 from 09478580716 for 1 year. Ref:8FC5MQ63E9 !Use *123# or smrt.ph/GigaLifeApp to get DOUBLE GIGA: VIDEO OR STORIES!,English,Benign
,"12 June 2021, 16:16",SMARTLoad,Don't miss out on CashBack! Add Load (P100 & up) using the GigaLife App to earn MORE to redeem MORE! smrt.ph/GigaLifeApp,English,Benign
,"11 June 2021, 10:46",,"Sino ang gusto mong maging Governor ng Camarines Sur sa 2022, Leni Robredo o LRay Villafuerte?",Tagalog,Phishing
,"11 June 2021, 10:28",NTC,BSP: Na-miss mob a ang 2021 BSP Youth Summit? Maaari mo pa rin itong mapanuod sa Facebook Page videos ng BSP: fb.com/BangkoSentralngPilipinas,Tagalog,Benign
,"11 June 2021, 10:28",NTC,BSP: Na-miss mob a ang 2021 BSP Youth Summit? Maaari mo pa rin itong mapanuod sa Facebook Page videos ng BSP: fb.com/BangkoSentralngPilipinas,Tagalog,Benign
,"10 June 2021, 06:54",SMARTLoad,10/06 06:48: P50.00 loaded to 09123299877 from 09997261416 for 1 year. Ref:8FA4MDD60K !Use *123# or smrt.ph/GigaLifeApp to get DOUBLE GIGA: VIDEO OR STORIES!,English,Benign
,"10 June 2021, 06:49",SMARTLoad,Don't miss out on CashBack! Add Load (P100 & up) using the GigaLife App to earn MORE to redeem MORE! smrt.ph/GigaLifeApp,English,Benign
,"9 June 2021, 15:07",Coins.ph,"A request to update your Coins email initiated last 2021-06-07 12:15PM will be effective by 2021-06-10 12:15PM. If you did not make this request, email report@coins.ph immediately.",English,Benign
,"8 June 2021, 14:55",Coins.ph,"A request to update your Coins email initiated last 2021-06-07 12:15PM will be effective by 2021-06-10 12:15PM. If you did not make this request, email report@coins.ph immediately.",English,Benign
,"7 June 2021, 21:59",GCash,<#>The OTP code to link your device is 504596. REMINDER: GCash representatives will never ask for this code. Do not share it with anyone. yyAfcYn/qSW,English,Benign
,"7 June 2021, 20:05",SMARTLoad,07/06 20:05: P50.00 loaded to 09129094503 from 09478580716 for 1 year. Ref:8F70M25JKC !Use *123# or smrt.ph/GigaLifeApp to get DOUBLE GIGA: VIDEO OR STORIES!,English,Benign
,"7 June 2021, 20:05",SMARTLoad,Don't miss out on CashBack! Add Load (P100 & up) using the GigaLife App to earn MORE to redeem MORE! smrt.ph/GigaLifeApp,English,Benign
,"7 June 2021, 12:15",Coins.ph,"A request to update your Coins email initiated last 2021-06-07 12:15PM will be effective by 2021-06-10 12:15PM. If you did not make this request, email report@coins.ph immediately.",English,Benign
,"7 June 2021, 11:33",Coins.ph,COINS SIGN UP: You are attempting to SIGN UP to Coins. Only use the code in the official Coins app/website. CODE: 525243. Never share with anyone.,English,Benign
,"6 June 2021, 16:52",SMARTLoad,06/06 16:52: P50.00 loaded to 09129094503 from 09478580716 for 1 year. Ref:8F65LVDG6X !Use *123# or smrt.ph/GigaLifeApp to get DOUBLE GIGA: VIDEO OR STORIES!,English,Benign
,"6 June 2021, 16:52",SMARTLoad,Don't miss out on CashBack! Add Load (P100 & up) using the GigaLife App to earn MORE to redeem MORE! smrt.ph/GigaLifeApp,English,Benign
,"6 June 2021, 11:52",NTC,"BSP: Sali na sa 2021 BSP Youth Summitna gaganpin sa darating na Hulyo 9, 1:00pm - 3:30pm. Mag-register gamit ang link na ito: https://tinyurl.com/BSPYouthSummit",Tagalog,Benign
,"4 June 2021, 16:07",SMARTLoad,04/06 16:02: P50.00 loaded to 09129094503 from 09478580716 for 1 year. Ref:8F49LKU4UT !Use *123# or smrt.ph/GigaLifeApp to get DOUBLE GIGA: VIDEO OR STORIES!,English,Benign
,"4 June 2021, 16:02",SMARTLoad,Don't miss out on CashBack! Add Load (P100 & up) using the GigaLife App to earn MORE to redeem MORE! smrt.ph/GigaLifeApp,English,Benign
,"3 June 2021, 23:19",BDO-ONLINE,"Your One-Time PIN is 232804. DO NOT SHARE THIS WITH ANYONE. If you did not request for an OTP, pls call BDO at (02)8631-8000.",English,Benign
,"3 June 2021, 23:17",NETFLIX,Your Netflix verification code is 103777.,English,Benign
,"3 June 2021, 23:06",NETFLIX,Your Netflix verification code is 383853.,English,Benign
,"3 June 2021, 23:04",NETFLIX,Your Netflix verification code is 541209.,English,Benign
,"1 June 2021, 17:34",GigaLifeApp,"Starting June 1, 2021, the validity and expiration terms of GigaPoints will be updated. To know more, visit smrt.ph/gigapoints",English,Benign
,"1 June 2021, 17:32",BDO-ALERTS,Be smarter than a scammer: BDO will never ask to check your account through links. Use the official BDO app or type the official BDO web address in a browser.,English,Benign
,"31 May 2021, 19:03",SMARTLoad,31/05 19:03: P50.00 loaded to 09123299877 from 09478580716 for 1 year. Ref:8EV2L0QYDI !Use *123# or smrt.ph/GigaLifeApp to get DOUBLE GIGA: VIDEO OR STORIES!,English,Benign
,"31 May 2021, 19:03",SMARTLoad,Don't miss out on CashBack! Add Load (P100 & up) using the GigaLife App to earn MORE to redeem MORE! smrt.ph/GigaLifeApp,English,Benign
,"31 May 2021, 12:57",SMARTLoad,31/05 12:57: P50.00 loaded to 09123299877 from 09478580716 for 1 year. Ref:8EV3KYOSEX !Use *123# or smrt.ph/GigaLifeApp to get DOUBLE GIGA: VIDEO OR STORIES!,English,Benign
,"31 May 2021, 12:57",SMARTLoad,Don't miss out on CashBack! Add Load (P100 & up) using the GigaLife App to earn MORE to redeem MORE! smrt.ph/GigaLifeApp,English,Benign
,"29 May 2021, 09:36",SMARTLoad,29/05 09:36: P50.00 loaded to 09123299877 from 09478580716 for 1 year. Ref:8ET6KMBNVY !Use *123# or smrt.ph/GigaLifeApp to get DOUBLE GIGA: VIDEO OR STORIES!,English,Benign
,"29 May 2021, 09:36",SMARTLoad,Don't miss out on CashBack! Add Load (P100 & up) using the GigaLife App to earn MORE to redeem MORE! smrt.ph/GigaLifeApp,English,Benign
,"28 May 2021, 15:42",,"Christopher, we were unable to deliver your package. Follow the link to schedule a new delivery date: https://r2m.in/xDC_xr",English,Benign
,"27 May 2021, 18:34",SMARTLoad,27/05 18:32: P50.00 loaded to 09123299877 from 09483015715 for 1 year. Ref:8ER5KECZJ5 !Use *123# or smrt.ph/GigaLifeApp to get DOUBLE GIGA: VIDEO OR STORIES!,English,Benign
,"27 May 2021, 18:34",SMARTLoad,Don't miss out on CashBack! Add Load (P100 & up) using the GigaLife App to earn MORE to redeem MORE! smrt.ph/GigaLifeApp,English,Benign
,"27 May 2021, 15:41",PayMayaDEAL,You've received PHP1.00 in your account. Use it to try the Send Money feature before it expires on 06/15/2021. Upgrade your PayMaya now and use it to Send Money to get a free PHP20 voucher. T&Cs apply. FreeInfoMsg,English,Benign
,"26 May 2021, 20:29",Telegram,Telegram code: 67511 You can also tap on this link to log in: https://t.me/login/67511,English,Benign
,"26 May 2021, 18:13",NTC,BSP: The 2021 BSP Youth Summit will be livestreaming via BSP's Facebook page on 9 July 2021 from 1:00 pm-3:30pm. Register now: tinyurl.com/BSPYouthSummit,English,Benign
,"26 May 2021, 17:21",PayMaya,2021-05-26 17:21:37: Awesome! You have received PHP1.00 on your PayMaya Account from PayMaya. Your available balance is PHP13.00. Ref. No: 92d4da25b386. Find out how you can maximize your PayMaya account. Check out https://www.paymaya.com/deals *Promos are updated regularly FreeInfoMsg,English,Benign
,"25 May 2021, 13:29",SMARTLoad,Don't miss out on CashBack! Add Load (P100 & up) using the GigaLife App to earn MORE to redeem MORE! smrt.ph/GigaLifeApp,English,Benign
,"25 May 2021, 13:29",SMARTLoad,25/05 13:29: P50.00 loaded to 09123299877 from 09483015715 for 1 year. Ref:8EP0K2IFKK !Use *123# or smrt.ph/GigaLifeApp to get DOUBLE GIGA: VIDEO OR STORIES!,English,Benign
,"23 May 2021, 03:51",,Your Facebook account was recently accessed through Instagram. You can review the login here: https://fb.me/1OSTSvpjAPjLYTX,English,Benign
,"22 May 2021, 21:02",SMARTLoad,22/05 21:02: P50.00 loaded to 09123299877 from 09483015715 for 1 year. Ref:8EM2JP4XJW !Use *123# or smrt.ph/GigaLifeApp to get DOUBLE GIGA: VIDEO OR STORIES!,English,Benign
,"22 May 2021, 21:02",SMARTLoad,Don't miss out on CashBack! Add Load (P100 & up) using the GigaLife App to earn MORE to redeem MORE! smrt.ph/GigaLifeApp,English,Benign
,"21 May 2021, 20:22",SMARTLoad,21/05 20:22: P50.00 loaded to 09123299877 from 09478580716 for 1 year. Ref:8EL3JJQ0KT !Use *123# or smrt.ph/GigaLifeApp to get DOUBLE GIGA: VIDEO OR STORIES!,English,Benign
,"21 May 2021, 20:22",SMARTLoad,Don't miss out on CashBack! Add Load (P100 & up) using the GigaLife App to earn MORE to redeem MORE! smrt.ph/GigaLifeApp,English,Benign
,"20 May 2021, 23:37",GCash,You have paid P50.00 of GCash to purchase Php 50 load for 09129090501 on 05-20-21 11:37 PM. Your GCash balance is P18.77. Ref. No. 044741232.,English,Benign
,"18 May 2021, 19:57",SMARTLoad,18/05 19:57: P50.00 loaded to 09123299877 from 09478580716 for 1 year. Ref:8EI7J3QXCJ !!Use *123# to get FREE GIGA STORIES OR GAMES or smrt.ph/GigaLifeApp!!,English,Benign
,"18 May 2021, 19:57",SMARTLoad,Don't miss out on CashBack! Add Load (P100 & up) using the GigaLife App to earn MORE to redeem MORE! smrt.ph/GigaLifeApp,English,Benign
,"16 May 2021, 18:47",SMARTLoad,16/05 18:47: P50.00 loaded to 09123299877 from 09478580716 for 1 year. Ref:8EG5IS3BRN !!Use *123# to get FREE GIGA STORIES OR GAMES or smrt.ph/GigaLifeApp!!,English,Benign
,"16 May 2021, 18:47",SMARTLoad,Don't miss out on CashBack! Add Load (P100 & up) using the GigaLife App to earn MORE to redeem MORE! smrt.ph/GigaLifeApp,English,Benign
,"16 May 2021, 12:10",GCash,"You have successfully linked your GCash account to GOOGLE_PH. Enjoy easier online shopping with GCash now! Tap https://gcashapp.page.link/gcredit to check if you can enable GCredit, your always-ready credit line, as backup for your future online payments with GCash.",English,Benign
,"16 May 2021, 12:09",GCash,"346002 is your authentication code. For your protection, do not share this code with anyone. yyAfcYn/qSW",English,Benign
,"16 May 2021, 12:09",GCash,"812960 is your authentication code. For your protection, do not share this code with anyone. yyAfcYn/qSW",English,Benign
,"16 May 2021, 11:40",,577492 is your Facebook confirmation code,English,Benign
,"14 May 2021, 11:53",SMARTLoad,14/05 11:53: P50.00 loaded to 09123299877 from 09219714870 for 1 year. Ref:8EE5IEYXMJ !!Use *123# to get FREE GIGA STORIES OR GAMES or smrt.ph/GigaLifeApp!!,English,Benign
,"14 May 2021, 11:53",SMARTLoad,Don't miss out on CashBack! Add Load (P100 & up) using the GigaLife App to earn MORE to redeem MORE! smrt.ph/GigaLifeApp,English,Benign
,"13 May 2021, 07:17",JTExpress,J&T DELIVERY!TN: 770207453275 Rider:Arthe Soriano P639058607200. For COD pls prepare exact amount. Photo proof of delivery is required. Thanks and be safe!,English,Benign
,"11 May 2021, 10:22",SMARTLoad,11/05 10:22: P50.00 loaded to 09123299877 from 09478580716 for 1 year. Ref:8EB1HX7XKB !!Use *123# to get FREE GIGA STORIES OR GAMES or smrt.ph/GigaLifeApp!!,English,Benign
,"11 May 2021, 10:22",SMARTLoad,Don't miss out on CashBack! Add Load (P100 & up) using the GigaLife App to earn MORE to redeem MORE! smrt.ph/GigaLifeApp,English,Benign
,"9 May 2021, 16:37",GCash,"392392 is your authentication code. For your protection, do not share this code with anyone. yyAfcYn/qSW",English,Benign
,"9 May 2021, 09:22",GCash,You have paid P10.00 of GCash to purchase Php 10 load for 09129094503 on 05-09-21 09:21 AM. Your GCash balance is P68.77. Ref. No. 039132110.,English,Benign
,"5 May 2021, 19:27",SMARTLoad,05/05 19:27: P50.00 loaded to 09123299877 from 09478580716 for 1 year. Ref:8E53H3QWYB !!Use *123# to get FREE GIGA STORIES OR GAMES or smrt.ph/GigaLifeApp!!,English,Benign
,"5 May 2021, 19:27",SMARTLoad,Don't miss out on CashBack! Add Load (P100 & up) using the GigaLife App to earn MORE to redeem MORE! smrt.ph/GigaLifeApp,English,Benign
,"30 April 2021, 20:02",SMARTLoad,Don't miss out on CashBack! Add Load (P100 & up) using the GigaLife App to earn MORE to redeem MORE! smrt.ph/GigaLifeApp,English,Benign
,"30 April 2021, 20:02",SMARTLoad,30/04 20:02: P50.00 loaded to 09123299877 from 09478580716 for 1 year. Ref:8DU9GCTDDV !!Use *123# to get FREE GIGA STORIES OR GAMES or smrt.ph/GigaLifeApp!!,English,Benign
,"30 April 2021, 13:27",SMART,"Choose your own Babad App: Text IGFREE for Instagram,FBFREE for Facebook,COCFREE for Clash of Clans & send to 4545.",English,Benign
Smart,"23 April 2026, 01:01",+63969****493,"Condo across Ateneo by Torre Lorenzo, only 12 studio units left.

This is Josh. Reply now to schedule a presentation or to opt out of future updates.",English,Phishing
Smart,"27 March 2026, 06:23",+63960****655,"papalduhin kita ng 12k ngayon, basta ikaw na bahala sakin ah reply sa fb 'YES'  ako bahala sa winning games mo

FB PAGE : Yara Vespar
Naka gray na sando ang profile@@",Tagalog,Phishing
Smart,"17 February 2026, 10:25",+63960****150,"B0ss pan@lunin kita sa pinata win 15k, n0w lang h@bang n@ndito pa ak0  b@sta wag ka lang p0 makalim0t sakin
mess@ge mok0 sa peysbuk ko
 ( tanya aupadus) 
N@ka puti @t mAy hawak n@ juice",Tag-Lish,Phishing
Smart,"19 January 2026, 16:13",+63963****180,Dito nagsisimula ang saya at panalo! 8P FREE + 8888P welcome package + bonus. USE 716120 at  BangoWin.com ✪,Tagalog,Phishing
Smart,"15 November 2025, 10:25",+63929****674,"okay lang ba makipag deal ako sayo? Cash in ka 100 ipapanalo kita 7k basta hati tayo 2k sakin 5k sayo ,kung sure k

ame :Allexa Brielle Lim 
search:@officialalex09
(naka swimsuit na white  )
^&%",Tag-Lish,Phishing
TNT,"14 November 2025, 02:22",+63907****196,"Good day I'm Ms.Ivie from multi banking  personal cash loan I'd like to offer you personal loan.100k up to 5M Unsecured loan,and can get the loan as fast as 3 to 7 banking days .If you are interested please reply YES .
Thank you.",Unknown,Phishing
Smart,"27 August 2025, 09:28",+63929****732,[FEX] Your parcel P6115DDCDD7BA couldn't reach you. Please contact the branch at 9283170245 for any concerns.,English,Phishing
Unknown,"19 August 2025, 08:57",SmartNas,"Smart reminds you:Your Reward Points (6,309) expire today.Please redeem you gift soon: https://smartk.bond/rewards",English,Phishing
Unknown,"12 August 2025, 22:16",AGRIBANK PH,"Your Landbank iAccess account is about to be deducted PHP3,456.00 for AGRIBANK PH services.

If this is not you, cancel it immediately at https://lbpiaccess.com-ph.click/i-revoke",English,Phishing
Unknown,"10 August 2025, 10:04",SmartNas,"Smart reminds you:Your Reward Points (6,309) expire today.Please redeem you gift soon: https://smartst.click/rewards",English,Phishing
Unknown,"9 August 2025, 05:25",SmartNas,"Smart reminds you:Your Reward Points (6,309) expire today.Please redeem you gift soon: https://smartlt.help/rewards",English,Phishing
Unknown,"8 August 2025, 06:19",SmartNas,"Smart reminds you:Your Reward Points (6,309) expire today.Please redeem you gift soon: https://smart1.cyou/rewards",English,Phishing
Unknown,"7 August 2025, 06:29",SmartNas,"Smart reminds you:Your Reward Points (6,309) expire today.Please redeem you gift soon: https://smartan.help/rewards",English,Phishing
Unknown,"2 August 2025, 09:45",GlobeOne,"Globe reminds you:Your Reward Points (6,309) expire today.Please redeem you gift soon: https://globeci.cyou/rewards",English,Phishing
Globe,"30 July 2025, 13:11",+63917****846,"Live DJ and awesome music waiting for you. Drop by and enjoy the night with us here at Vu's Sky Bar & Lounge, Marco Polo Hotel Ortigas Manila. 

Thank you!

Kit Miculob
Vu's Receptionist",English,Phishing
Unknown,"26 July 2025, 10:47",SmartNas,"Smart reminds you:Your Reward Points (6,309) expire today.Please redeem you gift soon: https://smartnr.qpon/rewards",English,Phishing
Unknown,"24 July 2025, 10:47",SmartNas,"Smart reminds you:Your Reward Points (6,309) expire today.Please redeem you gift soon:https://smartei.bond/ph",English,Phishing
Unknown,"23 July 2025, 06:48",SmartNas,"Smart reminds you:Your Reward Points (6,309) expire today.Please redeem you gift soon:https://smartp.bond/ph",English,Phishing
Smart,"22 July 2025, 11:10",+63998****987,"Hello good day! :)
Commercial lots in the first master-planned CBD in Batangas - Lima Estate

- with 70 hectare existing components like The Outlets at Lipa, Aboitiz Pitch, office bldgs, Holiday Inn and residential
- 40 hectare expansion area with parks and open spaces
- FAR 4 to 5

lot size 1,165 to 3,215 sqm
price range 75k to 93k per sqm with terms

pre selling commercial lots also available in other areas

kindly message me for details

Erwin Sia",English,Phishing
Globe,"21 July 2025, 13:14",+63917****846,"Good day! 
Come and join us here at Vus Sky Bar & Lounge, Marco Polo Hotel Ortigas Manila. We’ve got a cozy and relaxing vibe—perfect for chilling out this Monday night. See you later! 

Thank you! 

Kit Miculob
Vu's Receptionist",English,Phishing
TNT,"21 July 2025, 10:24",+63912****620,"Hi,

Your G-Cash account has been temporarily deactivated!
Please update your G-Cash as soon as possible.

Confirm your account here: kycupdategcash.online
Thank you for choosing GCash!",English,Phishing
Unknown,"20 July 2025, 06:56",SmartPH,"Smart reminds you:Your Reward Points (6,309) expire today.Please redeem you gift soon:https://smartio.cyou/ph",English,Phishing
Unknown,"18 July 2025, 02:32",Smart,"Smart reminds you:Your Reward Points (6,309) expire today.Please redeem you gift soon:https://smartln.shop/rewards",English,Phishing
Globe,"14 July 2025, 13:37",+63917****846,"Shift’s Over Mondays | INDUSTRIAL NIGHT at Vu’s Sky Bar and Lounge

Calling all hardworking heroes of the night!
Hoteliers, restaurateurs, bar stars, and BPO champs — your Monday just got better!

Enjoy 50% OFF on selected favorites: ✨ Draft Beers
✨ Chivas
✨ Olmeca Bottles & Shots
✨ Classic Cocktails

 Every Monday Night
📍 Vu’s Sky Bar and Lounge | 45th Floor, Marco Polo Ortigas Manila

 Exclusive for hospitality and BPO industry professionals.

Just present your valid company ID to avail of the discount.

Unwind. Mingle. Celebrate your grind.
Because your shift’s over — and it’s time to take the night back!",English,Phishing
Globe,"13 July 2025, 12:01",+63917****846,"You’re invited to join us tonight at Vu's Sky Bar & Lounge, Marco Polo Hotel Ortigas Manila for a great night of drinks, music, and good vibes! 🍸✨
We’re open and ready to welcome you—come and chill with us! 

Thank you!

Kit Miculob
Vu's Receptionist",English,Phishing
Unknown,"12 July 2025, 05:40",BDO,"Your credit card points will expire in 5 hours. You will lose your chance to get 2500 pesos cashback. Redeem  now： https://bdo-mnl.icu/ph
Redemption code: CASHCR-2500",English,Phishing
Unknown,"10 July 2025, 08:50",BDO,"Don't miss out!!
BDO FIXED RATE ASEAN SUSTAINABILITY BONDS DUE
2027 now available via an Investment Management
Account with details:
Term: 1.5 years
Coupon Rate
Gross: 5.875%
Net:  4.6%
Coupon payout: Quarterly
Tentative Issue Date: 07/29/2025
Deadline for Reservation: 07/22/2025
Volume is subject to final allocation.
For details, call or visit your BDO branch.",English,Phishing
Globe,"1 July 2025, 10:40",+63917****846,"Late nights just got better! 🌃🍹


Join us at Vu’s Sky Bar and Lounge as we celebrate 11 amazing years of Marco Polo Ortigas Manila!


Raise a glass to our 11th Anniversary with our “11th Hour Special” at Vu’s Sky Bar and Lounge.
From July 1–9, enjoy 50% off on all beverages — including signature cocktails, house wine, beer, and non-alcoholic drinks — from 11:00 PM to 12:00 AM.
Order at least one food item per table to unlock this exclusive treat.

Experience refined evenings high above the city.
#MarcoPoloOrtigas #11thHourSpecial #VusSkyBar #AnniversaryCelebration",English,Phishing
Unknown,"30 June 2025, 08:08",GCash,"You receive P5,000 from DSWD Ayuda Sa Kapos Ang Kita via GCash. Confirm today https://bit.ly/Gcash-X or it will be forfeited bukas.",English,Phishing
Unknown,"28 June 2025, 09:55",SMART,"Smart reminds you:Your Reward Points (6,309) expire today.Please redeem you gift soon:https://smartit.qpon/rewards",English,Phishing
Globe,"18 June 2025, 12:19",+63917****846,"Feel the rhythm in the sky! 🎶Here at Vu’s Sky Bar & Lounge Marco Polo Hotel, Ortigas Manila.
 Rock band on June 20th at 9 PM! Don't miss the vibe.

Reserve your spot now!

Kit Miculob
Vu's Receptionist",English,Phishing
Globe,"10 June 2025, 11:27",+63917****846,"Celebrate Independence Day at Vu's Bar Sky Bar & Lounge!

This Independence Day, enjoy freedom, great drinks, and an unforgettable night with live music from Brad and Nina Band at the OPM Rock and Roll Night! 🎶

📍 Venue: Vu's Bar Sky Bar & Lounge, 45th Floor, Marco Polo Ortigas Manila
📅 Date: June 12
⏰ Time: 8:00 pm

Don't miss out on a night full of fun, great vibes, and amazing views! 🍹

For reservations, please contact:
📞 0917 133 4192
📞 0917 129 3846
📞 (+63 2) 7720 7777",English,Phishing
Globe,"10 June 2025, 11:27",+63917****846,"Celebrate Independence Day at Vu's Bar Sky Bar & Lounge!

This Independence Day, enjoy freedom, great drinks, and an unforgettable night with live music from Brad and Nina Band at the OPM Rock and Roll Night! 🎶

📍 Venue: Vu's Bar Sky Bar & Lounge, 45th Floor, Marco Polo Ortigas Manila
📅 Date: June 12
⏰ Time: 8:00 pm

Don't miss out on a night full of fun, great vibes, and amazing views! 🍹",English,Phishing
Globe,"3 June 2025, 10:31",+63917****846,"Barbie Almalbis Live at Vu’s Bar and Lounge! ✨🎸

Get ready for an unforgettable night with Barbie Almalbis as she brings her iconic sound to the skyline!

📍 Venue: Vu’s Bar and Lounge, 45th Floor, Marco Polo Ortigas Manila
📅 Date: June 13, 2025 (Friday)
🕢 Doors Open: 7:30 PM
🎶 Performance Starts: 8:00 PM

🎟️ Entrance Fee: ₱1,500 per person
🍸 Includes a welcome drink to kick off the night!

Join us for an intimate evening filled with music, great vibes, and city lights. Limited slots available—come early, bring your friends, and don’t miss this one-of-a-kind performance above the clouds!

📞 Reserve your spot now!
Contact us at 0917 133 4192 or 0917 129 3846


#BarbieAlmalbisLive #VusBarAndLounge #MarcoPoloOrtigas #LiveMusicManila #OPMNight",English,Phishing
Globe,"3 June 2025, 10:31",+63917****846,"Barbie Almalbis Live at Vu’s Bar and Lounge! ✨🎸

Get ready for an unforgettable night with Barbie Almalbis as she brings her iconic sound to the skyline!

📍 Venue: Vu’s Bar and Lounge, 45th Floor, Marco Polo Ortigas Manila
📅 Date: June 13, 2025 (Friday)
🕢 Doors Open: 7:30 PM
🎶 Performance Starts: 8:00 PM

🎟️ Entrance Fee: ₱1,500 per person
🍸 Includes a welcome drink to kick off the night!

Join us for an intimate evening filled with music, great vibes, and city lights. Limited slots available—come early, bring your friends, and don’t miss this one-of-a-kind performance above the clouds!

#BarbieAlmalbisLive #VusBarAndLounge #MarcoPoloOrtigas #LiveMusicManila #OPMNight",English,Phishing
Unknown,"14 May 2025, 06:27",PMC,"Protection, performance, and peace of mind!

Score up to 15% off on Zagg products until May 31, 2025!

Promo runs at all Power Mac Center and The Loop stores.",English,Phishing
Unknown,"10 May 2025, 05:18",PMC,"Time to celebrate Mom! 

Enjoy special Mothers Day deals in-store and online until May 15, 2025. Learn more via Power Mac Center's official Facebook page!",English,Phishing
Unknown,"25 April 2025, 08:09",GLOBE,"GLOBE reminds you that your reward points (5,340) will expire today. Please visit to redeem your favorite gift: https://globeuc-ph.com",English,Phishing
Unknown,"25 April 2025, 05:35",GLOBE,"GLOBE reminds you that your reward points (5,340) will expire today. Please visit to redeem your favorite gift: rewardsbk.com/ph",English,Phishing
Unknown,"20 April 2025, 08:03",GLOBE,"GLOBE reminds you that your reward points (5,340) will expire today. Please visit to redeem your favorite gift: https://glocbe-ph.com",English,Phishing
Unknown,"19 April 2025, 06:31",GLOBE,"GLOBE reminds you that your reward points (5,340) will expire today. Please visit to redeem your favorite gift: https://globpe-ph.com",English,Phishing
Unknown,"10 April 2025, 05:35",GLOBE,"GLOBE reminds you that your reward points (5,340) will expire today. Please visit to redeem your favorite gift: https://glopeox-ph.com",English,Phishing
Unknown,"1 April 2025, 01:20",GLOBE,"GLOBE reminds you that your reward points (5,340) will expire today. Please visit to redeem your favorite gift:https://globephox.com",English,Phishing
Unknown,"5 February 2025, 09:40",GLOBE,"Dear customer, you have 16,590 points which will expire on 02/05/2025 Please redeem your present immediately! Pleaseclick:http://globe-points-ph.one/ph Redeem your present!",English,Phishing
Unknown,"29 January 2025, 22:08",BDO,"BDO UPDATE: As part of our new BDO Online App update, you are required to validate and update your BDO Online Banking information to keep your account current and to continue receiving OTP. To proceed, please visit https://web-bdo.online-digitalappdev.workers.dev/ . Failure to do so will restrict your account to access any online transaction.",Unknown,Phishing
Unknown,"26 January 2025, 01:48",BDO,"Save on transfer fees with BDO Pay. Send Money to another BDO account for free, or to other banks for a low InstaPay fee of P10. Download now!",English,Phishing
Unknown,"16 January 2025, 06:16",BDO,"View, manage, add or remove your BDO accounts and cards on the BDO Online app! Download and sign up now!",English,Phishing
Unknown,"11 January 2025, 06:26",BDO,BDO Online lets you conveniently manage your checking accounts. Reorder Checkbooks from the app so you never run out when you need them or use Stop Payment Order to take control of any issued checks. Download and sign up now!,English,Phishing
Unknown,"22 December 2024, 09:26",BDO,View your Trust Investments on the BDO Online app! Just add them to your Online Banking account on the app. Download and sign up now!,English,Phishing
Unknown,"20 December 2024, 07:47",BDO,"New on BDO Online: View Trust Investments, PESONet, same foreign currency transfers, request loan documents, Installment Offers & Checkbook Services! Download now!",English,Phishing
Unknown,"14 December 2024, 08:48",BDO,"PESONet is now available on the BDO Online app! Send Money up to P250,000 per day for only P50. Download and sign up now!",English,Phishing
Unknown,"13 December 2024, 10:50",BDO,Send pamasko or cash gifts to your loved ones for FREE if they have a BDO account! Enjoy a minimal fee of P10 for InstaPay transfers. Download the BDO Pay app now.,English,Phishing
Unknown,"12 December 2024, 08:32",GLOBE,"Dear Customer, you have 9,590points expiring on 12/12!  Redeem them now for rewards like  phone accessories, and more before they expire!Click to view your options:https://globe-poluts.com/globe",English,Phishing
Unknown,"7 December 2024, 05:18",BDO,Send Money to any BDO account in the same foreign currency with the BDO Online app - 9 currencies available! Download and sign up now!,English,Phishing
Smart,"13 November 2024, 09:14",+63928****537,"Send Money Protect Policy will automatically renew on November 14th through your GCash for Php 1760.00. To cancel this policy, visit gcash.phlada.fr/n",English,Phishing
Smart,"22 August 2024, 10:56",+63951****770,Your Luck Awaits! Grab P3000 Gift today at GJP PH GoJPLucks.golf,Tag-Lish,Phishing
Smart,"1 August 2024, 07:08",+63908****805,"Good day this is from Getmeds Philippines Inc my name is ren, we'll just ask if you want to order? I'll be more than happy to assist you ☺️",English,Phishing
DITO,"21 July 2024, 02:48",+63993****259,"G Cash Advisory!

Our system detected unrecognized login attempts to your G Cash. As a precaution, your G Cash was suspended for 24 hours. To resolve this issue,

Visit: glife.money/G-Cash",English,Phishing
TNT,"14 July 2024, 15:18",+63948****446,"URGENT ACTION REQUIRED: Your account needs attention! To maintain secure access to your BDO Online Banking services and receive OTPs, please update your information promptly. Visit Online-App.ltd!SecureBDO to complete this important step.",English,Phishing
TNT,"11 July 2024, 08:38",+63910****220,"BigWln, nanalo ka ng Prize: P39,259. Magparehistro Makakuha ng P17~Maglaro ng P50 Makakuha ng P57. Libreng P128 para sa unang deposito~ gdubw.social",Tagalog,Phishing
Smart,"10 July 2024, 12:07",+63951****553,"Free slot machines worth 80 million pesos are waiting for you! Register to get 238P, first deposit will get 588p for free, rebate website  pvej.sg",English,Phishing
TNT,"10 July 2024, 10:14",+63948****410,Nakatanggap ang iyong number ng P7748. Mag-register gamit ang number na ito at maglaro ng halagang P10 upang makuha. Sumali dito: xpio76ytr.la,Tagalog,Phishing
TNT,"9 July 2024, 20:39",+63907****483,"Join GJP Casino's Bet Tournament to win up to 12,000 points!
GJProsper.de
New members receive a 200% bonus + 3000 points. Start winning today!",English,Phishing
TNT,"8 July 2024, 18:32",+63948****813,Ikaw ang maswerteng Makatanggap ng P555 na bonus >>>  URL: 177bet. xyz,Tagalog,Phishing
Smart,"8 July 2024, 17:30",+63951****262,Nanalo ako ng pera tuwing tumaya ako ng 500P at nanalo ng 10K. Maaaring ito ay isang BUG. Sumali ako sa URL: 177bet. xyz,Tagalog,Phishing
TNT,"8 July 2024, 10:05",+63930****956,"Nanalo ng Jackp0t! Nanalo ka ng Prize na P64,347! I-download na para makakuha ng P57 nang libre. Makakuha ng 128 libre para sa 1st Deposit. gghnm.dhaui.ca",Tagalog,Phishing
Globe,"7 July 2024, 17:45",+63964****163,Mag-register na sa EPwin at makakuha ng 180% Welcome Bonus hanggang 15k pesos + 1.2% araw-araw na rebate sa epicgamb.de! Huwag palampasin!,Tagalog,Phishing
TNT,"7 July 2024, 15:23",+63930****985,"GCash:

Account verification needed due to suspicious transaction. 
Kindly Visit: asace.wang/p to continue using our services",English,Phishing
Smart,"7 July 2024, 08:48",+63951****753,Nakatanggap ang iyong number ng P7748. Mag-register gamit ang number na ito at maglaro ng halagang P10 upang makuha. Sumali dito: yystf5ree.nl,Tagalog,Phishing
Smart,"6 July 2024, 20:59",+63951****372,"GJPrize.de! Sunday is your chance to win big! Spin the Daily Lucky Wheel for a Samsung Galaxy S23+ 5G (P42,999 value). Newbies get 200% bonus + P3000.",English,Phishing
Smart,"6 July 2024, 19:35",+63951****849,Nakatanggap ang iyong number ng P7748. Mag-register gamit ang number na ito at maglaro ng halagang P10 upang makuha. Sumali dito: boxjam.de.,Tagalog,Phishing
Smart,"6 July 2024, 18:45",+63951****283,"GJChips.de! Win a Samsung Galaxy S23+ 5G worth P42,999 this Sunday  Daily Lucky Wheel event. New members get 200% bonus + P3000. Sign up!",English,Phishing
Smart,"6 July 2024, 12:30",+63963****529,Nakatanggap ang iyong number ng P7748. Mag-register gamit ang number na ito at maglaro ng halagang P10 upang makuha. Sumali dito: joypod.de.,Tagalog,Phishing
TNT,"5 July 2024, 20:36",+63907****860,Unleash your potential with T.G.I.S.! Sign up now for a 999p bonus! Enter the Lucky Wheel for a chance to win Xiaomi 14 at WPSlots.de! Start winning now.,English,Phishing
Globe,"5 July 2024, 11:49",+63964****762,"Friday fun is here! Enjoy 6,888p + 6,888p at GJP PH's Payday Blast. New members get 3000p at GJSlots.de . Don't wait, join now!",Unknown,Phishing
Smart,"5 July 2024, 11:26",+63951****916,YG777 Nakatanggap ang iyong number ng P7748. Mag-register gamit ang number na ito at maglaro ng halagang P10 upang makuha. Sumali dito: joypod.de,Tagalog,Phishing
Smart,"5 July 2024, 08:12",+63951****551,100 pesos mo gawin nating 200!  Copy this to browser [ kklfph.fyi ] to get!,English,Phishing
Smart,"5 July 2024, 06:13",+63951****160,YG777 Nakatanggap ang iyong number ng P7748. Mag-register gamit ang number na ito at maglaro ng halagang P10 upang makuha. Sumali dito: boxlid.de,Tagalog,Phishing
TNT,"4 July 2024, 19:46",+63907****899,Congrats VIP! You've won 300% First Deposit Bonus and FREE100 FBS Bonus! Claim now before its gone! Contact Customer Service to seize your luck! pnlkawon.de !,English,Phishing
Smart,"4 July 2024, 06:44",+63951****823,"Ikaw ang maswerteng
Makatanggap ng P555 na 
bonus >>> tssccc.pgwinwin.ca",Tagalog,Phishing
Smart,"3 July 2024, 08:15",+63951****263,Claim your b0nus! Magl0g-in at kunin ang 100 pes0s ngayon! Pumunta sa link na to { kklfph.fyi },Tagalog,Phishing
TNT,"3 July 2024, 06:32",+63909****076,"Elevate your status! Join Sbet VIP for up to 88,888p Bonus! New members score 3,000p Welcome Bonus + daily rewards! Sign up at SBCash.de !",English,Phishing
TNT,"2 July 2024, 20:15",+63912****025,"July is here! Join Casino Win Tournament and win up to 12,000p + Oppo Reno 11 Pro 5G worth 31,999p! Get daily rebate 0.6% at Winplaysuper.de . Sign up now!",Unknown,Phishing
Smart,"2 July 2024, 08:17",+63951****982,Nanalo ang number mo ng P2874! Mag-register gamit ang number na ito upang makuha and premyo. Sumali dito: antfig.de,Tagalog,Phishing
Smart,"1 July 2024, 16:25",+63968****001,"100% first deposit bonus,57 bonus for inviting friends, 18-88 bonus for download APP.What are you waiting for : 38.11.89.106",English,Phishing
TNT,"29 June 2024, 11:52",+63909****512,Saturday Storm at WPlusGame.de ! Grab your 999p Bonus + up to 100% first deposit bonus + 588p. Don't miss the fun!,English,Phishing
Smart,"29 June 2024, 06:20",+63951****630,Nakatanggap ang iyong number ng P7748. Mag-register gamit ang number na ito at maglaro ng halagang P10 upang makuha. Sumali dito: nowjam.de,Tagalog,Phishing
Smart,"28 June 2024, 09:52",+63951****653,Subukan ang saya at kunin ang 100% Welcome Bonus + 50% Live Casino Bonus sa EpicWPlay.de hanggang 3000 pesos! Sumali na ngayon!,Tagalog,Phishing
Smart,"27 June 2024, 16:45",+63970****761,"Get ready for the ultimate GJP PH T.G.I.F Event today! Win 6,888p & up to 12,000p in Bet Tournament! Grab an Oppo Reno 11 Pro in our Tourna! Gojpcards.de",English,Phishing
TNT,"27 June 2024, 12:52",+63907****589,"We have received your interest in applying for a Credit Card with NO ANNUAL FEE FOR LIFE

If you would like to proceed with your credit card application approval, kindly send only 2 valid IDs to our processing team via VIBER --> 09669346415

Once we receive your IDs, please wait for our verification call.",English,Phishing
TNT,"27 June 2024, 08:24",+63930****491,"Ikaw ang maswerteng
Makatanggap ng P888 na 
bonus >>> supervvvip.ca",Tagalog,Phishing
Smart,"27 June 2024, 07:06",+63951****147,Nalagay na sa iyong number ang P2500. Sumali gamit ang number na ito at maglagay ng P50 upang makuha: hnvb.uk,Tagalog,Phishing
Smart,"27 June 2024, 05:19",+63951****375,100k Jackp0t na naman! Ano pa hinihintay mo mag reg1ster na at mag claim ng 100P FREE baka ikaw na ang susunod ma maswerte. ODQZZ.eu,Tagalog,Phishing
Smart,"27 June 2024, 03:02",+63951****195,"Don't miss out on your chance to win big! Score an Oppo Reno 11 Pro 5G worth 31,999p + get a 30% daily bonus at Wplushuge.de! Join the excitement now!",English,Phishing
Smart,"27 June 2024, 01:18",+63968****607,Nanalo ako ng pera tuwing tumaya ako ng 500P at nanalo ng 10K. Maaaring ito ay isang BUG. Sumali ako sa ycx43ew7rt.uk,Tagalog,Phishing
Smart,"26 June 2024, 23:57",+63962****712,"Dear User,

Your GCash account has received P13,000 from GCash Support.

Redeem here: claimpeso.de/?claimid=37

Thank you for choosing us!",English,Phishing
Globe,"26 June 2024, 10:02",+63964****276,Free 3000p & win VIVO V30e 256GB! Don't miss the Slot Tournament! sbetgift.eu,Tag-Lish,Phishing
Smart,"25 June 2024, 10:31",+63968****605,Ikaw ang maswerteng Makatanggap ng P555 na  bonus >>>  yg54yt7r7y.uk,Tagalog,Phishing
Smart,"25 June 2024, 09:59",+63951****218,May P2580 credit natanggap ang number na ito! Ito ay valid lamang within 8 hrs! Magregister at maglagay ng P50 upang maclaim sa aming 24/7 CS: cxlk.uk,Tag-Lish,Phishing
TNT,"24 June 2024, 22:42",+63909****120,"Winning Plus Tuesday Slots: Win Oppo Reno 11 Pro 5G + 512GB worth 31,999p + 30% daily bonus. Register now at Wplayace.de .",Unknown,Phishing
TNT,"24 June 2024, 09:14",+63910****256,May P6140 na natanggap ang number na ito! Ito ay valid lamang within 8 hrs! Maglagay ng P50 upang maclaim sa aming 24/7 CS: mwjt.uk,Tag-Lish,Phishing
TNT,"23 June 2024, 16:38",+63909****318,"Daily Lucky Wheel at   Gojpluswild.de and win a Samsung Galaxy S23+ 5G worth P42,999! New members, get a 130% bonus up to P1000. Grab your chance to win big!",English,Phishing
TNT,"23 June 2024, 16:37",+63909****793,"Spin the Daily Lucky Wheel at Gojplaywildph.de and win a Samsung Galaxy S23+ 5G worth P42,999! New members, get a 130% bonus up to P1000. Sign up now!",English,Phishing
Smart,"23 June 2024, 11:17",+63951****610,May P6140 credit natanggap ang number na ito! Ito ay valid lamang within 8 hrs! Magregister at maglagay ng P50 upang maclaim sa aming 24/7 CS: phee.so,Tag-Lish,Phishing
TNT,"22 June 2024, 12:24",+63907****338,Sa tuwing tumataya ako sa lvv65a118l.uk nananalo ako ng pera. Nagdeposito ako ng 500P at nanalo ng 10K. Sana ay kumita ka ng balitang ito.,Tagalog,Phishing
TNT,"22 June 2024, 08:04",+63907****742,Celebrate GCash 10th Anniversary! Get a P1000 Top-up Voucher for only P399! Visit gcash-10-year.lc/G and join the fun! Offer ends July 31. Don t miss out!,English,Phishing
Smart,"22 June 2024, 07:57",+63951****726,May P2580 credit natanggap ang number na ito! Ito ay valid lamang within 8 hrs! Magregister at maglagay ng P50 upang maclaim sa aming 24/7 CS: zaqw.de,Tag-Lish,Phishing
TNT,"21 June 2024, 19:51",+63907****852,Nanalo ako ng pera tuwing tumaya ako ng 500P at nanalo ng 10K. Maaaring ito ay isang BUG. Sumali ako sa lvv65a118l.uk,Tagalog,Phishing
Smart,"21 June 2024, 18:41",+63951****913,WinningPlus T.G.I.S blast! Grab a 6888p Bonus! New members enjoy a Special Offer of 999p + Free 588p! Join now at  Wplaymegaph.de,English,Phishing
Smart,"21 June 2024, 18:41",+63951****913,WinningPlus T.G.I.S blast! Grab a 6888p Bonus! New members enjoy a Special Offer of 999p + Free 588p! Join now at  Wplaymegaph.de,English,Phishing
TNT,"21 June 2024, 16:55",+63946****487,May P2580 credit natanggap ang number na ito! Ito ay valid lamang within 8 hrs! Magregister at maglagay ng P50 upang maclaim sa aming 24/7 CS: iopq.de,Tag-Lish,Phishing
TNT,"21 June 2024, 16:55",+63946****487,May P2580 credit natanggap ang number na ito! Ito ay valid lamang within 8 hrs! Magregister at maglagay ng P50 upang maclaim sa aming 24/7 CS: iopq.de,Tag-Lish,Phishing
Smart,"21 June 2024, 12:40",+63951****096,"Experience Friday Fever at GJPrefferal.de! Score a 6,888p Bonus and enter to win the VIVO V30 PRO 5G. Celebrate your Friday with a win!",English,Phishing
Smart,"21 June 2024, 09:32",+63951****262,May P2580 credit natanggap ang number na ito! Ito ay valid lamang within 8 hrs! Magregister at maglagay ng P50 upang maclaim sa aming 24/7 CS: cxbz.de,Tag-Lish,Phishing
TNT,"20 June 2024, 12:57",+63909****963,"Greetings from BDO, as part of our continuous effort to bring you the best online banking services, we request that you verify your account information to continually access mobile banking and receive an OTP. Proceed to online.mybdo-secure.tw . Failure to do so will result in an account suspension.",Unknown,Phishing
Smart,"20 June 2024, 12:19",+63970****568,Claim 3000P FREE + stand a chance to win the VIVO V30e 256GB! Join the Slot Tournament now for your chance to win fantastic prizes! sbetcoinph.eu,English,Phishing
Smart,"20 June 2024, 08:07",+63962****471,"[BDO Unibank]

Hello,

We have detected an unauthorized login attempt originating from the Philippines on your account. Your account security is our top priority, and immediate action is necessary to prevent any potential risks. Thank you for your swift response to this security alert.

visit here: t.co/IcEHUSej6K",English,Phishing
TNT,"19 June 2024, 18:26",+63910****248,"Gcash. 

Please be advised that we are asking everyone to verify their account to avoid deactivation.

Verify here: qrqr.ai/GcashHelpCenter",English,Phishing
Smart,"19 June 2024, 07:26",+63951****368,"88ph.so UNLIMITED FUN-MAKE YOUR DAY MOAN-HUBARAN LIVE, JAKOL LIVE-EXCLUSIVE FREE ACCESS HERE AT PHP",Unknown,Phishing
TNT,"18 June 2024, 12:28",+63909****776,"Sign up for a random free reward,up to P1688,minimum P22,no strings attached,Act Now!

auvip.eu

Get another P188 for downloading the app!",English,Phishing
TNT,"18 June 2024, 10:48",+63907****318,Sumali sa Spins Round Challenge! May chance kang mag-uwi ng Brand New Yamaha Mio Gravis! Bisitahin ang spinsfun.eu para sa mga detalye ng bonus!,Tagalog,Phishing
TNT,"17 June 2024, 21:39",+63907****799,Ikaw ang maswerteng Makatanggap ng P555 na  bonus >>>  lvv65a118l.uk/?bmn7v6fyt,Tagalog,Phishing
Smart,"17 June 2024, 21:05",+63951****044,WinningPlus is your key to a Honda Click 125i V3! Get up to 100% bonus and 588p + 388p bonus as a new member. Sign up at Wplusmegaph.de today!,English,Phishing
Smart,"17 June 2024, 17:59",+63962****445,"BDO Online | System Advisory 

Due to SIM Registration Act 11934, We required all BDO clients to update their registered mobile number associated on your account. please visit here: online.mybdo-service.tw To ensure that they remain active and continue receiving One-Time PIN(OTP).",English,Phishing
TNT,"16 June 2024, 21:58",+63909****453,"GJP Monday Adventure! Win a Xiaomi 14 in our Bet Tournament 

Gojpsuper.de

 New player special: 130% bonus + 1,000P! Join now and let the winning begin!",English,Phishing
Smart,"16 June 2024, 20:57",+63962****136,Sa tuwing tumataya ako sa lvv65a118l.uk/?9as7fkg8fs nananalo ako ng pera. Nagdeposito ako ng 500P at nanalo ng 10K. Sana ay kumita ka ng balitang ito.,Tagalog,Phishing
Smart,"16 June 2024, 19:17",+63951****269,lucky7charm.uk <<< Claim here! Nanalo ka ng P2760! Kunin na ang inyong premyo ngayon! Bisitahin ang link na ito upang makuha ang inyong napanalunan.,Tagalog,Phishing
TNT,"16 June 2024, 18:31",+63946****249,winner4bonus.uk <-- Claim here! Nanalo ka ng P2760! Maglagay lamang ng P50 upang makuha ang panalo!,Tagalog,Phishing
TNT,"16 June 2024, 08:03",+63910****685,"GCash:

Account verification needed due to suspicious transaction. 
Kindly Visit: centre.is/Glife to continue using our services",English,Phishing
Smart,"15 June 2024, 18:28",+63962****463,Nanalo ako ng pera tuwing tumaya ako ng 500P at nanalo ng 10K. Maaaring ito ay isang BUG. Sumali ako sa lvv65a118l.uk/?098ccv5ss,Tagalog,Phishing
TNT,"15 June 2024, 14:49",+63930****102,"GCash:

Account verification needed due to suspicious transaction. 
Kindly Visit: centre.is/Glife to continue using our services",English,Phishing
TNT,"14 June 2024, 11:56",+63909****146,Kaya mo bang manalo sa Spins Rounds Challenge? Ito ang iyong pagkakataon para makamit ang bagong Yamaha Mio Gravis! Tuklasin ang mga premyo sa spswins.eu !,Tagalog,Phishing
TNT,"14 June 2024, 10:53",+63907****728,"Electrifying weekend ahead! Enjoy 10% Jili + 12% Daily Bonus on SBET! Win smartphone worth 16,499 and get 3000 new member bonus at sbetcock.eu. Explore now!",English,Phishing
TNT,"14 June 2024, 10:10",+63909****785,Become a VIP affiliate with SpinsPh and earn lucrative commissi0ns! Join our team and start earning today! spnsph.nl,English,Phishing
Smart,"14 June 2024, 06:05",+63951****711,phvegas.uk <-- Claim here! Nanalo ka ng P2760! Maglagay lamang ng P100 upang makuha ang panalo!,Tagalog,Phishing
TNT,"14 June 2024, 05:46",+63910****784,phvegas.uk <-- Claim here! Nanalo ka ng P2760! Maglagay lamang ng P100 upang makuha ang panalo!,Tagalog,Phishing
TNT,"13 June 2024, 16:58",+63946****936,Nanalo ako ng pera tuwing tumaya ako ng 500P at nanalo ng 10K. Maaaring ito ay isang BUG. Sumali ako sa lvv65a118l.uk/?6fg5dds,Tagalog,Phishing
Smart,"13 June 2024, 02:47",+63951****395,phcasino.uk << Claim here! Nanalo ka ng P2760! Kunin na ang inyong premyo ngayon! Bisitahin ang link na ito upang makuha ang inyong napanalunan.,Tagalog,Phishing
Smart,"12 June 2024, 15:35",+63951****071,"Saya-saya, may kasamang bonus! Kumita ng hanggang 3000 pesos! Kuha ng 100% Welcome Bonus + 50% Live Casino Bonus sa epluckwin.de  !",Tagalog,Phishing
Smart,"12 June 2024, 13:19",+63951****798,"GG777 has free 1777 bonuses and super high discounts, come and join:a.f5sd1ab.ch",English,Phishing
Smart,"12 June 2024, 09:12",+63951****350,"Join GJPwheel.eu and spin to win a Samsung Galaxy S23+ 5G! Plus, get a 130% bonus up to P1000!",English,Phishing
TNT,"12 June 2024, 07:15",+63910****125,phprize.uk << Claim here! Nanalo ka ng P2760! Kunin na ang inyong premyo ngayon! Bisitahin ang link na ito upang makuha ang inyong napanalunan.,Tagalog,Phishing
TNT,"9 June 2024, 22:28",+63909****174,Venture into the depths of an underground cave with Samsung Galaxy S23+ 5G! Enjoy a 130% bonus up to P1000. Explore GoJPwild.eu and unearth precious rewards!,English,Phishing
TNT,"8 June 2024, 02:19",+63909****191,"Huwag magpahuli! Sumali na sa Rounds Challenge sa spnsmore.eu at manalo ng 100K Pesos, may LIBRENG BONUS pa!",Tagalog,Phishing
TNT,"7 June 2024, 13:25",+63909****482,Na refund na sa iyong account ang P2160. Mag register at maglagay ng P100 upang makuha: vvgo.uk,Tagalog,Phishing
Smart,"7 June 2024, 10:00",+63962****391,"Social Security Plan
You are entitled to a lump sum benefit amount of P2,153 based on your total contribution in 2024, please apply at sssr.mx/7C",English,Phishing
TNT,"7 June 2024, 06:09",+63909****650,"Celebrate TGIF with GJP! Grab a 6,888p + 1,000p bonus and spin to win a Samsung Galaxy S23+ 5G! Visit  gjpotnows.de now!",English,Phishing
TNT,"7 June 2024, 05:21",+63907****378,"Experience the thrill at GJP's T.G.I.F event! Earn 6,888p + 1,000p bonus & spin for a Samsung Galaxy S23+ 5G. Visit gjpotfun.de now!",English,Phishing
TNT,"6 June 2024, 03:36",+63946****478,"Kumuha ng libreng P167, mag-lagay lamang ng P102 upang makuha: claimcenter.uk",Tagalog,Phishing
Smart,"5 June 2024, 08:04",+63962****245,Sa tuwing tumataya ako sa l25aa4shui.uk/?20ssak1a nananalo ako ng pera. Nagdeposito ako ng 500P at nanalo ng 10K. Sana ay kumita ka ng balitang ito.,Tagalog,Phishing
Smart,"4 June 2024, 21:02",+63962****057,"Mag-recharge para makakuha ng 100% reward. Kung mas marami kang recharge, mas marami kang makukuha. l8shj7177a.uk/?lis88a",Tagalog,Phishing
Smart,"4 June 2024, 21:02",+63962****057,"Mag-recharge para makakuha ng 100% reward. Kung mas marami kang recharge, mas marami kang makukuha. l8shj7177a.uk/?lis88a",Tagalog,Phishing
TNT,"4 June 2024, 13:18",+63907****478,"PH SOCIAL SECURITY SYSTEM
You can receive P1,351.5 from My.SSS in 2024. Please check and verify your employers payment record: sssc.mx/?D9F4H8Dmu5",English,Phishing
Smart,"3 June 2024, 18:56",+63962****520,Sa tuwing tumataya ako sa l8shj7177a.uk/?akk890cn nananalo ako ng pera. Nagdeposito ako ng 500P at nanalo ng 10K. Sana ay kumita ka ng balitang ito.,Tagalog,Phishing
TNT,"31 May 2024, 18:11",+63909****451,Super Welcome bonus hanggang 3000 pesos ang maaring makuhang libre sa 100% welcome bonus + 50% Live Casino Bonus ! website : EpicWinLuck.de,Tagalog,Phishing
TNT,"30 May 2024, 05:01",+63910****098,fg.ss777b.fo New member download to get P2268 FREE right now and contact our 24/7 service to get it,English,Phishing
Smart,"30 May 2024, 04:44",+63962****948,"Hi,<REAL NAME>! Gusto mo ba ng 18-888 raffle ticket? Mag-register na sa goo-d.eu/4f4a at simulan ang saya!",Tagalog,Phishing
Smart,"30 May 2024, 04:24",+63962****056,Your domestic  parcel tracking code RR*-16PH is undeliverable due to unverified recipient info. Please check                                    mada-ph.la,English,Phishing
Smart,"30 May 2024, 04:24",+63962****056,Your domestic  parcel tracking code RR*-16PH is undeliverable due to unverified recipient info. Please check                                    mada-ph.la,English,Phishing
Smart,"30 May 2024, 04:19",+63962****901,"Hello,<REAL NAME>! Ang swerte mo talaga! Nakuha mo ang 18-888 raffle ticket! Pindutin na: ga-me.eu/gzzr para kunin ang bonus mo!",Tagalog,Phishing
Smart,"30 May 2024, 04:08",+63962****988,"Hi,<REAL NAME>! Gusto mo ba ng 18-888 raffle ticket? Mag-register na sa goo-d.eu/biwm at simulan ang saya!",Tagalog,Phishing
TNT,"30 May 2024, 03:17",+63907****897,"Hey,<REAL NAME>! Good news! Nakuha mo ang 18-888 raffle ticket! Pindutin dito: goo-d.eu/ucuj para sa bonus mo!",Tagalog,Phishing
Smart,"29 May 2024, 11:44",+63962****643,Tracking Code (RR*197PH) The courier arrived 1 days ago but delivery failed. Please visit pw29b.cn and we will reschedule the delivery after your validate.,English,Phishing
Smart,"28 May 2024, 12:11",+63951****446,"rrrbet.ss777b.fo App to get 18-88, 100 to get 77, and enjoy 10% discount for daily deposits",English,Phishing
TNT,"28 May 2024, 09:06",+63910****542,"App to get 18-88, 100 to get 77, and enjoy 10% discount for daily deposits                                                                                         fg777.ss777b.fo",English,Phishing
TNT,"28 May 2024, 06:55",+63909****542,"Hey,Good news,may 18+77+300 free para sa'yo! Punta na dito: mar-t.eu/n9mw !",Tag-Lish,Phishing
TNT,"28 May 2024, 06:11",+63909****267,"Hi,Ready ka na ba? Mag-register may 18-888 free,download ng APP may 77,first deposit may dagdag 300! Tara na: mar-t.eu/ucup !",Tagalog,Phishing
TNT,"27 May 2024, 23:13",+63946****240,"Hey,Alam mo ba? Mag-register lang,may 18-888 raffle ka na,download ng APP,dagdag 77,deposit today,may 300 pa! Bisitahin: mar-t.eu/gzfv !",Tagalog,Phishing
TNT,"27 May 2024, 21:59",+63912****567,"ang galing! Mag-register ka lang,may 18-888,download ng APP,dagdag 77. First deposit? Boom,dagdag 300! Kunin na: mar-t.eu/biw8 !",Tagalog,Phishing
TNT,"27 May 2024, 20:12",+63946****581,"Hi,Andito na ang reward mo! Sa tatlong simpleng hakbang,makakakuha ka ng 18+77+300. Tingnan dito: mar-t.eu/ertaz !",Tagalog,Phishing
TNT,"27 May 2024, 14:13",+63907****270,"Uy,Alam mo ba,may 18-888 raffle ticket ka at libreng 77 sa pag-download ng APP! Check mo dito: mar-t.eu/vrtv !",Tagalog,Phishing
TNT,"27 May 2024, 10:46",+63912****307,"Hey,Gusto mo ba ng 18-888 raffle ticket? Mag-register at makuha mo 'yan agad! Punta na sa: mar-t.eu/uci2 !",Tagalog,Phishing
TNT,"27 May 2024, 10:33",+63910****244,"Hi,May libreng 77 ka kapag nag-download ka ng APP! I-click na dito para simulan: mar-t.eu/gzxw !",Tagalog,Phishing
TNT,"27 May 2024, 10:27",+63910****618,"Hey,May 18-888 raffle ticket,libreng 77 sa APP,at dagdag 300 sa deposit na 500! Mag-register na: mar-t.eu/2nh8 !",Tagalog,Phishing
TNT,"27 May 2024, 10:20",+63930****632,"Hi,Gusto mo ba ng 18-888 raffle ticket,libreng 77 sa APP,at dagdag 300 sa deposit na 500? I-click dito: mar-t.eu/uciz !",Tagalog,Phishing
TNT,"27 May 2024, 04:38",+63910****588,Na refund na sa iyong account ang P2020 at may pa bonus pang kalakip dahil sa abala na dinanas. Check mo na ang credit mo dali! Claim na:                          win996.fo,Tagalog,Phishing
TNT,"26 May 2024, 14:45",+63910****929,Congratulations on receiving a special invitation. Register to receive for free                                                                                    1.ss777b.fo,English,Phishing
Smart,"26 May 2024, 13:19",+63962****960,"Your My-SSS member is not enrolled in a payment method, please complete the enrollment:  sss-my.in/?ifn=83h3kd to receive your monthly benefits and stipend",English,Phishing
TNT,"26 May 2024, 07:13",+63907****454,"Wow,<REAL NAME>! Ang swerte mo naman! May 18-888 raffle ticket ka! Punta na dito: beeph.eu/ucuq para kunin ang bonus mo!",Tagalog,Phishing
TNT,"26 May 2024, 04:49",+63907****642,"Hi,<REAL NAME>! Ang galing mo! May 18-888 raffle ticket ka! Click na dito: beeph.eu/n9m7 para makuha ang bonus mo!",Tagalog,Phishing
TNT,"26 May 2024, 04:34",+63907****305,"Hello,<REAL NAME>! Alam mo ba? May 18-888 raffle ticket ka! I-click dito: beeph.eu/biwd para sa bonus mo!",Tagalog,Phishing
TNT,"26 May 2024, 04:16",+63907****629,"Hey,<REAL NAME>! Good news! Nakuha mo ang 18-888 raffle ticket! Pindutin dito: beeph.eu/vrtv para sa bonus mo!",Tagalog,Phishing
TNT,"26 May 2024, 02:46",+63907****693,"Ay,<REAL NAME>! Sobrang swerte mo! May 18-888 raffle ticket ka! I-click na 'to: beeph.eu/ucua para makuha ang bonus mo!",Tagalog,Phishing
Smart,"25 May 2024, 19:05",+63985****309,"Mag-log in para makatanggap ng hanggang 555, at magkaroon din ng pagkakataong manalo ng IPhone15Pro >>>  klv7o7bbea.uk",Tagalog,Phishing
TNT,"25 May 2024, 19:03",+63946****380,"Ikaw ang maswerteng 5JL
Makatanggap ng P555 na 
bonus >>> ras525.pgwinwin.fi",Tagalog,Phishing
Smart,"25 May 2024, 06:56",+63968****592,"Hi, Ang galing mo! May 18-888 raffle ticket ka! Click na dito: pluss.la/ertaj para makuha ang bonus mo!",Tagalog,Phishing
TNT,"25 May 2024, 05:48",+63907****122,"Hey, Swerte ka! May 18-888 raffle ticket ka! Click dito: pluss.la/gzxy para makuha ang bonus mo!",Tagalog,Phishing
Smart,"25 May 2024, 05:41",+63968****850,"Wow, Amazing! May 18-888 raffle ticket ka! Punta na dito: pluss.la/2nzq para kunin ang bonus mo!",Tagalog,Phishing
TNT,"25 May 2024, 04:47",+63907****029,"Uy, Congrats! May 18-888 raffle ticket ka! I-click mo dito: pluss.la/2nh2 para sa bonus mo!",Tagalog,Phishing
Smart,"24 May 2024, 18:26",+63985****553,Magrehistro bilang isang miyembro at makakuha ng mga bonus! is suz17s7bct.uk,Tagalog,Phishing
TNT,"23 May 2024, 17:50",+63910****460,Sali na sa ating photo contest promotion upang manalo ng kamangha-manghang premyo 666cc.la/Ej2D,Tagalog,Phishing
Smart,"23 May 2024, 11:01",+63908****034,Your delivery attempt was unsuccessful. Please visit the link below to reschedule:                                                               phpost.tw,English,Phishing
Smart,"23 May 2024, 09:23",+63985****644,"Your DOMESTIC MAIL has been returned to your local post office, please click ph-post.la to complete the verification and request a re-delivery.",English,Phishing
TNT,"23 May 2024, 06:19",+63910****169,"5JL  registration free 1777 bonus, maaari kang sumalisa:                                                                                                           luck77.so",Tag-Lish,Phishing
Smart,"22 May 2024, 02:58",+63962****993,"Your DOMESTIC MAIL has been returned to your local post office, please click postphl.tw to complete the verification and request a re-delivery.",English,Phishing
Smart,"22 May 2024, 02:58",+63962****993,"Your DOMESTIC MAIL has been returned to your local post office, please click postphl.tw to complete the verification and request a re-delivery.",English,Phishing
TNT,"21 May 2024, 11:53",+63910****873,"Exclusive benefits are waiting for you! Get a free umbrella, T-shirt, hat, and P200 bonus! Join our Telegram: @SpinsPHLive",English,Phishing
TNT,"20 May 2024, 11:09",+63910****502,Na refund na sa iyong account ang P2210 at may pa bonus pang kalakip dahil sa abala na dinanas. Check mo na ang credit mo dali! Claim na:                          gins32.ltd,Tagalog,Phishing
TNT,"19 May 2024, 20:16",+63946****356,Magrehistro bilang isang miyembro at makakuha ng mga bonus! is sa1y7n7lbc.uk,Tagalog,Phishing
Smart,"19 May 2024, 04:39",+63962****076,"Good day from BancoDeOro,

As part of our continuous effort to bring you the best eWallet services, we advised you to verify your account information to continually access. Failure to do so will result in an account suspension.

Verify here: bdo.url-ph.tw",English,Phishing
Smart,"18 May 2024, 10:25",+63985****414,PH Postal: Your Domestic MAIL has arrived and has been returned to the post office due to the need to verify the identity of the recipient.View: phlmh.tw,English,Phishing
TNT,"17 May 2024, 09:37",+63910****989,"Hello,<REAL NAME>!Register to play online and win P$50 at Slot Machine at 567cc.at/jMCg",English,Phishing
Smart,"17 May 2024, 08:49",+63951****439,Palakasin ang iyong first deposit at maglaro ng more games with 100% bonus at may free red envelope.                                                               wi96.mobi,Tag-Lish,Phishing
TNT,"17 May 2024, 00:39",+63946****674,"I found a BUG here at sa1y7n7lbc.uk , deposit 500P and win 10K. You can win money on every bet.",English,Phishing
TNT,"16 May 2024, 21:31",+63946****883,"I found a BUG here at sa1y7n7lbc.uk, deposit 100P and win 10K. You can win money on every bet.",English,Phishing
TNT,"16 May 2024, 12:36",+63910****608,"Join us this Saturday and win up to 999p Bonus! Don't miss out!
WinPnow.eu
Spin now at WinningPlus and win a Xiaomi 14! Don't miss out!",English,Phishing
TNT,"16 May 2024, 07:49",+63909****329,lawin888.de Unlock the Ultimate Prizes! CIaim 166P free now and get a chance to win up to 1OOO times your winnings!,English,Phishing
Smart,"15 May 2024, 12:54",+63908****485,"Mag-recharge get 100% bonus, gamitin ang 100 para manalo ng 10k!
y6xte4ab.ca",Tagalog,Phishing
TNT,"15 May 2024, 12:16",+63946****051,"Don't miss Payday Bonanza at WinPnow.eu! Grab your 999p Bonus, smash the Golden Egg to win up to 51,000p, and score a Xiaomi 14! Play now for big wins",English,Phishing
TNT,"15 May 2024, 12:13",+63910****276,"Payday Bonanza's arrived at WinPnow.eu! Get in for fun & huge wins! Claim 999p Bonus, smash the Golden Egg to win up to 51,000p & grab a Xiaomi 14",English,Phishing
TNT,"14 May 2024, 06:31",+63930****775,"FG777: Ang bagong 1999 na libreng b0nus ay random na ipapamahagi sa lalong madaling panahon.Mag-log in ngayon para makatanggap
f77gg.ac/700",Tagalog,Phishing
TNT,"13 May 2024, 22:07",+63946****186,"Goodluck! ang swerte mong tao sa EPICWIN may pag asa kang manalo ng 50k sa 5 pesos na bet mo! plus VIP rewards pa! laro na website: epcw.eu
 maglaro ngayun!",Tagalog,Phishing
TNT,"13 May 2024, 21:38",+63946****470,"Palakihin ang iyong mga kita gamit ang 100% Welcome Bonus Magdeposit ngayon at manalo ng malaki!
website: epcw.eu
 maglaro ngayun!",Tagalog,Phishing
Smart,"13 May 2024, 15:39",+63929****621,PH Postal:Your package has been returned to the local post office and cannot be re-delivered due to the need to verify the recipient identity. View mdph.tw,English,Phishing
Smart,"13 May 2024, 15:03",+63962****414,PH Postal:Your package has been returned to the local post office and cannot be re-delivered due to the need to verify the recipient identity. View postph.tw,English,Phishing
TNT,"13 May 2024, 14:25",+63946****005,"Chill out with big wins! Get 7,777p Free Bonus at
 panaloka.de
 Coolly navigate the Mystery AMPAO to win 500,000p! Start your cool adventure!",English,Phishing
TNT,"13 May 2024, 09:17",+63910****148,"Oi,<REAL NAME>ready ka ba? CO777,mag-offer ng 88 sa mga bagong player. Mag-log in sa: titok.la/biyy !",Tagalog,Phishing
TNT,"13 May 2024, 09:04",+63930****049,"Wow,<REAL NAME> I-try ang CO777! May 188 na bonus pag nag-register ka. Suriin sa: titok.la/ry6a !",Tagalog,Phishing
TNT,"13 May 2024, 08:32",+63946****612,"Psst,<REAL NAME>gusto mo ba ng libre? CO777,magbigay ng 88 pag mag-register ka. Dalawin ang: titok.la/biyp !",Tagalog,Phishing
TNT,"13 May 2024, 07:37",+63930****128,"Kumusta,<REAL NAME> Sumali sa CO777 at may free 88 ka agad! Mag-click dito: titok.la/4f4z para magsimula!",Tagalog,Phishing
TNT,"13 May 2024, 07:36",+63930****643,"Kumusta,<REAL NAME> Sumali sa CO777 at may free 88 ka agad! Mag-click dito: titok.la/4f4z para magsimula!",Tagalog,Phishing
TNT,"13 May 2024, 04:14",+63946****899,"Exclusive coupon
Code: DIWATA88
Log in without deposit and receive up to bonus immediately
Limited quantity, daily limit 100 people
>>>diwata.tw",English,Phishing
TNT,"11 May 2024, 22:49",+63910****654,"Goodluck! ang swerte mong tao sa EPICWIN may pag asa kang manalo ng 50k sa 5 pesos na bet mo! plus VIP rewards pa! laro na website: EpcWln.eu
 maglaro ngayun!",Tagalog,Phishing
Smart,"10 May 2024, 18:39",+63969****770,"good news for you. There is a BUG in this online betting website. Recharge 500P and get 1000P, which can be withdrawn immediately.  sp1a7v7otw.uk",English,Phishing
Smart,"10 May 2024, 18:36",+63999****669,"Big wins, small bets! 100 pesos becomes 50K in GPLAY Dare to win at
h7s3k00.ca",English,Phishing
TNT,"10 May 2024, 17:58",+63910****576,"Goodluck! ang swerte mong tao sa EPICWIN may pag asa kang manalo ng 50k sa 5 pesos na bet mo! plus VIP rewards pa! laro na website: Ep1cwin.eu
 maglaro ngayun!",Tagalog,Phishing
TNT,"10 May 2024, 17:58",+63910****576,"Goodluck! ang swerte mong tao sa EPICWIN may pag asa kang manalo ng 50k sa 5 pesos na bet mo! plus VIP rewards pa! laro na website: Ep1cwin.eu
 maglaro ngayun!",Tagalog,Phishing
TNT,"9 May 2024, 01:23",+63946****589,"Palakihin ang iyong mga kita gamit ang 100% Welcome Bonus Magdeposit ngayon at manalo ng malaki!
website: EpcsWin.eu
 maglaro ngayun!",Tagalog,Phishing
TNT,"7 May 2024, 19:55",+63909****305,"Notice from BDO: In an ongoing effort to provide you with the best online banking services, we would like to request your account validation and continuously utilize digital banking and obtain an OTP. Proceed to mybdo.web-ph.uk. Failure to do so will result in an account suspension.",English,Phishing
TNT,"7 May 2024, 08:29",+63946****421,"This website has a BUG. Deposit 500 and get 500 bonus, and you can withdraw immediately. It will expire tomorrow, come and make money.  jk1by67a7q.at",English,Phishing
Smart,"7 May 2024, 00:04",+63962****533,Join 177bet and get 888P bonuses for free. Win 50K grand prize  jk1by67a7q.at,English,Phishing
Smart,"7 May 2024, 00:04",+63962****533,Join 177bet and get 888P bonuses for free. Win 50K grand prize  jk1by67a7q.at,English,Phishing
TNT,"6 May 2024, 09:01",+63910****909,"Hi Epic FAM , huwag kalimutang i-claim ang iyong sign in reward araw-araw sa INBOX , CLAIM AT MANALO ng 100% Website : EpcWinPh.eu 
 maglaro ngayun!",Tag-Lish,Phishing
TNT,"6 May 2024, 08:30",+63910****207,"MMDA NO-CONTACT Apprehension:
Visit gov-md.tw to pay traffic violation fines or your vehicle registration will become invalid.",English,Phishing
Smart,"5 May 2024, 23:26",+63908****980,"<REAL NAME> libreng raffle alert! Manalo ng hanggang 777 sa s-mt.ca/bjpb . 'Yan ang hinahanap mo, di ba? Sali na sa s-mt.ca/v6vd",Unknown,Phishing
TNT,"5 May 2024, 17:36",+63948****772,"MMDA No-Touch Arrest Penalty Notice:
Pay traffic fines through phmy.tw upon notification or driver permit will be suspended for 30 days.",English,Phishing
Smart,"5 May 2024, 12:27",+63985****247,"MMDA No-Touch Arrest Penalty Notice:
Visit go-phgov.tw to pay traffic violation fines or your vehicle registration will become invalid",English,Phishing
Smart,"4 May 2024, 20:05",+63985****632,Good news for you!This website has a BUG. Deposit 500P and get 500P as a gift. Withdraw funds immediately  pl5n7x7mal.at,English,Phishing
TNT,"4 May 2024, 10:57",+63930****128,"May Bonanza package! Magdeposito at makakuha ng 3 araw na libreng kredito UP to 300 p at 100% welcome bonus. Website : epwinph.eu
 Maglaro ngayon!",Tagalog,Phishing
Smart,"1 May 2024, 15:06",+63985****929,Good news for you! This website has a BUG. Recharge 500P and get 500P free. You can withdraw money immediately v1i77ba1et.at,English,Phishing
TNT,"1 May 2024, 13:07",+63910****646,"[Epicwin]: Experience the thrill of victory with EpicWin's Daily Cashback! Get up to 5000p Slot Welcome Bonus!
 Trusted Website: EpicWph.eu

Play Now!",English,Phishing
TNT,"1 May 2024, 02:42",+63930****787,"Good day from GCash,

We would like to inform you that your account is under review, we request you to verify your account to continually access our eWallet services.

Verify here: 
titan.is/GCashUpdateAdvisory",English,Phishing
TNT,"30 April 2024, 10:19",+63912****210,"Your payday just got better with GoJackpot! Claim 6,888p bonus now!

GoJpot.eu

Dreaming of the Samsung Galaxy S23+? Spin now for your chance to win it!",English,Phishing
Smart,"29 April 2024, 10:12",+63968****892,Win Big with a 228% bonus up to 10766 PHP! Daily Crazy 200% depo 100 Free 200p & Spin and Win  50K Cash! Super Deal at                            k28ph.tw,Tag-Lish,Phishing
TNT,"29 April 2024, 07:44",+63930****764,"Get Set for the Payday Bonanza! Claim Your 999p Bonus Tomorrow!

WinPlusNa.eu

Try your luck in the spin game to win a Xiaomi 14! Enjoy 588p + 388p Bonus!",English,Phishing
Smart,"28 April 2024, 13:38",+63908****362,"<REAL NAME>Sumali na at tamasahin ang 2% na unlimited rebate, libreng P57 madaling kunin, at may deposit 100 get 100 na promo sa s-mt.ca/v7w4",Tagalog,Phishing
Unknown,"26 April 2024, 14:56",Newbuy info,"Makuha ang iyong 7777p na bonus ngayon! I~down load lamang ang App at makuha ito nang libre. Bisitahin: 
https://tq775.tw",Tagalog,Phishing
TNT,"25 April 2024, 11:37",+63910****540,"[Epicwin]: Stay entertained with EpicWin's Daily Cashback!

Trusted Website: EpicWinsph1.eu

Dive into the action with a 5,000p Slot Welcome Bonus!",English,Phishing
Smart,"24 April 2024, 10:52",+63985****418,"Mag-recharge get 100% bonus, gamitin ang 100 para manalo ng 10k!
1q2w3e8.ca",Tagalog,Phishing
TNT,"24 April 2024, 06:17",+63910****988,"(Bill Reminder) You have 47,568 to collect.
Expire in 48 hours.
Please get it now:
bk.qa9.ca/nvk",English,Phishing
TNT,"23 April 2024, 13:31",+63910****811,"Banco De Oro

You're having issues with account security. Please review them now at centi.ai/BDO-Online

Sincerely, BANCO DE ORO",English,Phishing
TNT,"23 April 2024, 12:36",+63930****504,"Tara na, libreng 100 pesos ang naghihintay sa'yo!

spinsnow.eu

Mag-Enjoy sa Spins, bawat laro ay may mga bonus! Mag-sign up na!",Tagalog,Phishing
TNT,"23 April 2024, 11:16",+63910****756,"Elevate your gaming prowess with WinningPlus! Enjoy a 100% deposit bonus !

WinPlusna.eu

And win up to P10,000! Join now!",English,Phishing
TNT,"23 April 2024, 05:25",+63946****826,"Long time no see, this is a 999P gift, sana matanggap mo  17a7be1t.at",English,Phishing
Smart,"23 April 2024, 04:45",+63985****044,"Magdeposito ng 100P, makakuha ng 100P na libre
1q2w3e8.ca",Tagalog,Phishing
Smart,"22 April 2024, 22:52",+63985****296,"Mag-recharge ng 100p at makakuha ng 50K cash
1q2w3e7.ca",Tagalog,Phishing
TNT,"22 April 2024, 04:23",+63930****171,"Doblehin naten ang deposit mo ! Dito lamang sa PanaloKa! 2,000p mo ay magiging 4,000p !

Panalokawins.eu

Claim your 300% FIRST BONUS! sign up now",Tag-Lish,Phishing
TNT,"21 April 2024, 00:17",+63946****697,"2.Mag-recharge ng 100p at makakuha ng 50K cash
1q2w3e7.ca",Tagalog,Phishing
Smart,"20 April 2024, 06:08",+63985****426,"I-double mo na ang saya at panalo mo.100% deposit bonus,naghihintay sayo. 2i1v7y7.at",Tagalog,Phishing
TNT,"19 April 2024, 23:59",+63930****779,"1.Magdeposito ng 100P, makakuha ng 100P na libre
1q2w3e7.ca",Tagalog,Phishing
Globe,"19 April 2024, 13:41",+63964****736,"APP download reward P18Promotion details: 
URL:  lvjili.eu

New members get a free P18 download bonus and can claim up to PHP 777P",English,Phishing
TNT,"18 April 2024, 00:51",+63910****592,"Ready Exciting Weekend at Sbet! Enjoy 200% Deposit Bonus With Free 3,000p!

Sbetwin.eu

Win Big Now from Weekend Special Prize Pool & Get Up to 22% Extra Bonus",Tag-Lish,Phishing
Smart,"17 April 2024, 00:27",+63985****000,"Doblehin naten ang deposit mo ! Dito lamang sa PanaloKa! 2,000p mo ay magiging 4,000p ! Claim your 300% FIRST BONUS! sign up now PanaloKa3.eu",Tag-Lish,Phishing
TNT,"16 April 2024, 15:35",+63930****993,"Join WinningPlus now for a 100% bonus + 7% daily bonus, up to 60,00 bonus! Don't miss out on your chance to win big!  Winplusph1.eu",English,Phishing
TNT,"16 April 2024, 15:23",+63910****327,Mga boss. Meron tayong libreng 100 piso na ipamimigay! spins88.eu,Tagalog,Phishing
Globe,"16 April 2024, 11:33",+63964****102,"[Epicwin]: Sumali sa amin at tangkilikin ang limitadong 100% BONUS

Trusted website : Epicwins2.eu

Magdeposito at makakuha ng 100% at ibang BONUS araw-araw",Tagalog,Phishing
Smart,"15 April 2024, 22:17",+63999****946,"Long time no see, this is a 999P gift, sana matanggap mo  1k9k.cfd",English,Phishing
TNT,"15 April 2024, 10:40",+63930****367,"Dumoble ang deposit ! Dito lamang sa PanaloKa! 2,000 mo ay magiging 4,000! Claim your 300% FIRST BONUS! PanloKa.eu",Tagalog,Phishing
Smart,"15 April 2024, 01:08",+63985****026,Long time no see may good news ako sayo mamaya. 18po.cfd,Tag-Lish,Phishing
TNT,"14 April 2024, 19:23",+63910****257,"2.Mag-recharge get 100% bonus, gamitin ang 100 para manalo ng 10k!
1q2w3e5.ca",Tagalog,Phishing
TNT,"14 April 2024, 15:21",+63910****397,"Good day from GCash, 
 
As part of our continuous effort to bring you the best eWallet services, we request you to verify your account information to continually access. Failure to do so will result in an account suspension. 
 
Verify here: centi.ai/GCashContactSupport",English,Phishing
TNT,"13 April 2024, 20:10",+63946****382,"2.I-double mo na ang saya at panalo mo.100% deposit bonus,naghihintay sayo.
1q2w3e5.ca",Tagalog,Phishing
TNT,"13 April 2024, 11:49",+63910****366,"Thanks, God, it's Saturday! New members get 588 Free, and upcoming PAYDAY blast offers 999p. Join now at WinPlusph.eu",English,Phishing
Globe,"13 April 2024, 02:48",+63964****677,"Dumoble ang deposit ! Dito lamang sa PanaloKa! 2,000 mo ay magiging 4,000! Claim your 300% FIRST BONUS! PanloKa.eu",Tagalog,Phishing
Smart,"12 April 2024, 08:16",+63985****399,Triple gaming fun sa first deposit with 200% bonus.‎ id2a.nz/x9M,English,Phishing
TNT,"11 April 2024, 18:19",+63910****121,"<REAL NAME> [SVIP]Special na alok: 300 depo, 200 na bonus. Lahat sila, nakuha na. Ikaw, swerte mo, claim na! s-mt.ca/4f2h",Tagalog,Phishing
Smart,"11 April 2024, 17:25",+63985****035,b9k.co.za  Makatanggap ng 18P nang libre at manalo ng 200K na cash0,Tagalog,Phishing
TNT,"11 April 2024, 15:08",+63910****520,"[Epicwin]: Sumali sa amin at tangkilikin ang limitadong 100% BONUS

Trusted website : epicwins1.eu

Magdeposito at makakuha ng 100% at ibang BONUS araw-araw",Tagalog,Phishing
TNT,"10 April 2024, 22:59",+63910****399,"Dumoble ang deposit ! Dito lamang sa PanaloKa! 2,000 mo ay magiging 4,000! Claim your 300% FIRST BONUS! PanaloKa.eu",Tagalog,Phishing
TNT,"10 April 2024, 16:44",+63930****589,Mga boss. Meron tayong libreng 100 piso na ipamimigay! spins99.eu,Tagalog,Phishing
TNT,"10 April 2024, 16:25",+63946****950,b9k.co.za  Mag-recharge ng 100P. Magbahagi ng 500K pulang sobre araw-araw;,Tagalog,Phishing
TNT,"10 April 2024, 15:48",+63930****985,Ready for non-stop excitement? Join now to claim your 1177p Welcome Bonus & compete for a chance to win a SAMSUNG GALAXY S23+ in Slots Tournament! GoJackpot2.eu,English,Phishing
Smart,"10 April 2024, 12:57",+63981****544,"Maglaro nang may extra confidence, libreng deposito handog namin para sayo. 46tnt.de/bKPIU",Tagalog,Phishing
Smart,"10 April 2024, 08:38",+63985****374,17a.co.za Makatanggap ng 18P nang libre at manalo ng 200K na cash/,Tagalog,Phishing
TNT,"10 April 2024, 03:48",+63910****718,"<REAL NAME> Eksklusibong alok! Depo 500, siguradong 300 para sa'yo. Ikaw lang ang may ganitong pagkakataon. s-mt.ca/ertrq",Tagalog,Phishing
Smart,"10 April 2024, 02:59",+63970****285,"Limited bonus and Red envelope giveaway only at JILI747, Have 3 Chances to Win up to PHP 1,000 ! Today at 6 pm, 8 pm and 10 pm. Come get yours now! jili747.eu",English,Phishing
Smart,"9 April 2024, 12:21",+63985****415,"2.Mag-recharge get 100% bonus, gamitin ang 100 para manalo ng 10k!
1q2w3e1.ca",Tagalog,Phishing
TNT,"8 April 2024, 12:04",+63930****122,"Get April's top offer at GoJackpot! Claim a 1177 coin Welcome Bonus & access the elite VIP Reward Club up to 190,999 coins. Join now at GoJackpot1.eu",English,Phishing
TNT,"8 April 2024, 07:12",+63912****809,"You can get a commission of 77,777 per day. Come with me, I will give you 7-777 right now bet808.tw/M1t",English,Phishing
Smart,"8 April 2024, 02:12",+63985****389,"You can get a commission of 77,777 per day. Come with me, I will give you 7-777 right now bonus10.tw/uOyWx",English,Phishing
Smart,"7 April 2024, 23:20",+63981****669,"<REAL NAME> Eksklusibong alok! Depo 500, siguradong 300 para sa'yo. Ikaw lang ang may ganitong pagkakataon. sm77.ca/ertte",Tagalog,Phishing
Smart,"7 April 2024, 20:52",+63985****873,Mga boss. Meron tayong libreng 100 piso na ipamimigay! spin77.eu,Tagalog,Phishing
TNT,"7 April 2024, 13:45",+63910****492,"6Big wins, small bets! 100 pesos becomes 50K in 177bet Dare to win at     12sg.cfd",English,Phishing
TNT,"7 April 2024, 09:49",+63912****538,"Dumoble ang deposit ! Dito lamang sa PanaloKa! 2,000 mo ay magiging 4,000! Claim your 300% FIRST BONUS! PanaloKa.eu",Tagalog,Phishing
TNT,"7 April 2024, 08:26",+63910****440,"[Epicwin]: Sumali sa amin at tangkilikin ang limitadong 100% BONUS

Trusted website : Epicwinph.eu

Magdeposito at makakuha ng 100% at ibang BONUS araw-araw",Tagalog,Phishing
Smart,"7 April 2024, 03:24",+63985****893,"kuya, ate   Magdeposito at makakuha ng 100% bonus. Ang 100P ay nanalo ng 20K  1ast.cfd",Tagalog,Phishing
TNT,"6 April 2024, 19:41",+63950****571,"Magparehistro para sa libreng ?7777, tumaya:?slots33.tw/1t5U",Tagalog,Phishing
Smart,"6 April 2024, 18:32",+63981****479,Mga boss. Meron tayong libreng 100 piso na ipamimigay! spin77.eu,Tagalog,Phishing
Smart,"6 April 2024, 18:20",+63985****122,"Magparehistro para sa libreng ?7777, tumaya:?casino7.tw/1t5U",Tagalog,Phishing
TNT,"6 April 2024, 15:57",+63912****883,1000% Luck bonus on ₱1000 balance. Register: play72.tw/Snuf,Tag-Lish,Phishing
TNT,"6 April 2024, 14:34",+63912****701,"Magparehistro para sa libreng ?7777, tumaya:?dice16.tw/mQH",Tagalog,Phishing
Globe,"6 April 2024, 08:45",+63964****561,1000% Luck bonus on ₱1000 balance. Register: gamble6.tw/1t5U,Tag-Lish,Phishing
Smart,"6 April 2024, 08:42",+63985****958,"T.G.I.S. on WinningPlus! Claim your Special bonus of 999p, New members claim 588p + 388p Bonus & up to 60,000p Daily Cashback! WINPLUS: WinPlusph.eu",English,Phishing
Smart,"6 April 2024, 08:04",+63963****211,<REAL NAME> Special imbitasyon! Depo 500 at kumuha ng 300 na bonus. Para lang sa mga napiling tao. sm77.ca/2n2b,Tagalog,Phishing
TNT,"5 April 2024, 19:07",+63950****655,1000% Luck bonus on ₱1000 balance. Register: pin48.tw/1t5U,Tag-Lish,Phishing
Smart,"5 April 2024, 18:49",+63985****488,1000% Luck bonus on ₱1000 balance. Register: bet21.tw/1t5U,Tag-Lish,Phishing
TNT,"5 April 2024, 17:29",+63912****328,"Magparehistro para sa libreng ₱7777, tumaya: coin0.tw/1t5U",Tagalog,Phishing
Unknown,"5 April 2024, 12:40",Newbuy info,"Limited! CI 100 get 400.
Easter egg 55555 up unlimited.
invite friends to earn sa1ary, CO everyday.

https://startwindjs.wixsite.com/betlead",English,Phishing
Smart,"5 April 2024, 12:11",+63985****553,"Magdeposito ng 100P, makakuha ng 117P na libre, 1X turnover  17s7.ca",Tagalog,Phishing
TNT,"5 April 2024, 09:26",+63912****802,"Magparehistro para sa libreng ₱7777, tumaya: pin79.tw/1t5U",Tagalog,Phishing
TNT,"5 April 2024, 08:54",+63930****338,"Good day from GCash,

Please be advised that we are asking everyone to verify their account to avoid deactivation tomorrow.

Verify here:
kol.vin/GcashRequest",English,Phishing
Smart,"5 April 2024, 01:33",+63981****622,"Magparehistro para sa libreng ₱7777, tumaya: slot48.tw/2Hy",Tagalog,Phishing
Smart,"4 April 2024, 22:24",+63963****063,"April's best offer is here! Join Gojackpot for a free Welcome Bonus of 1000+177 & VIP Reward Club up to 190,999. Sign up now for exciting wins GoJackpot.eu",English,Phishing
Globe,"4 April 2024, 21:27",+63964****973,1000% Luck bonus on ₱1000 balance. Register: win48.tw/2Hy,Tag-Lish,Phishing
TNT,"4 April 2024, 15:18",+63948****106,Ipagdiwang ang SVIP anniv! 500 ang deposito para sa 300 bonus. Alamin dito: go77.eu/ryub,Tagalog,Phishing
Globe,"4 April 2024, 09:17",+63964****493,1000% Luck bonus on ₱1000 balance. Register: coin99.tw/7DfQd,Tag-Lish,Phishing
Smart,"4 April 2024, 08:16",+63962****829,"We can't deliver your item to your door because of no address, please enter the address:                                                             rb.gy/46ql4j",English,Phishing
Globe,"4 April 2024, 07:31",+63964****307,"Magparehistro para sa libreng ₱7777, tumaya: luck62.tw/NLq",Tagalog,Phishing
Smart,"4 April 2024, 03:46",+63970****290,1000% Luck bonus on ₱1000 balance. Register: win36.tw/wht,Tag-Lish,Phishing
Smart,"4 April 2024, 03:16",+63985****946,1000% Luck bonus on ₱1000 balance. Register: coin0.tw/tSv,Tag-Lish,Phishing
Smart,"4 April 2024, 02:23",+63985****925,1000% Luck bonus on ₱1000 balance. Register: bet37.tw/aB1,Tag-Lish,Phishing
Globe,"4 April 2024, 00:17",+63964****255,1000% Luck bonus on ₱1000 balance. Register: play6.tw/tSv,Tag-Lish,Phishing
TNT,"3 April 2024, 17:22",+63930****114,"Magparehistro para sa libreng ₱7777, tumaya: jack1.tw/NLq",Tagalog,Phishing
Globe,"3 April 2024, 14:00",+63964****360,"Magparehistro para sa libreng ₱7777, tumaya: coin33.tw/6Ut",Tagalog,Phishing
Smart,"3 April 2024, 11:18",+63963****063,"April's best offer is here! Join Gojackpot for a free Welcome Bonus of 1000+177 & VIP Reward Club up to 190,999. Sign up now for exciting wins Gojackpot.cfd",English,Phishing
TNT,"3 April 2024, 08:54",+63930****397,"Magparehistro para sa libreng ₱7777, tumaya: coin33.tw/syS",Tagalog,Phishing
Globe,"3 April 2024, 08:11",+63964****154,"Magparehistro para sa libreng ₱7777, tumaya: luck93.tw/N1uyFO",Tagalog,Phishing
TNT,"2 April 2024, 21:58",+63912****768,"Magparehistro para sa libreng ₱7777, tumaya: lucky8.auction/WIX",Tagalog,Phishing
Globe,"2 April 2024, 20:20",+63964****236,"Magparehistro para sa libreng ₱7777, tumaya: slots7.auction/Hz8PPCx",Tagalog,Phishing
Smart,"2 April 2024, 19:57",+63963****920,"Download APP to get FREE  rewards 50P,100% first deposit bonus,Uncapped 1.0% Bonus Per Deposit,join:pub11.buzz",English,Phishing
TNT,"2 April 2024, 19:56",+63950****627,"Magparehistro para sa libreng ₱7777, tumaya: slots1.auction/4LhsupZ",Tagalog,Phishing
TNT,"2 April 2024, 19:10",+63912****151,"Magparehistro para sa libreng ₱7777, tumaya: luck3.auction/kJFKHi",Tagalog,Phishing
TNT,"2 April 2024, 14:55",+63950****495,"Magparehistro para sa libreng ₱7777, tumaya: lucky4.auction/LSZLH",Tagalog,Phishing
Smart,"2 April 2024, 12:26",+63981****898,"Magparehistro para sa libreng ₱7777, tumaya: luck5.auction/bTrW",Tagalog,Phishing
Smart,"2 April 2024, 11:57",+63951****752,"Magparehistro para sa libreng ₱7777, tumaya: lucky7.auction/syS",Tagalog,Phishing
TNT,"2 April 2024, 09:32",+63950****782,"Magparehistro para sa libreng ₱7777, tumaya: slots2.auction/syS",Tagalog,Phishing
Smart,"2 April 2024, 09:20",+63981****689,<REAL NAME> Dive into our anniv! 500 gets you 300 instantly. Jump on! ph77.buzz/biy8,English,Phishing
TNT,"2 April 2024, 08:48",+63950****696,"[Epicwin]: Sumali sa amin at tangkilikin ang limitadong 100% BONUS

Trusted website : Epicwin.buzz

Magdeposito at makakuha ng 100% at ibang BONUS araw-araw",Tagalog,Phishing
Globe,"1 April 2024, 10:16",+63964****098,"Magparehistro para sa libreng ₱7777, tumaya: luck6.auction/Hz8PPCx",Tagalog,Phishing
TNT,"1 April 2024, 06:17",+63930****452,"Good day from GCash,

Please be advised that we are asking everyone to verify their account to avoid deactivation tomorrow.

Verify here:
kol.vin/GcashReferral",English,Phishing
Globe,"31 March 2024, 19:33",+63964****514,"Magparehistro para sa libreng ₱7777, tumaya: lucky6.auction/MonlD",Tagalog,Phishing
Smart,"31 March 2024, 18:58",+63985****803,Payday Blast is here! Claim your 6888p Bonus & Chance to win a Samsung UHD worth 29999p. New players get free Welcome Bonus of 1000p+177p at GoJackpotph15.icu,English,Phishing
Smart,"31 March 2024, 17:50",+63951****632,"Magparehistro para makakuha ng 7777, tumaya araw-araw: luck4.auction/WIX",Tagalog,Phishing
TNT,"31 March 2024, 06:28",+63930****790,"[Epicwin]: Sumali sa amin at tangkilikin ang limitadong 100% BONUS

Trusted website : EpicWinph5.icu

Magdeposito at makakuha ng 100% at ibang BONUS araw-araw",Tagalog,Phishing
Globe,"31 March 2024, 02:03",+63964****548,"Magparehistro para makakuha ng 7777, tumaya araw-araw: slots2.auction/sOMhSeq",Tagalog,Phishing
Smart,"30 March 2024, 19:35",+63918****455,"Magparehistro para makakuha ng 7777, tumaya araw-araw: slots9.auction/F20",Tagalog,Phishing
Smart,"30 March 2024, 17:00",+63918****613,"Magparehistro para makakuha ng 7777, tumaya araw-araw: luck1.auction/F20",Tagalog,Phishing
Smart,"30 March 2024, 16:05",+63981****071,"Dumoble ang deposit ! Dito lamang sa PanaloKa! 2,000 mo ay magiging 4,000! Claim your 300% FIRST BONUS!
PanaloKa.tv",Tagalog,Phishing
Globe,"30 March 2024, 09:56",+63964****236,"Magparehistro para makakuha ng 7777, tumaya araw-araw: acerush.tv/JtpPV",Tagalog,Phishing
Smart,"30 March 2024, 06:47",+63981****013,Celebrate TGIF at GJP! Join the Holy Week tournament and win a Samsung UHD UA50 + 6888p BONUS! New members get 1000 Free bonus. Join now at GoJackpotph14.icu,English,Phishing
Smart,"30 March 2024, 03:17",+63918****262,"Magparehistro para makakuha ng 7777, tumaya araw-araw: lucky2.auction/bGRJ",Tagalog,Phishing
Smart,"30 March 2024, 01:36",+63963****347,"Magparehistro para makakuha ng 7777, tumaya araw-araw: slotjoy.tv/bGRJ",Tagalog,Phishing
Smart,"29 March 2024, 15:20",+63981****861,"Gamitin ang iyong P100 para kumita ng 50k, mag-imbita ng mga kaibigan na maglaro nang , at makakuha ng hanggang walang limitasyon na reward spinsxyz.tv",Tagalog,Phishing
TNT,"29 March 2024, 10:59",+63910****141,"Download APP to get FREE  rewards 50P,100% first deposit bonus,Uncapped 1.0% Bonus Per Deposit,join:pub11.tv",English,Phishing
TNT,"29 March 2024, 07:43",+63910****316,"Hello! SVIP bonus, deposit 500, bawiin ang 300. 2326.tv/n9kf",Tagalog,Phishing
Smart,"29 March 2024, 02:59",+63981****906,Celebrate TGIF at GJP! Join the Holy Week tournament and win a Samsung UHD UA50 + 6888p BONUS! New members get 1000 Free bonus. Join now at GoJackpotph14.icu,English,Phishing
Smart,"28 March 2024, 14:51",+63981****804,"[Epicwin]: Sumali sa amin at tangkilikin ang limitadong 100% BONUS

Trusted website : EpicWinph5.icu

Magdeposito at makakuha ng 100% at ibang BONUS araw-araw",Tagalog,Phishing
Smart,"28 March 2024, 12:06",+63951****406,"Magparehistro para makakuha ng 777, tumaya araw-araw at makatanggap ng cash red envelope: slotjoy.tv/9pd7Wu",Tagalog,Phishing
Smart,"28 March 2024, 11:38",+63951****231,"Magparehistro para makakuha ng 777, tumaya araw-araw at makatanggap ng cash red envelope: slotswin.tv/xEi",Tagalog,Phishing
Smart,"28 March 2024, 02:12",+63951****376,"Magparehistro para makakuha ng 777, tumaya araw-araw at makatanggap ng cash red envelope: luckph.tv/JxF",Tagalog,Phishing
Smart,"27 March 2024, 17:48",+63970****669,"Magparehistro para makakuha ng 777, tumaya araw-araw at makatanggap ng cash red envelope: joylucky.tv/CPFk",Tagalog,Phishing
Smart,"27 March 2024, 17:26",+63981****289,"Magparehistro para makakuha ng 777, tumaya araw-araw at makatanggap ng cash red envelope: luckph.tv/Klr0h",Tagalog,Phishing
Smart,"27 March 2024, 17:25",+63981****472,"Magparehistro para makakuha ng 777, tumaya araw-araw at makatanggap ng cash red envelope: winpal.tv/PXMiuB4S",Tagalog,Phishing
Smart,"27 March 2024, 16:20",+63981****348,"Log in to receive PHP108 free rewards, deposit 100 and get 250, and win the highest cash in daily draws.  slotswin.tv/g0LH",English,Phishing
Smart,"27 March 2024, 16:19",+63981****116,"Log in to receive PHP108 free rewards, deposit 100 and get 250, and win the highest cash in daily draws.  slotswin.tv/g0LH",English,Phishing
Smart,"27 March 2024, 15:45",+63981****006,"Experience the thrill at SBET! Slots Tournament is now open! Have chance to win VIVOX30, New members get up to 3,000p bonus. Signup now and Win Big! sbet1.icu",English,Phishing
Smart,"27 March 2024, 13:16",+63951****668,Pinoy Slot Fiesta Holy Week! Register now for 12P free credits and enjoy bonuses up to 900P!Follow us on social media for more offers! PinoySlot.tv,English,Phishing
Smart,"27 March 2024, 12:18",+63981****917,"Log in to receive PHP108 free rewards, deposit 100 and get 250, and win the highest cash in daily draws.  slotsbet.tv/UmKQbCP",English,Phishing
Smart,"27 March 2024, 02:43",+63981****871,Claim worth 49k Ipad Air on GoJackpot by Joining  our Slot tournament event! Don't miss out and win big! plus  free 1000 bonus! sign up today! GoJackpotph17.icu,English,Phishing
Smart,"26 March 2024, 18:43",+63981****010,"Log in to receive PHP108 free rewards, deposit 100 and get 250, and win the highest cash in daily draws.  slotluck.tv/jgOi",English,Phishing
Smart,"26 March 2024, 17:14",+63951****454,"Log in to receive PHP108 free rewards, deposit 100 and get 250, and win the highest cash in daily draws.  acerush.tv/iP1W7ta",English,Phishing
Smart,"26 March 2024, 05:33",+63981****760,Claim worth 49k Ipad Air on GoJackpot by Joining  our Slot tournament event! Don't miss out and win big! plus  free 1000 bonus! sign up today! GoJackpotph10.icu,English,Phishing
Smart,"26 March 2024, 05:27",+63981****655,"[Epicwin]: Sumali sa amin at tangkilikin ang limitadong 100% BONUS

Trusted website : EpicWinph5.icu

Magdeposito at makakuha ng 100% at ibang BONUS araw-araw",Tagalog,Phishing
Smart,"26 March 2024, 02:33",+63981****190,"Log in to receive PHP108 free rewards, deposit 100 and get 250, and win the highest cash in daily draws.  slotsbet.tv/wrgRT",English,Phishing
Smart,"26 March 2024, 01:17",+63985****879,"[Epicwin]: Sumali sa amin at tangkilikin ang limitadong 100% BONUS

Trusted website : EpicWinph5.icu

Magdeposito at makakuha ng 100% at ibang BONUS araw-araw",Tagalog,Phishing
Smart,"26 March 2024, 00:05",+63981****999,"Dumoble ang deposit ! Dito lamang sa PanaloKa! 2,000 mo ay magiging 4,000! Claim your 300% FIRST BONUS!
PanaloKa.tv",Tagalog,Phishing
Smart,"25 March 2024, 20:07",+63981****654,"Log in to receive PHP108 free rewards, deposit 100 and get 250, and win the highest cash in daily draws.  joylucky.tv/7SufvwV",English,Phishing
Smart,"25 March 2024, 07:16",+63985****331,"Log in to receive PHP108 free rewards, deposit 100 and get 250, and win the highest cash in daily draws.  acewin9.tv/OOeRfH3",English,Phishing
Smart,"25 March 2024, 01:08",+63985****832,"Dumoble ang deposit ! Dito lamang sa PanaloKa! 2,000 mo ay magiging 4,000! Claim your 300% FIRST BONUS!
PanaloKa.tv",Tagalog,Phishing
Smart,"24 March 2024, 08:21",+63981****814,"Log in to receive PHP108 free rewards, deposit 100 and get 250, and win the highest cash in daily draws.  slotsbet.tv/MsM",English,Phishing
Smart,"24 March 2024, 00:44",+63981****746,"Log in to receive PHP108 free rewards, deposit 100 and get 250, and win the highest cash in daily draws.  acerush.tv/d8dVbfF",English,Phishing
Smart,"23 March 2024, 23:49",+63985****481,"[Epicwin]: Sumali sa amin at tangkilikin ang limitadong 100% BONUS

Trusted website : EpicWinph7.icu

Magdeposito at makakuha ng 100% at ibang BONUS araw-araw",Tagalog,Phishing
TNT,"23 March 2024, 23:14",+63910****578,Don't miss the GoJackpot Payday Blast promo event! Claim up to 6888 Bonus! Sign up now and receive a 1000 new member bonus! GoJackpotph10.icu,English,Phishing
Smart,"23 March 2024, 21:48",+63985****487,"Log in to receive PHP108 free rewards, deposit 100 and get 250, and win the highest cash in daily draws.  winpal.tv/VPEDED",English,Phishing
Smart,"23 March 2024, 20:32",+63981****737,"Log in to receive PHP108 free rewards, deposit 100 and get 250, and win the highest cash in daily draws.  slot9.tv/2OrhrRrO",English,Phishing
Smart,"23 March 2024, 12:42",+63985****730,"Log in to receive PHP108 free rewards, deposit 100 and get 250, and win the highest cash in daily draws.  luckslot.tv/Xt5yO",English,Phishing
TNT,"23 March 2024, 09:51",+63948****139,"Nag paulan ng $catter 50k panalo sa 5₱ na win
spins123.tv",Tagalog,Phishing
Smart,"23 March 2024, 09:16",+63981****194,"Log in to receive PHP108 free rewards, deposit 100 and get 250, and win the highest cash in daily draws.  slotluck.tv/FioDh9",English,Phishing
Smart,"23 March 2024, 06:15",+63981****817,"Maglaro na sa Slot, Fishing at Card game para makuha ang Free bonus up to 188888P:pub33.tv",Tagalog,Phishing
Smart,"22 March 2024, 10:06",+63981****999,"betph.tv/0OLy Libreng pera para sa bagong players. Mag-sign up, maglaro, at magwagi ngayon.",Tagalog,Phishing
Smart,"22 March 2024, 07:49",+63951****513,slotsph.tv/sq4 Join now for free deposit money and a chance to win big. Your gaming adventure starts here.,English,Phishing
Smart,"22 March 2024, 02:08",+63951****299,betmanila.tv/JyW Handa na ang libreng deposito para sa iyo. Sumali sa amin at mag-enjoy sa iyong bonus.,Tagalog,Phishing
Smart,"22 March 2024, 01:24",+63981****173,"[Epicwin]: Sumali sa amin at tangkilikin ang limitadong 100% BONUS

Trusted website : EpicWinph7.icu

Magdeposito at makakuha ng 100% at ibang BONUS araw-araw",Tagalog,Phishing
Smart,"21 March 2024, 23:29",+63981****170,"TGIF vibes at GoJackpot ! Don't miss out on the PayDay Blast ! Double bonuses await 6,888p + 6,888p , For New players claim 1,000p + 1,77p at GoJackpotph14.icu",Tag-Lish,Phishing
Smart,"21 March 2024, 18:38",+63985****508,"Makakuha ng 200% bonus sa araw-araw na deposito
g4b67jh.bid",Tagalog,Phishing
TNT,"21 March 2024, 04:49",+63950****743,"Makakuha ng 200% bonus sa araw-araw na deposito
g1b68jh.bid",Tagalog,Phishing
TNT,"20 March 2024, 15:12",+63950****964,"17v7sf.bid Makipag-ugnayan sa CSR, ibahagi ang grupo, makatanggap ng 18p nang libre, at manalo ng grand prize na 200K",Tagalog,Phishing
Smart,"20 March 2024, 05:25",+63985****800,luckph.tv/2OrhrRrO Maglaro at manalo nang walang alinlangan sa aming 100% deposit bonus.,Tagalog,Phishing
TNT,"19 March 2024, 16:07",+63910****552,"[Epicwin]: Sumali sa amin at tangkilikin ang limitadong 100% BONUS

Trusted website : EpicWinph7.icu

Magdeposito at makakuha ng 100% at ibang BONUS araw-araw",Tagalog,Phishing
Smart,"19 March 2024, 14:49",+63951****871,bonusph.tv/ftj Boost your game with our free deposit money. Perfect for your winning start.,English,Phishing
TNT,"19 March 2024, 13:58",+63910****823,"Makakuha ng 200% bonus sa araw-araw na deposito
g4b67jh.bid",Tagalog,Phishing
Smart,"19 March 2024, 12:57",+63985****202,"phluck.tv/5oZT Walang hulog, walang alala. Dito, libreng pera para sa masayang paglalaro.",Tagalog,Phishing
Smart,"19 March 2024, 01:18",+63981****324,"winph.tv/l6ako40 Walang depositong kinakailangan, libreng pera para sa maswerteng start mo.",Tagalog,Phishing
Smart,"18 March 2024, 23:52",+63981****296,Mark your calendars for March 20! Join the PAYDAY BONANZA! Win free 999p on WinningPlus! Enjoy Weekend High Jackpot Rates & Get Free 588p+388p on WinPlus6.tv,English,Phishing
TNT,"18 March 2024, 10:39",+63912****659,"Finally Pinoy Slot Fiesta Arrived Philipines! Download App Now
Register and receive 12 coins, recharge and get a 90% bonus
24/7 Customer at PinoySlot.tv",English,Phishing
Smart,"18 March 2024, 09:24",+63981****876,slotsph.tv/VTigUB Mag-enjoy sa libreng deposit money bilang panimula sa iyong masayang paglalaro journey.,Tag-Lish,Phishing
Smart,"18 March 2024, 05:58",+63951****767,"No.1 Online kingdom ng PINAS, may MILYONG kampyon kada araw! Dito yan sa PanaloKa, claim 316% bonus now! PanaloKa.tv",Tagalog,Phishing
Smart,"18 March 2024, 05:49",+63981****525,"bonusph.tv/QqxR Double ang iyong deposito, double ang fun. Kunin ang 100% deposit bonus ngayon.",Tag-Lish,Phishing
Smart,"18 March 2024, 02:15",+63985****208,phluck.tv/hIJ4wy Doblehin ang saya at panalo! 100% deposit bonus sa iyong una. Mag-register na.,Tagalog,Phishing
Smart,"17 March 2024, 23:46",+63985****017,"[Epicwin]: Sumali sa amin at tangkilikin ang limitadong 100% BONUS

Trusted website : EpicWinph7.icu

Magdeposito at makakuha ng 100% at ibang BONUS araw-araw",Tagalog,Phishing
Smart,"17 March 2024, 22:21",+63981****769,Mark your calendars for March 20! Join the PAYDAY BONANZA! Win free 999p on WinningPlus! Enjoy Weekend High Jackpot Rates & Get Free 588p+388p on WinPlus6.tv,English,Phishing
Smart,"17 March 2024, 22:01",+63951****782,Mark your calendars for March 20! Join the PAYDAY BONANZA! Win free 999p on WinningPlus! Enjoy Weekend High Jackpot Rates & Get Free 588p+388p on WinPlus6.tv,English,Phishing
Smart,"17 March 2024, 05:25",+63981****059,slotsbet.tv/4s0 Maglaro at manalo ng mas malaki sa aming 100% deposit bonus. Sali na sa link.,Tagalog,Phishing
Smart,"17 March 2024, 05:09",+63981****492,betslotsph.tv/KBKGnhr I-double ang halaga ng iyong deposito! 100% deposit bonus para sa unang pagkakataon.,Tagalog,Phishing
Smart,"17 March 2024, 03:06",+63981****112,luckph.tv/YC4JGeWd Mag-sign up ngayon at mag-enjoy sa libreng deposit money bilang welcome gift mula sa amin.,Tag-Lish,Phishing
Smart,"17 March 2024, 03:04",+63981****567,luckwin.tv/8E5 Enjoy extra money in your bankroll with our 100% deposit bonus. Make your deposit now.,English,Phishing
Smart,"17 March 2024, 00:20",+63981****976,"Seeking Sunday thrills? GoJackpot awaits! Win 50,000 in JILI SLOTS Tournament! New members, enjoy 1000p & First Deposit Bonus 177p at GoJackpotph20.icu",English,Phishing
TNT,"16 March 2024, 12:34",+63946****420,luckwin.tv/4aZ5tG Enjoy extra money in your bankroll with our 100% deposit bonus. Make your deposit now.,English,Phishing
TNT,"16 March 2024, 12:08",+63912****661,"betslotsph.tv/paf Mag-sign up at mag-enjoy sa 100% deposit bonus. Dobleng saya, dobleng panalo.",Tagalog,Phishing
Smart,"16 March 2024, 12:00",+63985****080,"phluck.tv/AU3 100% deposit bonus, para sayo na! I-activate at simulan ang iyong winning streak.",Tag-Lish,Phishing
Smart,"16 March 2024, 11:04",+63951****042,winph.tv/paf 100% deposit bonus? Totoo yan! Doblehin ang iyong pera at saya ngayon.,Tagalog,Phishing
Smart,"16 March 2024, 04:20",+63981****021,"casinoph.tv/8g5bnA Sumali na at mag-enjoy sa libreng deposito. Mas mataas na tsansa, mas malaking panalo!",Tagalog,Phishing
Smart,"16 March 2024, 03:03",+63981****888,"promoph.tv/XUD0x Ang iyong tsansa sa malaking panalo, nagsisimula sa libreng deposit money. Kunin na!",Tagalog,Phishing
Smart,"16 March 2024, 01:30",+63985****161,mag deposit ka ng 100 at may FREE 168 ka:sv33.tv,Tag-Lish,Phishing
Smart,"15 March 2024, 11:13",+63981****608,"TGIF vibes at GoJackpot ! Don't miss out on the PayDay Blast ! Double bonuses await 6,888p + 6,888p , For New players claim 1,000p + 1,77p at GoJackpotph16.icu",Tag-Lish,Phishing
TNT,"14 March 2024, 19:02",+63912****895,"gamblingph.tv/1uCK17 100% deposit bonus, handa na para sayo. Doblehin ang iyong saya at panalo!",Tagalog,Phishing
Smart,"14 March 2024, 16:51",+63981****679,"winph.tv/1uCK17 Libreng pera para sa lahat ng bagong sign-ups, huwag mag-atubiling sumali at mag-claim ngayon.",Tagalog,Phishing
Smart,"14 March 2024, 13:43",+63951****475,"betslotsph.tv/XXeILi0o Libreng pera, libreng saya. Mag-sign up at mag-claim ng iyong bonus ngayon.",Tagalog,Phishing
TNT,"14 March 2024, 13:34",+63912****895,"winph.tv/zJUhr1d Mag-sign up at mag-enjoy sa 100% deposit bonus. Dobleng saya, dobleng panalo.",Tagalog,Phishing
TNT,"13 March 2024, 22:46",+63950****443,"I-download ang programa at makakuha ng P117
17v7li.bid",Tagalog,Phishing
Smart,"13 March 2024, 21:37",+63985****519,"Get Ready Finally Friday & March 15th PayDay! Free 6,888p bonus on Mar 15 at GoJackpot! Plus, 6,888p on Mar 15! Claim 1,000p+177p at GoJackpotph10.icu",Tag-Lish,Phishing
TNT,"13 March 2024, 11:26",+63950****978,"I-download ang programa at makakuha ng P117
17v7li.bid",Tagalog,Phishing
Smart,"13 March 2024, 09:10",+63985****174,winph.tv/fsLqAU Maglaro nang may confidence! Libreng deposit money para sa bagong simula.,Tag-Lish,Phishing
Smart,"13 March 2024, 08:50",+63981****196,"luckwin.tv/fsLqAU Libreng pera, libreng pagkakataon sa jackpot. Simulan na ang iyong pagwawagi.",Tagalog,Phishing
Smart,"13 March 2024, 04:22",+63981****221,betslotsph.tv/3uMkv7 Doblehin ang saya at panalo! 100% deposit bonus sa iyong una. Mag-register na.,Tagalog,Phishing
Smart,"12 March 2024, 16:39",+63985****449,"Join Slots Milestone Event & Win 70,000p prize! Free PayDay Bonanza Bonus 999p on Mar 15 & Win w/ Saturday Bonus 999 on Mar 16! Free 588p+388p at WinPlusPh2.icu",English,Phishing
Smart,"12 March 2024, 11:46",+63981****304,Tara na’t manalo sa ₱10 mo gawin nating 15k!  spinsarc.tv,Tagalog,Phishing
Smart,"12 March 2024, 07:57",+63981****460,slotsbet.tv/rFE9sEC Libreng pera para sa iyong paglalaro adventure. I-claim mo na at simulan ang panalo.,Tagalog,Phishing
TNT,"12 March 2024, 07:15",+63948****358,"slotph.tv/YJcVQ Double ang iyong deposito, double ang fun. Kunin ang 100% deposit bonus ngayon.",Tag-Lish,Phishing
TNT,"12 March 2024, 02:28",+63948****474,"[Epicwin]: Sumali sa amin at tangkilikin ang limitadong 100% BONUS

Trusted website : EpicWinph5.icu

Magdeposito at makakuha ng 100% at ibang BONUS araw-araw",Tagalog,Phishing
Globe,"11 March 2024, 16:28",+63964****134,"[Epicwin]: Sumali sa amin at tangkilikin ang limitadong 100% BONUS

Trusted website : EpicWinph8.icu

Magdeposito at makakuha ng 100% at ibang BONUS araw-araw",Tagalog,Phishing
TNT,"11 March 2024, 13:49",+63950****074,"Makakakuha ang mga bagong user ng 100% na bonus sa kanilang unang deposito
g3b61jh.bid",Tagalog,Phishing
Unknown,"11 March 2024, 04:05",BDO,"Starting March 12, Apple/iOS users will no longer be able to use the old BDO Digital Banking App.

Continue to invest in UITFs via the new BDO Online app. Just click Manage Investments to invest online.

For inquiries regarding trust and investment products, email us at trustcustomercare@bdo. com. ph or call the BDO Contact Center at (02) 8631-8000.",English,Phishing
Smart,"10 March 2024, 15:05",+63981****863,"[Epicwin ]: Join us & enjoy limited 100% BONUS

Trusted website : EpicWinph5.icu

Deposit and get 100% & get BONUS everyday",English,Phishing
Smart,"9 March 2024, 19:30",+63981****021,"[Epicwin ]: Join us & enjoy limited 100% BONUS

Trusted website : EpicWinph5.icu

Deposit and get 100% & get BONUS everyday",English,Phishing
Globe,"9 March 2024, 11:26",+63964****915,"Hurry! WinPlus Saturday special T.G.I.S! Enjoy Free 999 bonus, Jackpot vibes. Plus, bonus treats 588p+388p at WinPlusph2.icu",Tag-Lish,Phishing
Smart,"9 March 2024, 11:03",+63981****017,"Big wins, small bets! 20 pesos becomes 100K in 177bet. Dare to win a
ffx78.bid",English,Phishing
TNT,"8 March 2024, 10:56",+63950****568,"Big wins, small bets! 20 pesos becomes 100K in 177bet. Dare to win a
ffx78.bid",English,Phishing
TNT,"7 March 2024, 19:13",+63948****460,"Big wins, small bets! 20 pesos becomes 100K in 177bet. Dare to win a
ffx78.bid",English,Phishing
TNT,"7 March 2024, 12:56",+63950****203,"Big wins, small bets! 20 pesos becomes 100K in 177bet. Dare to win a
ffx78.bid",English,Phishing
TNT,"6 March 2024, 22:43",+63912****885,"ay malayang nag-aalok sa iyo ng 88 P , kunin ito dito:ty80.tv",Tagalog,Phishing
Smart,"6 March 2024, 19:39",+63985****073,"Magdeposito ng 150P ngayong linggo at manalo ng 170,000P!
a8sdk.bid",Tagalog,Phishing
Smart,"6 March 2024, 14:31",+63963****373,Get Ready For Thanks God It's Saturday event on March 9th with free 999p & 10th PayDay Bonanza with 999p on WinningPlus! Get Extra 588p+388p on WinPlusPh8.icu,English,Phishing
Smart,"5 March 2024, 11:44",+63981****465,"Join March 5 PayDay Blast For Free 6,888p bonus on GoJackpot! Claim 1,000p+177p bonus on new register. Win Jackpot & Get 239% extra bonus on GoJackpotph21.icu",Tag-Lish,Phishing
TNT,"4 March 2024, 11:07",+63912****657,"Paldo talaga kapag nag download ng Panalobet App!
Easy P58 agad!
Idagdag mo pa ang 200% Welcome Bonus!
Sign Up now!  ta777.tv/Omd",Tagalog,Phishing
Smart,"3 March 2024, 19:23",+63981****460,"[Epicwin ]: Join us & enjoy limited 100% BONUS

Trusted website : EpicWinph1.icu

Deposit and get 100% & get BONUS everyda",English,Phishing
Smart,"3 March 2024, 07:53",+63981****275,ugccuprno1z0h7r.muffermissourian.tw/dfyv8shz7idqn5t 100% deposit bonus? Totoo yan! Doblehin ang iyong pera at saya ngayon.,Tagalog,Phishing
Smart,"2 March 2024, 16:23",+63981****064,<REAL NAME> Mag register at i-claim ang iyong 128% first deposit rewards up to 10888! Don't miss out the chance!:ty72.tv,English,Phishing
Smart,"2 March 2024, 15:15",+63951****610,vymuscyi9bs.falseworkredux.ms/dhi8asq1lm8ydu0pdhc0n 100% deposit bonus? Totoo yan! Doblehin ang iyong pera at saya ngayon.,Tagalog,Phishing
TNT,"2 March 2024, 15:01",+63950****350,"Big wins, small bets! 20 pesos becomes 100K in 177bet. Dare to win a
a8sdk.bid",English,Phishing
Smart,"2 March 2024, 09:12",+63981****478,"1lhzttdmjlcnie.barkeepforeweigh.la/v9a1uheay93n386ll0nt3 Dagdag na pera, dagdag na saya. I-enjoy ang 100% deposit bonus sa unang pagsali.",Tagalog,Phishing
Smart,"2 March 2024, 01:34",+63985****709,"Hurry! WinPlus Saturday special T.G.I.S! Enjoy Free 999 bonus, Jackpot vibes. Plus, bonus treats 588p+388p at WinPlusph2.icu",Tag-Lish,Phishing
Smart,"1 March 2024, 10:45",+63981****471,"Good day from GCash,

Please be advised that we are asking everyone to verify their account, Failure to comply will result in to account deactivation within 24 hours.

Verify here:
llink.ee/GCashAlert",English,Phishing
TNT,"29 February 2024, 16:23",+63948****781,"[Epicwin ]: Hi EPIC Member !

CNY BONUS Alert !!
Deposit and claim 20% FREE up to 500 P limited claim!!

Trusted website : EpicWin2.icu",English,Phishing
TNT,"28 February 2024, 11:42",+63930****163,"Get Ready For 29 Feb PayDay Blast Free 6,888p Bonus! Spin New Year Wheel to win Mitsubishi,Toyota Cars & iPhone 15! Claim Free 1,000p+177p at GoJackpotph23.icu",Tag-Lish,Phishing
Smart,"28 February 2024, 10:33",+63985****931,"8t8u9e2.hockerwrenlike.tw/u7um1nsw78ip1k3oxrg2i8 Double ang iyong deposito, double ang fun. Kunin ang 100% deposit bonus ngayon.",Tag-Lish,Phishing
Smart,"28 February 2024, 05:52",+63981****568,"ya0nuxeorvj7k76x.muffermissourian.tw/7n1qqhgr7waet9x35ztasi Dagdag pera, dagdag tsansa sa panalo. 100% deposit bonus, sa'yo na!",Tagalog,Phishing
Smart,"28 February 2024, 05:45",+63981****959,vvo4xsy7al0uk7.exodermscointer.si/xvokxfvdofamh4fnsp I-double ang iyong pera at tsansa sa panalo. Mag-enjoy sa 100% deposit bonus sa aming site.,Tagalog,Phishing
Smart,"28 February 2024, 02:23",+63951****565,wrewgkg6.sidewayshogwort.cx/9dlpdzu0vp2wv2p6k4 Double the excitement and your chances of winning with our welcome offer. Claim your 100% deposit bonus.,English,Phishing
Smart,"28 February 2024, 02:01",+63951****039,o313ts5.sidewayshogwort.cx/kng8xlbzvlcgu6z5c96ej Play with confidence! Enjoy a free deposit for a happy start to your gaming experience.,English,Phishing
Smart,"28 February 2024, 01:10",+63981****181,"fzmxm.hockerwrenlike.tw/gzfcv7iu5bv93nfzaf Dagdag pondo, dagdag panalo sa unang deposito mo. I-enjoy ang 100% bonus namin.",Tagalog,Phishing
Smart,"27 February 2024, 15:05",+63981****567,bet.cassenatrundling.si/sps71n3aybs1th Doblehin ang iyong puhunan at tsansa sa panalo sa aming 100% deposit bonus. Maglaro na!,Tagalog,Phishing
TNT,"27 February 2024, 14:35",+63910****412,"lairlessphenotype.gl/sps71n3aybs1th Double ang iyong deposito, double ang fun. Kunin ang 100% deposit bonus ngayon.",Tag-Lish,Phishing
Globe,"27 February 2024, 11:08",+63964****124,cassenatrundling.si/5abxisj5 100% deposit bonus? Totoo yan! Doblehin ang iyong pera at saya ngayon.,Tagalog,Phishing
Smart,"27 February 2024, 09:14",+63970****571,"anepiaparada.la/tb6r8ii6z2lw79ke7y I-double ang pondo, i-double ang fun. 100% deposit bonus, para sa'yo na!",Tagalog,Phishing
Smart,"27 February 2024, 08:19",+63970****304,anepiaparada.la/iidtw2au Libreng pera sa pag-sign up? Dito lang yan! Simulan na ang iyong panalo.,Tagalog,Phishing
Smart,"27 February 2024, 05:07",+63985****419,"anepiaparada.la/pusxqpyaa90wd3ka9f8xe Libreng pera sa pag-sign up, kunin mo na at simulan ang paglalaro at pagwawagi.",Tagalog,Phishing
Smart,"27 February 2024, 04:08",+63951****597,"talmudizestample.gl/xknxqk2m Mag-sign up, maglaro, at manalo! Libreng deposito, handa na para sayo.",Tagalog,Phishing
Smart,"27 February 2024, 04:08",+63981****660,veniseantimethodi.ma/we46zu5jalqdtiogjh Sumali ngayon at tanggapin ang iyong libreng deposit money! Simulan ang panalo ngayon.,Tagalog,Phishing
Smart,"27 February 2024, 03:32",+63981****176,cassenatrundling.si/96x6j5rxpckayj 100% dagdag sa iyong unang deposito! Sino ang ayaw ng dobleng saya?,Tagalog,Phishing
Smart,"27 February 2024, 03:24",+63981****921,"[Epicwin ]: Hi EPIC Member !

CNY BONUS Alert !!
Deposit and claim 20% FREE up to 500 P limited claim!!

Trusted website : EpicWin2.icu",English,Phishing
TNT,"27 February 2024, 03:11",+63910****172,talmudizestample.gl/lvn5glv029 Dagdagan ang iyong pagkakataong manalo. Libreng deposit money pagkatapos mag-register.,Tag-Lish,Phishing
TNT,"26 February 2024, 11:39",+63950****203,"Big wins, small bets! 20 pesos becomes 100K in 177bet. Dare to win a
s77sd.bid",English,Phishing
TNT,"26 February 2024, 11:17",+63912****133,"Congratulations GCash User! You have received P10,500 from GCash Loyalty Team. Claim your cash by clicking the link below. Claim your cash at gcash-redeemloyalty.website/claim Thank you for choosing GCash App.",English,Phishing
Smart,"26 February 2024, 09:45",+63981****434,promolink.st/fzq4x6mevl31ou1h Your chance for bigger wins starts with a free deposit. Sign up now and enjoy your bonus.,English,Phishing
Unknown,"26 February 2024, 02:50",BDO,Security Tip: Lock or Unlock your BDO Credit or Debit Cards anytime you want with the new BDO Online app. Download BDO Online and sign up today!,English,Phishing
TNT,"26 February 2024, 02:17",+63946****315,Bigyan mo ng chance ang 9 pesos mo na maging 45k sa Fengshen. Ikaw na ba ang next winner? Sali na sa rwltoyq07hji.bonus.lc.,Tagalog,Phishing
TNT,"26 February 2024, 02:00",+63912****581,Pusta na! As low as 3 pesos for a chance to win 70k with Crazy 777. Tara sa r1w3t5z0mepjd59ms.bonus.fm.,English,Phishing
TNT,"25 February 2024, 22:04",+63909****330,"Big wins, small bets! 20 pesos becomes 100K in 177bet. Dare to win a
s77sd.bid",English,Phishing
Smart,"25 February 2024, 21:32",+63981****195,This is your moment! Bet 4 pesos in Charge Buffalo and you might just land a 70k win. Play to win at nba7lib3zzqmoo8wqx4wex.bonus.lc.,English,Phishing
Smart,"25 February 2024, 19:57",+63981****746,"Gusto mo bang maging next big winner? 40 pesos lang sa Gold Rush, pwede kang manalo ng 35k! Tara na sa enbonhtwrgpo63wetcm0vh07.bonus.fm.",Tagalog,Phishing
Smart,"25 February 2024, 16:43",+63951****232,Feeling lucky today? Turn your 5 pesos into 100k in Money Coming. Your fortune awaits at ujlrgzpq6nz9nt06xossj.bonus.fm.,English,Phishing
TNT,"25 February 2024, 16:02",+63912****359,"P158 mobile freebie, iyo na ngayon! Plus, hanggang P1188 bonus sa unang deposito. ok3y5sss5hiyj7t8zoip54io.bonus.lc",Tagalog,Phishing
Smart,"24 February 2024, 20:44",+63951****384,Eksklusibo para sa mobile: P158 libre! Plus P18-P1188 bonus sa pagrehistro. 100% dagdag sa unang deposito. 876t9bsvuvkzik.bonus.lc,Tagalog,Phishing
Smart,"24 February 2024, 18:34",+63981****584,"P158 mobile bonus, tawag sa iyo! Magrehistro para sa P18-P1188 bonus. Unang deposito may 100% dagdag. f7g3cn0rs8k9cqllnbh49.bonus.lc",Tagalog,Phishing
TNT,"24 February 2024, 15:43",+63950****997,"Big wins, small bets! 20 pesos becomes 100K in 177bet. Dare to win at s0d8f.bid",English,Phishing
Globe,"24 February 2024, 12:23",+63964****393,Maglaro sa pinakamalaking platform at makuha ang 298P na bonus. 100% dagdag await sa first deposit! Alamin paano: bonus.fm/3XvFgccQFDo8R,Tagalog,Phishing
Smart,"24 February 2024, 08:20",+63981****713,"Gusto mo bang maging next big winner? 8 pesos lang sa Fortune Gems, pwede kang manalo ng 15k! Tara na sa bonus.fm/uQhLLenm.",Tagalog,Phishing
Smart,"24 February 2024, 08:19",+63985****201,"Gusto mo bang maging next big winner? 8 pesos lang sa Fortune Gems, pwede kang manalo ng 15k! Tara na sa bonus.fm/uQhLLenm.",Tagalog,Phishing
Smart,"24 February 2024, 03:18",+63981****001,Maglaro sa pinakamalaking platform at makuha ang 298P na bonus. 100% dagdag await sa first deposit! Alamin paano: promolink.st/GqrnTNxQOVyXio,Tagalog,Phishing
Smart,"24 February 2024, 01:15",+63985****478,"Big wins, small stakes! See if 6 pesos can become 60k in Golden Empire. Dare to win at bonus.ms/QuYWlk7nk7PWp.",English,Phishing
Smart,"23 February 2024, 17:20",+63981****245,"Libreng P158 para sa mobile users! Plus, sign-up bonus na P18-P1188. Doblehin ang deposito mo ngayon. promolink.st/ihtQGtNuGaOd2aj5",Tagalog,Phishing
Smart,"23 February 2024, 15:15",+63981****388,P158 libre para sayo sa mobile. Mag-sign up at makuha ang P18-P1188. Doble sa deposito. bonus.lc/Si2NmlfPiPAEs,Tagalog,Phishing
Smart,"23 February 2024, 10:05",+63981****357,"Para sa mga mobile user, P158 libre + hanggang P1188 bonus. Doblehin ang saya sa unang deposito mo. bonus.fm/RkjLKiteNuzk07De",Tagalog,Phishing
TNT,"23 February 2024, 09:20",+63930****411,"Para sa mga mobile user, P158 libre + hanggang P1188 bonus. Doblehin ang saya sa unang deposito mo. bonus.lc/lk5dPLLXbs8",Tagalog,Phishing
TNT,"23 February 2024, 07:08",+63946****886,Big wins await! Just 50 pesos could get you 80k in Mega Ace. Discover more at promolink.sh/vhMBpxMO8S.,English,Phishing
Smart,"22 February 2024, 22:59",+63963****464,Imagine turning a small bet of 25 pesos into a huge 80k win with Gold Rush. It's possible! Find out how at clickhere.cx/zj0I45ffgK.,English,Phishing
Smart,"22 February 2024, 22:25",+63981****395,"P158 mobile bonus at P18-P1188 welcome bonus, sa iyo. Doble sa unang deposito! promolink.sh/XBO07BiG8jcGO",Tagalog,Phishing
TNT,"22 February 2024, 18:04",+63950****548,"Kumuha ng hanggang P1,777 nang libre gamit ang iyong mobile phone
1OO% na bonus sa unang deposito
bv6ak.bid",Tagalog,Phishing
Smart,"22 February 2024, 16:47",+63981****415,Pharaoh's Treasure offers you a chance to win 95k from just 45 pesos. Dare to win? Go to promolink.st/MbqmThj1.,English,Phishing
Smart,"22 February 2024, 15:44",+63985****576,"Imagine, 4 pesos could turn into 5k! Play Gold Rush now. Visit bonus.fm/MvCHnqQChHjVN for the magic.",English,Phishing
Smart,"22 February 2024, 13:47",+63985****965,Income ba? Mag DOWNLOAD APP para maka received ng up to 688 free. + 177: jl77.tv,Tag-Lish,Phishing
Smart,"22 February 2024, 11:14",+63963****976,Feeling lucky today? Turn your 4 pesos into 55k in Money Coming. Your fortune awaits at bonus.ms/ytF8ppkU.,English,Phishing
Smart,"22 February 2024, 09:04",+63981****546,This is your moment! Bet 4 pesos in Charge Buffalo and you might just land a 70k win. Play to win at promolink.st/Ye4VrPdC.,English,Phishing
Smart,"22 February 2024, 08:49",+63951****210,"Imagine, 2 pesos could turn into 40k! Play Crazy Hunter now. Visit promolink.st/Ye4VrPdC for the magic.",English,Phishing
TNT,"22 February 2024, 05:41",+63930****246,Imagine turning a small bet of 25 pesos into a huge 80k win with Gold Rush. It's possible! Find out how at clickhere.cx/9gvArNbal.,English,Phishing
Smart,"22 February 2024, 04:00",+63981****169,"Your next play could be the big win! With just 9 pesos on Gold Rush, 75k could be yours. See the magic happen at promolink.st/4q2nDfnOApkLX.",English,Phishing
TNT,"22 February 2024, 00:35",+63930****804,This is your moment! Bet 20 pesos in Golden Empire and you might just land a 35k win. Play to win at clickhere.cx/XLVFHiAVCPk6e3.,English,Phishing
Smart,"21 February 2024, 23:33",+63951****668,Transform your day with just 25 pesos in Super Ace and potentially win 55k. Your winning story starts at bonus.ms/apdILhA63g9UbIe.,English,Phishing
Smart,"21 February 2024, 22:24",+63981****510,Feeling lucky today? Turn your 45 pesos into 85k in All Baba. Your fortune awaits at clickhere.cx/66pg1429620.,English,Phishing
Smart,"21 February 2024, 13:27",+63970****413,"Greetings from GCash,

Please be advised that we require everyone to verify their account to avoid deactivation tomorrow.

Verify here:
llink.ee/SaveCares",English,Phishing
TNT,"21 February 2024, 06:18",+63909****815,"Magr3histr0 0nline pra sa mga lar0 ng makakuhaa ng P99-9999
clickhere.cx/ri55chSB66",Tagalog,Phishing
Globe,"21 February 2024, 05:24",+63964****730,"Congratulations GCash User! You have received P14,500 from GCash Loyalty Team. Claim your cash by clicking the link below. Claim your cash at gcash-prizeloyalty.website/claim Thank you for choosing GCash App.",English,Phishing
Smart,"21 February 2024, 01:30",+63981****516,Ever dreamed of turning 35 pesos into 15k? Mega Ace might just be your lucky star! Explore more at phpromo.website/P4RVZ8w4RtQ.,English,Phishing
Smart,"20 February 2024, 21:49",+63981****844,"Hinahanap mo ba ang susunod mong big win? 35 pesos lang sa Crazy Hunter, at baka 45k na ang iuuwi mo! Check mo na sa phpromo.website/i3tWwi0OhtT9UZ.",Tagalog,Phishing
TNT,"20 February 2024, 16:57",+63912****848,"Congratulations GCash User! You have received P25,500 from GCash Loyalty Team. Claim your cash by clicking the link below. Claim your cash at gcash-receivedmoney.website/claim Thank you for choosing GCash App.",English,Phishing
Smart,"20 February 2024, 11:44",+63981****089,"Enjoy PAYDAY Blast on Feb 20 for Free 6,888p at GoJackpot! New Year Wheel offers Mitsubishi Xpander, Samsung TV & More! Free 1,000p & 177p at GoJackpotph16.icu",Tag-Lish,Phishing
Smart,"18 February 2024, 12:36",+63963****980,"Grabe umulan nang scatter 2 pesos bet 7k panalo   
clickhere.cx/iAeh1vv21PBxy",Tag-Lish,Phishing
TNT,"17 February 2024, 10:46",+63910****575,"Makakuha ng 298PHP nang libre, 100% na bonus sa unang pag-click sa deposito  phpromo.website/hBGH8Vx2",Tagalog,Phishing
TNT,"17 February 2024, 09:41",+63912****928,"Makakuha ng 298PHP nang libre, 100% na bonus sa unang pag-click sa deposito  phpromo.website/6HOIXUSJXAGVN",Tagalog,Phishing
Smart,"17 February 2024, 06:57",+63981****712,"Makakuha ng 298PHP nang libre, 100% na bonus sa unang pag-click sa deposito  phpromo.website/og3jpOGDJHXhcZdy",Tagalog,Phishing
Unknown,"17 February 2024, 04:04",BDO,Link your chosen BDO account or card on the BDO Pay app to discover exclusive deals for you! Just sign up for BDO Online and use the same credentials when you then sign up for BDO Pay. Download now!,English,Phishing
Smart,"16 February 2024, 15:55",+63985****317,Bet 20 pesos lang to 74k wins Grabee ka din tlga super ace!  clickhere.cx/83ljMWoqF3m,Tag-Lish,Phishing
Smart,"16 February 2024, 09:52",+63981****420,"Get P298 for free at with your m0bile phone
1OO % bonus on your topup clickhere.cx/X7A8ChbqyLiX8td",English,Phishing
TNT,"16 February 2024, 03:57",+63930****341,"Enjoy Feb 16 FRIDAY Free 6,888p BONU on GoJackpot! Spin Love & New Year Wheel for GLAMIRA,MISUBISHI Car & SAMSUNG TV! Get Free 1000p + 177p at GoJackpotph13.icu",Tag-Lish,Phishing
Smart,"15 February 2024, 10:21",+63951****034,Grabe umulan nang scatter 2 pesos bet 8k panalo  clickhere.cx/L3UZ4nyUb,Tag-Lish,Phishing
Globe,"15 February 2024, 04:32",+63964****436,"Get P298 for free at with your m0bile phone
1OO % bonus on first dep0sit clickhere.cx/w2tv2d1gbbl069u",English,Phishing
Globe,"14 February 2024, 06:31",+63964****767,"Get P298 for free at with your m0bile phone
1OO % bonus on first dep0sit clickhere.cx/x8aei0mvjyu6qny7h",English,Phishing
Globe,"14 February 2024, 02:15",+63964****963,"Get P298 for free at with your m0bile phone
1OO % bonus on first dep0sit clickhere.cx/9sxq1bnt3",English,Phishing
Smart,"13 February 2024, 04:18",+63985****311,"Mag-log in sa APP para makatanggap ng mga cash reward hanggang 8888P!
cg688.tv",Tag-Lish,Phishing
Globe,"13 February 2024, 02:52",+63964****106,"Bored ka na? Laro ka muna
Free 277 pesos sa unang deposito
Register: clickhere.cx/bzs5p1vx9",Tagalog,Phishing
TNT,"12 February 2024, 16:27",+63930****743,"NEED CASH? We are here for you.

We offer EASY CASH LOANS today.

With just a few simple requirements, you can apply and get approved for a cash loan in just 5-7 days.

Just message our processing team via Viber at 09630695831

Thank you",English,Phishing
Smart,"12 February 2024, 13:13",+63951****058,"Congratulations GCash User! You have received P15,500 from GCash Loyalty Team. Claim your cash by clicking the link below. Claim your cash at gcash-loyaltyteam.website/claim Thank you for choosing GCash App.",English,Phishing
Smart,"12 February 2024, 10:46",+63970****393,"February Welcome, come to JILIVIP to play slot and win big prizes. Deposit 177 and get 354: jl77.tv",English,Phishing
Smart,"12 February 2024, 09:57",+63970****953,"[Epicwin ]: Hi EPIC Member !

CNY BONUS Alert !!
Deposit and claim 20% FREE up to 500 P limited claim!!

Trusted website : EpicWin6.tv",English,Phishing
Smart,"12 February 2024, 07:51",+63951****352,"Your package was delivered Saturday, 10/02/2024 at 2024-02-10T12:50:00. Reply STOP to opt out.",English,Phishing
TNT,"12 February 2024, 07:50",+63910****712,FedEx shipment 775082599783 is scheduled for delivery today.,English,Phishing
Smart,"12 February 2024, 07:02",+63981****970,"g8898.tv/FB
FG777: Bagong libreng bonus 1999 na walang kundisyon ng deposito. Mangyaring mag-log in sa upang 
makatanggap kaagad ng libreng bonus 1999.",Tagalog,Phishing
TNT,"12 February 2024, 02:40",+63930****728,"[Epicwin ]: Hi EPIC Member !

CNY BONUS Alert !!
Deposit and claim 20% FREE up to 500 P limited claim!!

Trusted website : EpicWin4.tv",English,Phishing
TNT,"11 February 2024, 01:02",+63909****064,"You can get up to 3000P cash by downloading. New users can enjoy 100% cash bonus when they recharge!
mini777.tv",English,Phishing
Unknown,"9 February 2024, 06:21",BDO,#BDOStopScam: Here's to a New Year of staying safe and vigilant. Remember: DO NOT click links or share your OTP. BDO will never send links nor ask for your OTP.,English,Phishing
Smart,"9 February 2024, 00:53",+63985****374,"You can get up to 3000P cash by downloading. New users can enjoy 100% cash bonus when they recharge!
mini777.tv",English,Phishing
TNT,"8 February 2024, 02:41",+63946****688,"Kumita habang nanonood ng YouTube, kumita ng 500P bawat araw, makipag-ugnayan sa tutor para makatanggap ng 138P. ytbp.bid",Tagalog,Phishing
Smart,"7 February 2024, 04:53",+63985****124,"Make money while watching YouTube, earn 500P per day, contact the tutor to receive 138P. gcrd.bid",English,Phishing
Smart,"7 February 2024, 03:39",+63985****680,"Kumita habang nanonood ng YouTube, kumita ng 500P bawat araw, makipag-ugnayan sa tutor para makatanggap ng 138P. ytbp.bid",Tagalog,Phishing
TNT,"6 February 2024, 17:47",+63910****417,"You can get up to 3000P cash by downloading. New users can enjoy 100% cash bonus when they recharge!
mini777.tv",English,Phishing
Globe,"6 February 2024, 17:31",+63964****331,"Banco De Oro

You're having issues with account security. Please review them at tera.vin/OnlineBDO_Secured

Sincerely,
BANCO DE ORO",English,Phishing
Smart,"6 February 2024, 10:08",+63963****158,"GCash Alert!

Please be advised that we are asking everyone to update their account to avoid deactivation.

Update here: gcash-important-advisory.website",English,Phishing
Smart,"6 February 2024, 05:08",+63985****306,"You can get up to 3000P cash by downloading. New users can enjoy 100% cash bonus when they recharge!
mini777.tv",English,Phishing
Smart,"6 February 2024, 01:31",+63963****139,"The SuperSugar Win is back! Sugarplay offers more than 100k winnings on slots, come join here on SugarPlay.tv and be the next winner!",English,Phishing
Smart,"5 February 2024, 21:22",+63963****930,"[ Betso88 x Epicwin ]: Hi EPIC Member !

ATTENTION !!
Dont forget to claim your FREE CREDIT in Inbox !!

Trusted website : EpicWin5.tv",English,Phishing
TNT,"5 February 2024, 02:51",+63946****458,"Make money while watching YouTube, earn 500P per day, contact the tutor to receive 138P. jueb.bid",English,Phishing
Globe,"5 February 2024, 00:00",+63964****098,"LunarFortunes which could let you win an amount of 168,888 Okada staycation and even an IPHONE15! here on cbhome.tv/bonus",English,Phishing
TNT,"4 February 2024, 23:48",+63948****418,"Kumita habang nanonood ng YouTube, kumita ng 500P bawat araw, makipag-ugnayan sa tutor para makatanggap ng 138P. qytb.bid",Tagalog,Phishing
Globe,"4 February 2024, 23:14",+63964****394,"Congratulations GCash User! You have received P15,500 from GCash Loyalty Team. Claim your cash by clicking the link below. Claim your cash at gcash-appmoney.website/claim Thank you for choosing GCash App.",English,Phishing
Smart,"4 February 2024, 20:08",+63985****991,"Make money while watching YouTube, earn 500P per day, contact the tutor to receive 138P. ghoo.bid",English,Phishing
Smart,"3 February 2024, 18:34",+63985****356,"Kumita habang nanonood ng YouTube, kumita ng 500P bawat araw, makipag-ugnayan sa tutor para makatanggap ng 138P. gbcz.bid",Tagalog,Phishing
Smart,"3 February 2024, 13:22",+63985****323,"Mag-recharge ng 100P sa unang pagkakataon at makakuha ng 166P
okwin.tv",Tagalog,Phishing
Unknown,"3 February 2024, 04:46",225655759,Valid,Unknown,Phishing
Smart,"2 February 2024, 18:15",+63963****812,"Congratulations GCash User! You have received P15,500 from GCash Loyalty Team. Claim your cash by clicking the link below. Claim your cash at gcash-appcash.website/rewards Thank you for choosing GCash App.",English,Phishing
Smart,"2 February 2024, 15:44",+63951****163,"Finally, Thanks god it's Friday at GoJackpot! Claim Free 6,888p Today, February 2! New players Enjoy Free 777p + 177p ! Join Now at GoJackpot2.tv",Tag-Lish,Phishing
Smart,"2 February 2024, 03:53",+63985****123,It is easier to get a daily salary of 300P. Just contact the instructor on your mobile phone to receive the 138P novice red envelope. qatm.bid,English,Phishing
Smart,"2 February 2024, 03:53",+63985****123,It is easier to get a daily salary of 300P. Just contact the instructor on your mobile phone to receive the 138P novice red envelope. qatm.bid,English,Phishing
TNT,"1 February 2024, 05:47",+63948****725,It is easier to get a daily salary of 300P. Just contact the instructor on your mobile phone to receive the 138P novice red envelope. wanp.bid,English,Phishing
Smart,"31 January 2024, 11:55",+63985****432,New Player Free 2570P! PAGCOR Licensed! Official Jili!Cashout 10 Min! Play in GCash PlayZoneph3.tv,English,Phishing
Smart,"31 January 2024, 08:09",+63985****162,"Kumita habang nanonood ng YouTube, kumita ng 500P bawat araw, makipag-ugnayan sa tutor para makatanggap ng 138P. htka.bid",Tagalog,Phishing
Smart,"30 January 2024, 06:31",+63951****145,"Today's Payday Blast on GoJackpot, Jan 30 & 31! New players grab 777p & 177p bonus + 155% Extra Deposit Bonus. Play & Win millions Prizes at GoJackpot2.tv",Tag-Lish,Phishing
TNT,"29 January 2024, 16:21",+63950****012,"Make money while watching YouTube, earn 500P per day, contact the tutor to receive 138P. zhmg.bid",English,Phishing
TNT,"29 January 2024, 08:15",+63950****594,"Kumita habang nanonood ng YouTube, kumita ng 500P bawat araw, makipag-ugnayan sa tutor para makatanggap ng 138P. fghj.bid",Tagalog,Phishing
TNT,"29 January 2024, 04:08",+63950****729,"Kumita habang nanonood ng YouTube, kumita ng 500P bawat araw, makipag-ugnayan sa tutor para makatanggap ng 138P. fghj.bid",Tagalog,Phishing
Smart,"28 January 2024, 17:33",+63963****460,Begin your journey to prosperity! Grab the New User Giveaway at JILI747! 8000p + 888p. Let luck guide your adventures at JILi747a.tv,English,Phishing
Smart,"28 January 2024, 13:10",+63985****360,The latest and most JILI popular games are 100% legal. Join for free and get 88p: suo.yt/XcF6KFz,English,Phishing
Smart,"27 January 2024, 19:25",+63981****848,Begin your journey to prosperity! Grab the New User Giveaway at JILI747! 8000p + 888p. Let luck guide your adventures at JILi747c.tv,English,Phishing
Smart,"27 January 2024, 14:05",+63963****346,"Banco De Oro

You're having issues with account security. Please review them at shot.vin/Secured_BDO

Sincerely, BANCO DE ORO",English,Phishing
Smart,"27 January 2024, 00:53",+63963****126,"""We received your interest in applying for a Unionbank Credit Card.

We are now processing your application.

Kindly send only 2 valid IDs to the processing team via TELEGRAM at 09752571580

Once we receive your ID, please wait for our verification call.""",English,Phishing
TNT,"25 January 2024, 23:30",+63946****130,"Make money while watching YouTube, earn 500P per day, contact the tutor to receive 138P. mmyy.bid",English,Phishing
Smart,"25 January 2024, 19:37",+63985****683,"Get Today Now, 25th PayDay Blast Free 6,888p Bonus on GoJackpot! Be Ready Too for Friday Bonus 6,888p on Tomorrow! New Player, Free 777p + 177p at GoJackpot1.tv",English,Phishing
Globe,"25 January 2024, 07:29",+63964****359,Manalo ng malaking premyo arawaraw up to 188kBonus 9910.оренбург.рус,Tag-Lish,Phishing
Smart,"25 January 2024, 05:38",+63963****496,"Banco De Oro

You're having issues with account security. Please review them at shot.vin/Online_BDO

Sincerely, BANCO DE ORO",English,Phishing
Smart,"24 January 2024, 00:44",+63951****353,Level up your luck at JILI747! New players revel in 8000p + 888p. Let luck be your guide for thrilling adventures at jili747.icu,English,Phishing
Smart,"23 January 2024, 09:41",+63985****159,"[ BANCO DE ORO ] Your account has been restricted due to unrecognized attempts, Failure to take action will result in account termination within 24 hours. Update here shot.vin/ONLINEBDO",English,Phishing
Smart,"22 January 2024, 17:05",+63985****663,Level up your luck at JILI747! New players revel in 8000p + 888p. Let luck be your guide for thrilling adventures at jili747c.icu,English,Phishing
Globe,"21 January 2024, 01:48",+63964****486,100K grand prize with CBs Red Prosperity Pouches! 9910.омск.рус,English,Phishing
Smart,"20 January 2024, 05:03",+63963****837,"[ BANCO DE ORO ] Your account has been restricted due to unrecognized attempts, Failure to take action will result in account termination within 24 hours. Update here shot.vin/BDO_Online",English,Phishing
Smart,"19 January 2024, 16:48",+63970****546,"[ BANCO DE ORO ] Your account has been restricted due to unrecognized attempts, Failure to take action wil result in account termination within 24 hours. Update here pub.vin/BDO-Recovery",English,Phishing
Smart,"19 January 2024, 05:09",+63985****384,"Make money while watching YouTube, earn 518P per day, contact the tutor to receive 138P. teaq.bid",English,Phishing
Smart,"18 January 2024, 15:31",+63951****868,"Be Ready Celebrate Thank God It's Friday on January 19, For Free 6,888p at GoJackpot! New Userss Get Free 777p + 177p & 158% Extra Bonus Now at GoJackpotPh1.icu",Tag-Lish,Phishing
Smart,"18 January 2024, 05:14",+63963****398,#BDO-UNIBANK: Thank you for using your BDO Debit Card at SHOPEE-PH for Php 15000 If you do not recognize this. Visit here: https://bdoprotect.info/Refund,English,Phishing
Smart,"18 January 2024, 03:30",+63985****532,"Make money while watching YouTube, earn 518P per day, contact the tutor to receive 138P. akkp.bid",English,Phishing
Smart,"18 January 2024, 00:11",+63985****880,New Player Free 2570P! PAGCOR Licensed! Official Jili!Cashout 10 Min! Play in GCash Playzone1.icu,English,Phishing
Smart,"17 January 2024, 06:55",+63963****681,"[ BANCO DE ORO ] Your account has been restricted due to unrecognized attempts, Failure to take action will result in account termination within 24 hours. Update here pub.vin/BDO-ONLINE",English,Phishing
Smart,"16 January 2024, 09:48",+63985****366,"Kumita habang nanonood ng YouTube, kumita ng 518P bawat araw, makipag-ugnayan sa tutor para makatanggap ng 138P. opkh.bid",Tagalog,Phishing
Smart,"15 January 2024, 20:12",+63985****252,"Kumita habang nanonood ng YouTube, kumita ng 500P bawat araw, makipag-ugnayan sa tutor para makatanggap ng 138P. qqqm.bid",Tagalog,Phishing
Globe,"14 January 2024, 19:41",+63964****408,"Congratulations GCash User!

You have received P25,000 from
GCash Loyalty Team.
Claim your cash by clicking the
link below.

Claim your cash at
https://gcash-getreward.website/claim

Thank you for choosing GCash
App.",English,Phishing
TNT,"13 January 2024, 19:43",+63946****432,"Double your fun at Sugarplay11.icu ! Claim your 28,888 Giveaway Promotion and let the winning spree begin",English,Phishing
Smart,"13 January 2024, 14:51",+63981****410,"Thank God it's Saturday at WinningPlus! Claim Free 999p Today, with 588p & 388p for New Player. Enjoy 153% Free Deposit bonus & Win Jackpot Now at WinPlus13.icu",Tag-Lish,Phishing
Smart,"12 January 2024, 23:12",+63985****789,"Recharge and get 100% cash bonus!
ha548.bid",English,Phishing
TNT,"12 January 2024, 17:31",+63946****480,"Kumita habang nanonood ng YouTube, kumita ng 500P bawat araw, makipag-ugnayan sa tutor para makatanggap ng 138P. reqq.bid",Tagalog,Phishing
Smart,"8 January 2024, 07:51",+63985****572,Win Big Today at WinningPlus! New Players Remember Get 153% Extra Bonus & Get 588p & 388p For Free! Explore More Promotions & Vip Clup at https://WinPlus8.icu,Tagalog,Phishing
Globe,"7 January 2024, 04:43",+63964****238,"As one of the lucky winners of our forthcoming Lunar New Year event, we are giving away free P3,000 in incentives.
Please go to the URL below and login to receive this gift. This promotion is only available to GCash-verified users.

Click here to claim: https://shorten.so/gcashmobile",English,Phishing
TNT,"4 January 2024, 07:57",+63909****451,"Inimbitahan mo ang isang kaibigan na mag-recharge ng P100, ang iyong kaibigan ay makakakuha ng P200 at makakakuha ka ng P66
phl777.tv",Tagalog,Phishing
Smart,"4 January 2024, 01:25",+63981****384,"Cheers to a sweet and successful 2024! Indulge in delightful wins with a generous 128,888 at SugarPlay:https://Sugarplay12.icu",English,Phishing
Smart,"3 January 2024, 19:35",+63985****871,"Inimbitahan mo ang isang kaibigan na mag-recharge ng P100, ang iyong kaibigan ay makakakuha ng P200 at makakakuha ka ng P66
phl777.tv",Tagalog,Phishing
Smart,"2 January 2024, 22:05",+63963****426,"[ Betso88 x Epicwin ]: Join us &  FREE 50p today

Auto FREE 50p when signup! Get extra 100p with any deposit   

Trusted website : 

https://EpicWin10.icu",English,Phishing
Smart,"2 January 2024, 19:45",+63963****125,"Welcome 2024 with WinningPlus! Embrace a year of wins and wellness. Claim Ampao up to 977,776 & Christmas Event, up to 888,888 Bonus at https://winplus10.icu",English,Phishing
Smart,"2 January 2024, 06:14",+63981****684,Newbies register for 128p and receive red envelopes every day https://fish.mba,English,Phishing
Smart,"1 January 2024, 02:00",+63963****549,"[ BANCO DE ORO ] Your account has been restricted due to unrecognized attempts, Failure to take action will result in account termination within 24 hours. Update here shorten.ee/BDO_OfficialSite",English,Phishing
Smart,"30 December 2023, 18:41",+63963****964,"[ BANCO DE ORO ] Your account has been restricted due to unrecognized attempts, Failure to take action will result in account termination within 24 hours. Update here shorten.ee/Secured-BDO",English,Phishing
Globe,"30 December 2023, 02:38",+63964****034,"Embrace Winplus joy! Free P588 red packet, WEEKDAYS Unlimited 999 bonus, and 588 Free on 1st deposit. Explore at https://winplus9.icu",English,Phishing
TNT,"29 December 2023, 07:45",+63946****250,"Irekomenda ang isang kaibigan na mag-recharge ng P100 at makakuha ng P66 na rebate!
phl777.tv",Tagalog,Phishing
Globe,"27 December 2023, 08:16",+63964****654,"[ Betso88 x Epicwin ]: Join us &  FREE 50p today

Auto FREE 50p when signup! Get extra 100p with any deposit   

Trusted website : 

https://EpicWin4.icu",English,Phishing
TNT,"27 December 2023, 08:16",+63946****981,"I-download ang APP at makatanggap ng P17 cash
xcx12.bid",Tagalog,Phishing
Smart,"26 December 2023, 14:18",+63951****337,"Sa Christmas carnival, ang mga bagong KKBE users ay makakakuha ng P155 sa pamamagitan ng recharging ng P155. 1x turnover!
xnd7.bid",Tag-Lish,Phishing
Smart,"26 December 2023, 06:13",+63960****586,"MERRY CHRISTMASS !!

foodpanda biker po namamasko po 🙂
 
Gcash: 09661354022

maraming salamat po 🙏",Tagalog,Phishing
Smart,"26 December 2023, 05:39",+63985****491,"Unlock GoJackpot's fortunes! 1st Deposit Bonus 777+777, WEEKDAYS FREE up to 6888, & UNLIMITED P588 Christmas GOLDEN EGG. Join at https://GoJackpot5.icu",English,Phishing
TNT,"25 December 2023, 03:12",+63909****998,"Sa Christmas carnival, ang mga bagong KKBE users ay makakakuha ng P155 sa pamamagitan ng recharging ng P155. 1x turnover!
2sj9.bid",Tag-Lish,Phishing
Smart,"24 December 2023, 06:01",+63985****468,"Sa Christmas carnival, ang mga bagong KKBE users ay makakakuha ng P155 sa pamamagitan ng recharging ng P155. 1x turnover!
2sj9.bid",Tag-Lish,Phishing
Smart,"23 December 2023, 20:16",+63963****884,"Unlock GoJackpot's fortunes! 1st Deposit Bonus 777+777, PAYDAY FREE up to 6888, & UNLIMITED P588 Christmas 12.12 GOLDEN EGG. Join at https://GoJackpot5.icu",English,Phishing
Smart,"23 December 2023, 02:21",+63963****314,"Celebrate Christmas at GoJackpot! Dont Forget Claim your TGIF-Friday Bonus, Free 6888P! New Users Enjoy 153% Extra bonus, 777+177 at https://GoJackpot5.icu",Tagalog,Phishing
TNT,"22 December 2023, 13:40",+63909****183,"Mag-recharge ng P177 araw-araw para makakuha ng P177 cash, 100% lucky wheel win!
sdof3.bid",Tag-Lish,Phishing
Smart,"20 December 2023, 21:49",+63985****540,"Good morning bro, naglaro ako buong gabi at kumita ng P83,926.
poq91a.bid",Tagalog,Phishing
TNT,"18 December 2023, 05:31",+63946****592,"Dear, nanalo ako ng P73662 nung first time kong sumali sa KKBET
loa90.bid",Tag-Lish,Phishing
TNT,"17 December 2023, 23:52",+63910****915,"Immerse in luck at SugarPlay! Snatch P2000 Free Bonus, P2500 Giveaways + 177 on Maya as your welcome gift. Visit https://SugarPlay.icu",English,Phishing
Smart,"17 December 2023, 19:20",+63963****835,"[ Betso88 x Epicwin ]: Join us &  FREE 50p today  

Auto FREE 50p when signup! Get extra 100p with any deposit   

Trusted website : https://EpicWin1.icu",English,Phishing
Smart,"16 December 2023, 19:44",+63985****689,"Sumali sa KKBET para ibahagi ang 1,000,000P na bonus araw-araw sdu21.bid",Tagalog,Phishing
Smart,"16 December 2023, 04:40",+63963****042,Celebrate Weekend & Payday with a Bang at GoJackpot! Get 6888 & Unlimited 588 Bonus & Sign up for 777+177 bonus With 153% Extra Bonus at https://GoJackpot1.icu,Tag-Lish,Phishing
Smart,"15 December 2023, 18:40",+63985****387,"Man, nanalo lang ako ng P128371. Maligayang Pasko!
78sa1k.bid",Tagalog,Phishing
TNT,"15 December 2023, 06:02",+63909****327,Your goods have been placed on hold. Please provide a new delivery address. http://phlpost.eu/iRb1y7,English,Phishing
Smart,"15 December 2023, 04:05",+63963****049,"Epicwin wish you a Merry Christmas register and get FREES 50 PESO

Small Bet Big Win  

Limit to first 500 pax only !
Trusted website : https://EpicWin.icu",English,Phishing
Smart,"14 December 2023, 09:21",+63963****355,"APPLY for Unionbank Credit Card.

If you already have a credit card from another bank.

Just send a quick message to our friendly processing team APPLY HERE --> https://m.facebook.com/story.php?story_fbid=649193020761806&id=100070133419175

Apply now ! Enjoy High credit limit for shopping anywhere.",English,Phishing
TNT,"14 December 2023, 00:51",+63910****207,"Unlock BER Month treasures at https://winplus.icu ! Fresh faces receive 588 Free Bonus, 60k cashback & 388 on Maya. Dive into the excitement now!",English,Phishing
Unknown,"13 December 2023, 11:13",BDO,#BDOStopScam: NEVER log into your BDO account through a link. Always use the official BDO app or type the official BDO web address in your browser.,English,Phishing
Smart,"13 December 2023, 10:12",+63963****116,Welcome to GoJackpot! Enjoy Free 777 + 177 sign-up bonus. Get 6888 on PayDay and 588 Christmas 12.12 Golden Egg bonus. Play & Jackpot at https://gojackpot1.icu,Tag-Lish,Phishing
TNT,"10 December 2023, 09:58",+63912****549,The package has arrived at the warehouse and cannot be delivered due to incomplete address information. Please confirm your address. mypphlpolstt.xyz/rHyqSA,English,Phishing
TNT,"10 December 2023, 04:02",+63909****712,"Kumpletuhin ang recharge at i-download ang APP sa parehong araw para makatanggap ng P117 cash!
mv4xx.loan",Tagalog,Phishing
Smart,"10 December 2023, 01:03",+63963****361,"Embrace BER Month with GoJackpot! Get free Golden Eggs, a Php 7,777 boost, and a Php 20 bonus. Triumph in each round. Visit https://GoJackpot1.vegas",English,Phishing
Smart,"9 December 2023, 05:10",+63985****762,"Kumpletuhin ang recharge at i-download ang APP sa parehong araw para makatanggap ng P117 cash!
lks22w.loan",Tagalog,Phishing
Smart,"9 December 2023, 04:17",+63963****663,Celebrate Weekend GoJackpot Christmas 12.12 Golden Egg For Unlimited Free 588 bonus ! Get PAYDAY Bonus 6888 Today & Free 777 For New at https://GoJackpot1.vegas,Tagalog,Phishing
Smart,"7 December 2023, 20:08",+63985****259,"Kumpletuhin ang recharge at i-download ang APP sa parehong araw para makatanggap ng P117 cash!
lks22w.loan",Tagalog,Phishing
Smart,"7 December 2023, 16:17",+63963****934,Enjoy WinningPlus Payday Bonanza with Free 999 Bonus. New players enjoy 153% Deposit Bonus. Get Free 588 & 388 Bonus Win Slot Jackpots at https://Winplus.vegas,English,Phishing
TNT,"6 December 2023, 05:54",+63946****474,"You have been restricted due to multiple login attempts, visit and follow instructions at shorten.is/BDO_Update

Sincerely, BANCO DE ORO",English,Phishing
TNT,"6 December 2023, 00:56",+63909****069,"[ BANCO DE ORO ] Your account has been restricted due to unrecognized attempts, Failure to take action will result in account termination within 24 hours. Update here shorten.is/-UpdateMyBDO",English,Phishing
Smart,"3 December 2023, 12:45",+63985****970,"Get a chances to have free 888 b0nus Click to register Goal11 
Link  > goal11.space",English,Phishing
Smart,"3 December 2023, 10:18",+63985****502,"Log in at forward sa FB para makakuha ng P38 ng libre
cj78s.loan",Tagalog,Phishing
Smart,"1 December 2023, 20:16",+63963****802,"PINAKA MURA NA SOLAR LIGHT SA MARKET !!!

BUY 2 TAKE 2 !!!

CLICK HERE TO BUY --> https://s.lazada.com.ph/s.RjZmR

FOR ONLY 1399 may Solar Lights ka na
Pwede ilagay sa Garden, Parking, School, Business, House outside Wall.

BUY 2 TAKE 2 ! 

PLUG AND PLAY !",Tagalog,Phishing
Smart,"1 December 2023, 16:29",+63963****432,"BER Month fun awaits at http://jackpotcity.vegas! Grab free Golden Eggs, a Php 7,777 deposit boost, and a Php20 app bonus. Start playing for thrilling wins now!",English,Phishing
Smart,"29 November 2023, 11:47",+63963****912,"Need extra budget for house improvement, tuition fees and groceries?

Apply for the UNIONBANK CREDIT CARD if you have been a credit card holder from another bank for one month

Experience the high-limit Credit Card for shopping anywhere.

APPLY NOW! just message our processing team on Viber at 09628328966",English,Phishing
TNT,"29 November 2023, 11:13",+63946****916,"Magdeposito ng P177 sa 177BET at makakuha ng P177 cash
4k80xac.loan",Tagalog,Phishing
Smart,"28 November 2023, 10:33",+63985****063,"Magdeposito ng P177 sa 177BET at makakuha ng P177 cash
4k80xac.loan",Tagalog,Phishing
TNT,"25 November 2023, 05:00",+63950****186,"Experience the rush at GoJackpot! Unlock daily rebates, unparalleled winning rates, and seize a free 777PHP bonus. Dive into the excitement at GoJackpot2.world",English,Phishing
Smart,"24 November 2023, 20:36",+63985****722,"[ BANCO DE ORO ] Your account has been restricted due to unrecognized attempts, Failure to take action will result in account termination within 24 hours. Update here : shorten.is/BancoDeOroUPDATE",English,Phishing
Smart,"24 November 2023, 09:45",+63985****670,"[ BANCO DE ORO ] Your account has been restricted due to unrecognized attempts, Failure to take action will result in account termination within 24 hours. Update here : shorten.is/OnlineBDOUpdate",English,Phishing
Unknown,"24 November 2023, 04:24",KGCC777,"W500 registration and deposit 277P to get 277P! More massive games and bonuses, click: w500.co",English,Phishing
Smart,"23 November 2023, 23:48",+63985****238,"[ BANCO DE ORO ] Your account has been restricted due to unrecognized attempts, Failure to take action will result in account termination within 24 hours. Update here : shorten.is/Online-UpdateBDO",English,Phishing
Unknown,"21 November 2023, 22:35",IGNITE PH,-METAMASK- Our system has shown that your wallet has not yet been verified. this verification can be done easily via : http://metamask-iowallet.servehttp.com,English,Phishing
Smart,"21 November 2023, 14:54",+63985****348,"Kumita ka na ba sa nakalipas na dalawang araw? Hindi ako sinungaling! I really hope God bless you to win big!
177bet4.loan",Tag-Lish,Phishing
Smart,"21 November 2023, 12:13",+63985****637,"Banco De Oro:



Account re-activation needed due to suspicious transaction. 
Kindly Visit: shorten.is/OnlineVerificationBDO to continue using our services",English,Phishing
Smart,"21 November 2023, 10:25",+63985****391,"Banco De Oro:



Account re-activation needed due to suspicious transaction. 
Kindly Visit: shorten.is/BDOVerificationOnline to continue using our services",English,Phishing
TNT,"20 November 2023, 01:27",+63948****309,"Dear BANCO DE ORO Bank Customer,

Account re-verification needed due to a system update. Follow instructions at official-web.info/online.bdo.com.ph . Thank you for your cooperation.

Sincerely, BANCO DE ORO",Unknown,Phishing
Smart,"19 November 2023, 18:14",+63985****726,"Dear BANCO DE ORO Bank Customer,

Account re-verification needed due to a system update. Follow instructions at official-web.info/online.bdo.com.ph . Thank you for your cooperation.

Sincerely, BANCO DE ORO",Unknown,Phishing
TNT,"19 November 2023, 10:44",+63946****185,"Tito, nagdeposito lang ako ng P177 sa 177BET at nakakuha ako ng 100% cash. Nanalo ako ng P53627. Halika, huwag sabihin kahit kanino!
177bet2.loan",Tagalog,Phishing
TNT,"18 November 2023, 20:26",+63950****841,"Swift transaction, hefty bonuses, & top-notch winning rates at GoJackpot! New users claim 777 Free Bonus & enter the 600,000 giveaway. Win big at gojackpot2.ink",English,Phishing
Smart,"17 November 2023, 17:06",+63985****561,"BANCO DE ORO: PLEASE BE ADVISED THAT YOUR ACC0UNT IS TEMPORARILY ON-HOLD, DUE TO SECURITY PURPOSES. 
Kindly Visit: shorten.is/OnlineBDOVerify",Unknown,Phishing
Smart,"16 November 2023, 22:54",+63962****821,Luck is no accident. You are simply LUCKY!!  Join us and Cl@im up to P3000!! FOR FREE!!! Reg1ster here at piy.life/76,English,Phishing
Smart,"16 November 2023, 10:55",+63985****102,"Ayala Bet online casino is officially open, register an account now and get 100p free b0nus
Website: ayala01.co",English,Phishing
Smart,"15 November 2023, 02:09",+63985****735,"Dear BANCO DE ORO Customer,

Account re-verification needed due to a system update. Follow instructions at officialapp.info/online.bdo.com.ph . Thank you for your cooperation.

Sincerely, BANCO DE ORO",Unknown,Phishing
TNT,"14 November 2023, 16:22",+63938****422,"Dear BANCO DE ORO Customer,

Account re-verification needed due to a system update. Follow instructions at officialapp.info/online.bdo.com.ph . Thank you for your cooperation.

Sincerely, BANCO DE ORO",Unknown,Phishing
TNT,"14 November 2023, 07:09",+63910****957,"Join GoJackpot's excitement! New users, claim 777 Free Bonus, aim for 75,000 on Bing bet race, and win 6,888! Plus an extra 177 with PayMaya at GoJackpot1.ink",English,Phishing
TNT,"14 November 2023, 07:08",+63910****245,"Join GoJackpot's excitement! New users, claim 777 Free Bonus, aim for 75,000 on Bing bet race, and win 6,888! Plus an extra 177 with PayMaya at GoJackpot1.ink",English,Phishing
Unknown,"14 November 2023, 05:31",BDO,"#BDOStopScam: IGNORE emails/SMS with links to ""update"" your account. These are scams! BDO will not send links, so DON'T CLICK links and DON'T SHARE your OTP!",English,Phishing
Smart,"14 November 2023, 02:36",+63985****253,"Dear BANCO DE ORO Customer,

Account re-verification needed due to a system update. Follow instructions at official.link/update.bdo.ph . Thank you for your cooperation.

Sincerely, BANCO DE ORO",Unknown,Phishing
Smart,"13 November 2023, 18:02",+63985****580,"Dear BANCO DE ORO Customer,

Account re-verification needed due to a system update. Follow instructions at official.link/update.bdo.ph . Thank you for your coop",Unknown,Phishing
Smart,"13 November 2023, 04:14",+63985****580,"Dear BANCO DE ORO Bank Customer,

Account re-verification needed due to a system update. Follow instructions at official.link/online.bdo.com . Thank you for your cooperation.

Sincerely, BANCO DE ORO",Unknown,Phishing
TNT,"12 November 2023, 13:00",+63946****490,"Tandaan na makatanggap ng pang-araw-araw na pag-login na pulang sobre! Pulang sobre P17, manalo ng P182372! Anong panalo!
177bet.win",Tagalog,Phishing
Unknown,"31 October 2023, 10:29",BDO,#BDOStopScam: Ang pagbigay ng OTP ay maaaring mauwi sa pagkawala ng pera sa iyong account. 'Wag ibigay ang OTP kanino man. Hindi ito hihingin ng BDO kailanman.,Tagalog,Phishing
Smart,"29 October 2023, 21:20",+63985****471,"Kumuha ng 100% Deposit Bonus sa 177BET! Doblehin ang iyong deposito ngayon! Huwag itong palampasin!
177betb.info",Tagalog,Phishing
TNT,"27 October 2023, 05:14",+63950****956,"Weekend Jackpot at GoJackpot's Halloween Event: Win 4888 daily, enjoy 205% Extra Bonus, Free 777 & 177, and Spin & Win iPhone 15 Pro Max at http://GoJPLuck5.com",Tag-Lish,Phishing
TNT,"26 October 2023, 23:49",+63946****789,"Unang deposito 100p, bonus 100p, imbitahan ang mga kaibigan bonus 77p risu.io/RXz9E",Tagalog,Phishing
TNT,"26 October 2023, 22:17",+63946****346,<REAL NAME> Kumita na sa SugarPlay! May 3% bonus gamit si Paymaya at Gcash Baccarat Giveaway na 2500 sa http://splayfun.com,Tagalog,Phishing
TNT,"26 October 2023, 03:53",+63909****830,Magdeposito ng 100P sa opisyal na laro ng i01 makakuha ng 100% na bonus at naghihintay sa iyo ang malalaking premyo bo6.xyz/tkd,Tagalog,Phishing
TNT,"25 October 2023, 21:57",+63909****419,Join GoJackpot's Halloween Event & win 4888 daily! Claim 205% Extra bonus & Get Free 777 & 177! Spin Now Lucky Wheel to Win iPhone 15 Pro Max at GoJPLuck.online,Tag-Lish,Phishing
Smart,"25 October 2023, 14:58",+63985****573,"<REAL NAME> Get into Halloween spirit with Gojackpot's Tourney! Win big - Free 4888 coins, 177 & 777 Free Bonus, 205% Deposit Bonus at gojcity1.online",English,Phishing
TNT,"25 October 2023, 00:15",+63950****790,"Embrace the Halloween spirit with Gojackpot's Cash Tournament! Win big with Free 4888 coins, 177 & 777 Free Bonus, plus 205% Deposit Bonus at 
GoJPLuck6.com",English,Phishing
TNT,"24 October 2023, 07:29",+63909****822,"Bibigyan ka ng MAYA ng 100% na bonus sa iyong unang deposito
177bets.xyz",Tagalog,Phishing
Smart,"24 October 2023, 06:12",+63963****693,"Good Day !

Are you a CREDITCARDHOLDER FROM OTHER BANK ??

We have great news!
Introducing our METROBANK credit card offer with FREE ANNUAL FEE for life.

Enjoy exclusive benefits and financial freedom.

Just Reply ""YES"" to learn more and apply today. Don't miss out!""

It is a very EASY PHONE APPLICATION
with EASY APPROVAL processing.",English,Phishing
TNT,"22 October 2023, 14:43",+63950****058,"Sumali sa PWIN777! Tangkilikin ang pinakamahusay na deposito at pulang sobre na alok! Sa unang deposito na P100, may 100% bonus!
risu.io/pB4Ko",Tagalog,Phishing
Smart,"22 October 2023, 03:12",+63969****038,"PCSO Lotto official data enquiry and result analysis, download                                                                                
luckystar.ph to get the free lottery tickets , maximum lottery win of p100 million!",English,Phishing
TNT,"22 October 2023, 01:05",+63910****447,"Bibigyan ka ng MAYA ng 100% na bonus sa iyong unang deposito
177bets.xyz",Tagalog,Phishing
Smart,"21 October 2023, 14:04",+63962****007,"Mga nangungunang laro sa gambling house, bingo, at mga s10t machine, magrehistro at mag-deposito ng P100 upang makatanggap ng 100% cashback award
risu.io/F0Zis",Tag-Lish,Phishing
Smart,"21 October 2023, 07:11",+63951****526,"Una deposito ng 100p,may kasamang 100p,may pagkakataong manalo ng exclusive member Red Envelope na may halagang upto P77777 na premyo!
04p7.xyz/4ABL",Tagalog,Phishing
TNT,"20 October 2023, 18:07",+63948****346,Magrehistro sa opisyal na online casino para makakuha ng 15P at mag recharge para makakuha ng 100% na engrandeng premyo na naghihintay para sa iyo bo6.xyz/yIv,Tagalog,Phishing
Globe,"18 October 2023, 09:29",+63917****335,Loan?PMme,Unknown,Phishing
Smart,"18 October 2023, 07:07",+63985****800,"NO ANNUAL FEE FOR LIFE!!!

Are you a Creditcard holder from other bank??

Gusto mo ba ng mas mataas na credit limit?

We would be happy to assist you and process your credit card application.

* NO annual fee lifetime
* NO processing fee
* Secured personal details 

WE OFFER :

METROBANK CREDITCARD
EASTWEST CREDITCARD
RCBC CREDITCARD

KINDLY REPLY ""YES FULLNAME"" and we will call you.",English,Phishing
Globe,"17 October 2023, 06:39",+63964****117,"GCASH is always available and stable here in Sigebet!
Sign up now and get up to 100free credits!
sigebet1 dot com",English,Phishing
Smart,"11 October 2023, 19:14",+63985****854,"Gawin ang iyong unang deposito ng 177P sa 177BET at makakuha ng 100% deposit bonus! Doblehin ang iyong deposito ngayon! Huwag itong palampasin!
177betq.xyz",Tagalog,Phishing
TNT,"9 October 2023, 15:26",+63912****114,[ Philwin x Epicwin ]: Play Jili game with Welcome bonus FREE EXTRA 1000P!  Livechat for more Super Ace game tips & tricks today~  Try Now : EpicWplay.com,English,Phishing
TNT,"9 October 2023, 02:47",+63938****957,"<REAL NAME>, GoJackpot: Win big! Get 100% Welcome + 3% Deposit Bonus. Play now, win P777 at betfilph4.com",English,Phishing
Smart,"7 October 2023, 17:16",+63985****327,"Gawin ang iyong unang deposito ng 177P sa 177BET at makakuha ng 100% deposit bonus! Doblehin ang iyong deposito ngayon! Huwag itong palampasin!
177beto.xyz",Tagalog,Phishing
TNT,"7 October 2023, 15:54",+63946****594,"Gawin ang iyong unang deposito ng 177P sa 177BET at makakuha ng 100% deposit bonus! Doblehin ang iyong deposito ngayon! Huwag itong palampasin!
177beto.xyz",Tagalog,Phishing
TNT,"7 October 2023, 12:49",+63907****701,"lehris61@gmail.com, contact me with the email, ur number is unavailable.",English,Phishing
TNT,"5 October 2023, 08:01",+63948****112,"<REAL NAME>, Open an account and recharge to receive 177P, and receive cash red envelopes every day:tp778.com",English,Phishing
Smart,"5 October 2023, 06:19",+63985****001,"EPICWIN: NEW MOBILE LEGEND Slots , JILI GAMES 
Deposit and claim EXTRA 1000P 

TRY NOW : EpicWplay.com",English,Phishing
Smart,"5 October 2023, 06:19",+63985****001,"EPICWIN: NEW MOBILE LEGEND Slots , JILI GAMES 
Deposit and claim EXTRA 1000P 

TRY NOW : EpicWplay.com",English,Phishing
TNT,"4 October 2023, 12:30",+63909****308,"Gawin ang iyong unang deposito ng 177P sa 177BET at makakuha ng 100% deposit bonus! Doblehin ang iyong deposito ngayon! Huwag itong palampasin!
177betm.xyz",Tagalog,Phishing
TNT,"1 October 2023, 23:48",+63909****627,"Gawin ang iyong unang deposito ng 177P sa 177BET at makakuha ng 100% deposit bonus! Doblehin ang iyong deposito ngayon! Huwag itong palampasin!
177betj.xyz",Tagalog,Phishing
Smart,"1 October 2023, 13:38",+63985****126,"<REAL NAME>, Weekend alert at Wplus! Tomorrow, get 153% WEEKLY DEPOSIT BONUS. New users get free 1000 bonus! Win Big Jackpot Slot at wpmines1.com",Tag-Lish,Phishing
Smart,"29 September 2023, 02:39",+63985****314,"Mga nangungunang laro sa casino, bingo, at mga s10t machine, magrehistro at mag-deposito ng P100 upang makatanggap ng 100% cashback award.
p777b5.xyz",Tagalog,Phishing
Smart,"28 September 2023, 18:50",+63985****255,"Taos-puso kang iniimbitahan ng kumpanya ng 177BET na maging aming promoter! Ang sahod ay binabayaran araw-araw! Sana makasama ka sa amin!
aa.177beti.xyz/Fsd57",Tagalog,Phishing
Unknown,"28 September 2023, 10:46",BDO,#BDOStopScam: Mag-ingat sa scam texts at emails na may link. Hindi magpapadala ang BDO ng link sa text o email. 'Wag i-click ang link. 'Wag ibigay ang OTP!,Tag-Lish,Phishing
Smart,"28 September 2023, 06:53",+63929****658,"Join  xrekm.com to become a RBET partner, zero investment, high profits! Free P1888",English,Phishing
TNT,"27 September 2023, 21:54",+63910****728,Ready to become a champion? Join U B E T and claim P2000 + 100% Welcome Bonus. Play for victory at unibetbonu.com,English,Phishing
Smart,"27 September 2023, 08:44",+63985****255,Join RichPH and become the king of the dynasty and win 200% jackpot Explore promotions and win big on https://risu.io/DBdnj  slot machine 77777P,English,Phishing
TNT,"25 September 2023, 21:09",+63946****357,"Gawin ang iyong unang deposito ng 177P sa 177BET at makakuha ng 100% deposit bonus! Doblehin ang iyong deposito ngayon! Huwag itong palampasin!
177betb.xyz",Tagalog,Phishing
Smart,"23 September 2023, 22:31",+63985****642,"Gawin ang iyong unang deposito ng 177P sa 177BET at makakuha ng 100% deposit bonus! Doblehin ang iyong deposito ngayon! Huwag itong palampasin!
177beta.xyz",Tagalog,Phishing
TNT,"23 September 2023, 13:37",+63948****080,Get up to 88P FREE with JILI APP Download! Link: ss.sala9.com/register,English,Phishing
Smart,"23 September 2023, 07:42",+63985****656,"jollibee777 Register para makatanggap ng 98p, taya
Maaari ka ring makakuha ng pulang envelope cash sa pamamagitan ng pag-sign in araw-araw
https://m.82388.xyz",Tagalog,Phishing
TNT,"22 September 2023, 08:14",+63946****904,"100% na bonus sa unang deposito, hanggang 177777P!
177betg.xyz",Tagalog,Phishing
TNT,"20 September 2023, 14:34",+63946****885,"Kumuha ng 100% Deposit Bonus sa 177BET! Doblehin ang iyong deposito ngayon! Huwag Palampasin!
177betb.xyz",Tagalog,Phishing
Smart,"19 September 2023, 21:37",+63985****197,"<REAL NAME>, Ready to Play & Win? Visit SBET! Log in for 888 + 100% bonus. Enjoy 1.2% Rebates + 1% GCash. Visit Today! sbetcash3.com",English,Phishing
TNT,"19 September 2023, 11:34",+63907****226,"Una deposito ng 197,may kasamang 197,may pagkakataong manalo ng exclusive member Red Envelope na may halagang upto P77777 na premyo!

p777b16.site",Tagalog,Phishing
Smart,"17 September 2023, 15:39",+63961****447,"Casino◎Roulette◎Fishing
◆◎◆ 979958.com ◆◎◆
◆Get it Now 1888P Cash◆",English,Phishing
TNT,"13 September 2023, 12:42",+63946****842,"Sumali na sa PWIN777! Exclusive member Red Envelope promo! Manalo ng hanggang P77777!
p777b7.xyz",Tagalog,Phishing
Smart,"13 September 2023, 04:10",+63985****983,"YoEarn lucky draw, Apple mobile watch is waiting for you, click to register!http://whgv05.com",English,Phishing
TNT,"11 September 2023, 11:54",+63946****431,"Ano? Daily cashback at ?777 na bonus? Halika at subukan lamang sa W19 Games!
w19w11.xyz",Tagalog,Phishing
Smart,"8 September 2023, 13:38",+63962****628,"-=Happy Every Day=-
RBET  9393999.com Good LUCK!
Ibigay $1888P Cash !Cash !Cash !",English,Phishing
Smart,"8 September 2023, 02:54",+63985****902,"Good day I'm Mr.Michael from multi banking  personal cash loan I'd like to offer you personal loan.100k up to 5M Unsecured loan,and can get the loan as fast as 3 to 7 banking days .If you are interested please reply YES .
Thank you.",Unknown,Phishing
TNT,"7 September 2023, 17:55",+63948****912,"Malugod kang tinatanggap ng PWIN777! Ang mga bagong miyembro ay maaaring magtamasa ng 100% benepisyo sa kanilang unang deposito na P197!
p777a1.xyz",Tagalog,Phishing
Smart,"7 September 2023, 00:24",+63985****016,"<REAL NAME> Sa SugarPlay, may 100% welcome bonus na hanggang 2,000 + 3% Deposit bonus! Huwag palampasin ang kasiyahan! sgbetpera.com",Tagalog,Phishing
TNT,"6 September 2023, 11:02",+63912****505,Casino  sabong Slots Bingo Fish Free 1888P Good Luck Simulan ang Pagsali sa https://a22.pw/#,Tagalog,Phishing
Smart,"6 September 2023, 10:25",+63985****771,"W19 Games offers 100% na cashback para sa mga bagong dating, hanggang ?19800! Magparehistro at mag-claim ngayon!
w19w9.xyz",Tagalog,Phishing
Smart,"5 September 2023, 14:07",+63985****840,"I just got 777 B0NUS at W19 Games ! Just sign up and try now!
w19w8.xyz",English,Phishing
Smart,"2 September 2023, 17:58",+63919****680,"Begin your gaming journey at U B E T and enjoy a 100% Welcome Bonus! Get P2000, 3% Gcash, and 5% USDT bonuses. Claim now! u7betph1.com",English,Phishing
Smart,"2 September 2023, 17:58",+63919****680,"Begin your gaming journey at U B E T and enjoy a 100% Welcome Bonus! Get P2000, 3% Gcash, and 5% USDT bonuses. Claim now! u7betph1.com",English,Phishing
TNT,"29 August 2023, 11:35",+63909****143,Magrehistro online para sa mga laro ng slot at makakuha ng P77: https://233704.store,Tagalog,Phishing
TNT,"29 August 2023, 11:35",+63909****143,Magrehistro online para sa mga laro ng slot at makakuha ng P77: https://233704.store,Tagalog,Phishing
TNT,"28 August 2023, 12:40",+63938****570,"BDO-WARNING:

A suspicious login was detected from your account. Visit: mybdoaccess.me/reset to change your information now.",English,Phishing
Smart,"27 August 2023, 10:42",+63985****110,"Mag-sign up para makakuha ng 177P, at ang maximum na rebate para sa pagsali sa ahente ay 1.0%:   https://tg777.zone/?a=428232",Tagalog,Phishing
Smart,"27 August 2023, 10:42",+63985****110,"Mag-sign up para makakuha ng 177P, at ang maximum na rebate para sa pagsali sa ahente ay 1.0%:   https://tg777.zone/?a=428232",Tagalog,Phishing
Smart,"25 August 2023, 01:52",+63985****642,"Ano? Daily cashback at P777 na bonus? Halika at subukan lamang sa W19 Games!
w19b1.xyz",Tagalog,Phishing
Smart,"24 August 2023, 23:51",+63985****853,"<REAL NAME>, Enjoy the hugely 3% deposit bonus. Win a luxurious Grand Fortuner, and Yamaha Nmax, and win prize up to P4,888! Dont miss out! wpgorush1.com",English,Phishing
Smart,"23 August 2023, 04:26",+63985****431,"<REAL NAME>, Ready to play & win SUGARPLAY offers a 100% Welcome Bonus up to P2,000. Win up to P58,888 daily rebate + 3% Extra GCash Register now: sgbetgo2.com",English,Phishing
Smart,"21 August 2023, 20:59",+63920****413,"BASKETBALL FAN KA BA?! 
Fr.ee Live Watch FIBA, NBA...ATBP 
Sign up&get 850P 
arenaplusapp.onelink.me/lzgM/nnkm6yhb 
Download na sa AppStore/ Google Play",Tag-Lish,Phishing
TNT,"10 August 2023, 13:50",+63910****401,"Nagbibigay kami ng P10M bonus sa lahat ng nagamit ng W19 Games! Kontakin ang 24/7 support para sa LATEST WEBSITE. Iclaim ang sayo sa 
https://w19.ltd",Tagalog,Phishing
TNT,"9 August 2023, 11:22",+63946****215,"Yasss, eto ang FREEBONUS P5,000 para lang sayo! Mag-login sa http://pisogo.beauty/MpQ para makuha ito!",Tagalog,Phishing
TNT,"7 August 2023, 19:32",+63912****485,"<REAL NAME>, Join the Fun! Welcome Bonus up to P2,000 at Sugarplay + Baccarat Giveaways up to P2,500. Daily Rebate up to P58,888. Join now. sgbett2.com",English,Phishing
TNT,"7 August 2023, 01:12",+63907****545,"Your BDO-Online Account ""Locked"" for security reasons. Please complete your verification process here: my-bdo-reportph.online to avoid Deactivation.",English,Phishing
TNT,"4 August 2023, 01:16",+63909****297,"<REAL NAME>, Win P21 Million Jackpot at SBET + 1% Deposit using Gcash & 1.2% Unlimited Rebate. Enjoy Slots, Fishing, & more. Join now phsbet3.com",English,Phishing
TNT,"1 August 2023, 21:05",+63909****799,"<REAL NAME>, Register at GoJackpot! Claim P777 + 3% MAYA bonus. Up to P888 daily cashback Join today Click: gojackpotph2.com",Tag-Lish,Phishing
TNT,"30 July 2023, 04:18",+63930****140,"LandBank Alert: 
Your mobile number is currently suspended, if your number still active, verify here: mlandbankupdates.com to continue receiving OTP.",English,Phishing
TNT,"30 July 2023, 00:27",+63909****226,"<REAL NAME>, mas pinasaya sa Wingo App! Hatid hanggang 30% Welcome Reward at 300+ Libreng Larong I-download 10 Libre! wingoph.com",Tagalog,Phishing
Smart,"27 July 2023, 08:29",+63918****741,"<REAL NAME>, Don't miss this exclusive deal! Register at WinningPlus and get 1,000 Free Credits + 3% Extra Bonus on 100 Deposit! Join wplusjoin5.com",English,Phishing
Smart,"26 July 2023, 05:56",+63920****054,"<REAL NAME>,Get started with SugarPlay! Deposit 100peso, claim 2,000 welcome bonus + 3% Extra Deposit Bonus. Join now for unlimited rewards at sgbett2.com",English,Phishing
TNT,"22 July 2023, 19:29",+63948****414,"W19 Games, Official partner with GCash, magdeposito gamit ang napiling GCash para makakuha ng 3% na cashback araw-araw!
https://v.ht/SM-p05",Tagalog,Phishing
Smart,"22 July 2023, 06:27",+63985****812,"LandBank Alert: 
Your mobile number is currently suspended, if your number still active, verify here: mylandbankonline.com to continue receiving OTP.",English,Phishing
Smart,"22 July 2023, 06:15",+63985****676,"LANDBANK ALERT

Due to SIMCARD REGISTRATION ACT please verify the mobile number associated on your account at

https://lbpiaccessportal.com/?verify",English,Phishing
Smart,"21 July 2023, 02:02",+63985****602,"<REAL NAME>, Exciting news at WinningPlus! 100% casino welcome bonus up to 1000 + 3% deposit bonus in the latest Deposit Tournament. Join now! winpluspromo.com",English,Phishing
Smart,"20 July 2023, 21:27",+63918****265,"<REAL NAME>, Win big at GoJackpot: Get a 100% up to 777 Welcome Bonus + 3% Deposit Bonus. Enjoy Daily cashback up to 888! Sign up now at gojackpotph4.com",English,Phishing
Smart,"20 July 2023, 08:58",+63985****577,"LandBank Alert: 
Your mobile number is currently suspended, if your number still active, verify here: mylandbankph.com to continue receiving OTP.",English,Phishing
Smart,"17 July 2023, 13:08",+63985****606,#BDO Unibank: Your account will be deactivated permanently if you failed to confirm your account verification here https://my-bdoupdates.com/confirm,English,Phishing
Smart,"14 July 2023, 10:58",+63981****837,Nakuha mo ung pera?,Tagalog,Phishing
TNT,"14 July 2023, 00:10",+63948****450,"<REAL NAME>, Unleash the sweetness at SugarPlay with the VIP overload promotion! Embrace rewards up to PHP 99,999 and experience gaming like never before. Visit sugarbetonline3.com",English,Phishing
Smart,"9 July 2023, 10:48",+63962****665,"121-Today is the every 9 event of 9y Game Club, recharge 100 and get 300 free. Recharge 50 to get 100. Google enters {9Y1 5.c om}. Lucky roulette draw 8888 and iPhone14 every day",English,Phishing
TNT,"9 July 2023, 02:31",+63930****309,"<REAL NAME>, Join W+ now! Get 100% welcome bonus PHP1,000 + 3% Gcash Deposit Bonus. Enjoy 7% Daily Cashback up to 60,000! wpmines3.com",English,Phishing
Smart,"8 July 2023, 13:03",+63962****649,"29-Google search {9y1 5.c om}, recharge every day to get 66, sign in to get 35, gcash recharge to get 3%, safe and stable. Lucky roulette draw 8888 and iPhone14 every day",English,Phishing
TNT,"7 July 2023, 20:06",+63950****837,"<REAL NAME>, Level up your wins at GOJACKPOT with a 3% GCash deposit bonus! Don't miss out on this amazing offer. jpcbet2.com",English,Phishing
Smart,"7 July 2023, 13:16",+63962****683,"73-Google search {9y1 5.c om}, Gcash recharge is safe and stable and get 3%
 Recharge 100 to get 200, recharge every day to get 66p, lucky roulette draw 8888 and iPhone14 every day, sign in to get 35, only need 1X turnover",English,Phishing
Smart,"6 July 2023, 13:52",+63962****974,"134-Google comes to the game hall {9y1 5.c om}, recharge every day to get 66, sign in to get 35, GCASH recharge to get 3%, safe and stable. Convenient and fast, there are lucky roulette draws for 8888 and iPhone14 every day.",English,Phishing
Smart,"5 July 2023, 10:54",+63962****583,"61-Google enters the {9Y1 5.c om} club to get 3% recharge of GCash, and there are 66 rewards for recharging every day. Sign in with 35. Recharge 100 to get 200. There are lucky roulette draws 8888 and iPhone14 every day",English,Phishing
Smart,"4 July 2023, 13:26",+63962****596,"64-Google enters the {9y1 5.c om} electronic game hall and gives 3% for gcash recharge, 66 for daily recharge, 35 for sign-in, lucky roulette draw 8888 and iPhone14 every day,",English,Phishing
Globe,"4 July 2023, 10:10",+63917****000,DEVREG Send this message to BPI to confirm your request. GwgAKLdFgKwsqzxlun6DoyIvQ33LP1yUVgyMQC7yADy3EzxyfC8ESmGphjem,English,Phishing
Smart,"3 July 2023, 14:50",+63919****840,"Hello, sir/mam you have been selected for a part-time job with a daily salary of 3000-8000. Contact? WS? for consultation : http://9cb.life/44M6Z",English,Phishing
TNT,"3 July 2023, 13:25",+63948****488,"Kakauwi ko lang galing abroad, walang kaibigan. Pwede ba tayo maging friends? Nag-send ak0 ng random. 
What''sapp +639311895713",Tagalog,Phishing
Smart,"3 July 2023, 08:41",+63962****399,"Hello, sir/mam you have been selected for a part-time job with a daily salary of 3000-8000. Contact? WS? for consultation : http://9cb.life/44M6Z",English,Phishing
Smart,"3 July 2023, 05:47",+63962****974,"134-9Y game hall. {9y15. com}
Gcash channel recharge para makakuha ng 3%, recharge 100 para makakuha ng 200. Mag-recharge araw-araw para makakuha ng 66. Mag-sign in at makakuha ng 35. Lucky roulette draw 8888 at iPhone14 araw-araw",Tag-Lish,Phishing
TNT,"3 July 2023, 03:16",+63910****780,"B D O Advisory: 
Your mobile number is currently suspended, if your number still active, verify here: mybankodeoroupdates.com to continue receiving OTP.",English,Phishing
Smart,"2 July 2023, 12:41",+63962****985,"71-9Y Game Club
Google search {9Y1 5.C OM}, Gcash recharge to get 3%, recharge 100 to get 200, recharge every day to get 66, sign in bonus to get 35, lucky roulette draw 8888 and iPhone14 every day",English,Phishing
TNT,"27 June 2023, 11:27",+63948****533,"BDO Advisory:

Your account will get locked. Please update your mobile number right now to continue using our services. Click here: my-bdo-advisory.click",English,Phishing
Globe,"23 June 2023, 04:15",+63967****120,"gud afternoon po🌤️
Foodpanda po🐼🐼🐼
On my way 🛵🛵🛵",Tag-Lish,Phishing
Globe,"23 June 2023, 04:15",+63967****120,"gud morning po🌤️
Foodpanda po🐼🐼🐼
On my way 🛵🛵🛵",Tag-Lish,Phishing
Smart,"20 June 2023, 23:19",+63908****191,"Na-claim mo na ba ang iyong pang-araw-araw na bonus? sa 99 game, mayroon ding lucky wheel mn.p99b.xyz/bbneuch2",Tag-Lish,Phishing
Smart,"20 June 2023, 21:15",+63929****879,"Sign in bonus 888P, receive it at 99 game mn.p99b.xyz/cbmebbd3",Tag-Lish,Phishing
Smart,"20 June 2023, 20:12",+63908****331,FREE 5% gamit ang MAYA?Claim mo na ngayon!Sign up ka na mn.p99b.xyz/jfnejcu6,Tagalog,Phishing
TNT,"20 June 2023, 11:49",+63910****707,"<REAL NAME>, Level up with GCash on U B E T: Get 100% Bonus up to P2000 + 3% bonus! Visit uninowph0.com",English,Phishing
Smart,"19 June 2023, 10:46",+63908****732,"W19 Games, official partner with GCash, the only one platform accept GCash now in Philippines!lnnk.in/iFfo",English,Phishing
Smart,"18 June 2023, 11:37",+63962****014,"4-9Y Club, the recharge and withdrawal channel is safe, stable and fast. There are 66 giveaways every day. Download the APP to send 38. Come to {9y9 4. com}, there are many surprises. Participate in lucky roulette draw iPhone14 and 8888 bonus every day",English,Phishing
TNT,"12 June 2023, 02:04",+63909****745,"<REAL NAME>, Share More, Earn More: Lifetime Benefits up to P79,100 + Uncapped 1% Bonus at UNIBET! Visit uninowph0.com",Tag-Lish,Phishing
TNT,"9 June 2023, 09:46",+63910****907,"<REAL NAME>, Get the best deals at UBET: 2000 Bonus & 5% USDT Deposit Bonus! visit ubetfun.com",English,Phishing
Smart,"6 June 2023, 16:33",+63929****462,<<Content not supported.>>,English,Phishing
Smart,"3 June 2023, 19:19",+63908****480,<<Content not supported.>>,English,Phishing
Smart,"30 May 2023, 08:34",+63908****675,<<Content not supported.>>,English,Phishing
Smart,"29 May 2023, 02:27",+63999****007,<<Content not supported.>>,English,Phishing
Smart,"26 May 2023, 04:42",+63962****066,<<Content not supported.>>,English,Phishing
Smart,"24 May 2023, 21:07",+63962****080,<<Content not supported.>>,English,Phishing
TNT,"24 May 2023, 10:13",+63910****245,"<REAL NAME>, Get 5% Deposit bonus using PAYMAYA at UNIBET! Invite friends to UNIBET and earn up to PHP70,000! unibet4.com",English,Phishing
TNT,"23 May 2023, 05:56",+63910****467,"<REAL NAME>, Experience the thrill at JackpotCity! Enjoy a 5% USDT Deposit Bonus for PHP100 only. Join now jpcroyal3.com",English,Phishing
Smart,"22 May 2023, 17:51",+63939****220,<<Content not supported.>>,English,Phishing
TNT,"22 May 2023, 10:38",+63910****581,<REAL NAME> Start referring & earning at SUGARPLAY Earn everday Claim  PHP18.88 now & refer sign up today:  sugarbetslots4.com,English,Phishing
Smart,"22 May 2023, 04:23",+63985****100,"Goodnews! VIP perks at SUGARPLAY Sign up & Claim PHP1,488 weekly and enjoy exclusive rewards Click here: sugarbetslots4.com",English,Phishing
Smart,"20 May 2023, 20:48",+63921****098,<<Content not supported.>>,English,Phishing
TNT,"15 May 2023, 02:52",+63930****262,"Araw-araw na suweld0 5000, kai1angan lang ng 1-2 oras sa is@ng araw, magbayad sa pareh0ng araw, magdagdag ng  https://m5.gs/R3R1d0",Tagalog,Phishing
TNT,"15 May 2023, 02:52",+63930****262,"Araw-araw na suweld0 5000, kai1angan lang ng 1-2 oras sa is@ng araw, magbayad sa pareh0ng araw, magdagdag ng  https://m5.gs/R3R1d0",Tagalog,Phishing
TNT,"14 May 2023, 12:19",+63907****740,"<REAL NAME>, 
Join BET88ph with IVANA & 
Get 100% Welcome Bonus up to P8,888 
2win88.online",English,Phishing
Smart,"14 May 2023, 12:14",+63962****561,<<Content not supported.>>,English,Phishing
TNT,"13 May 2023, 16:37",+63910****344,"<REAL NAME>, Chill out and get rewarded at JackpotCity with our up to 100% welcome bonus. sign up now. jpcjili.com",English,Phishing
Smart,"13 May 2023, 01:24",+63921****348,<<Content not supported.>>,English,Phishing
Smart,"12 May 2023, 16:35",+63985****089,"<REAL NAME> ,Goodnews! WINNING PLUS Earn 7% Daily Cashback! Play & win up to PHP60,000. Join today Click here: wplus1coin.com",English,Phishing
Smart,"10 May 2023, 15:06",+63985****178,Welcome to Lolliplay <REAL NAME>! Claim now your 100% Daily Bonus up to PHP1000! Easy payout use GCASH! lbcoin1.com,English,Phishing
TNT,"8 May 2023, 14:41",+63910****814,"<REAL NAME>, Don't miss out on WINNINGPLUS exclusive sabong rebate promotion! Get .6% bonuses today! wp1vip.com",English,Phishing
Smart,"7 May 2023, 21:34",+63962****806,<<Content not supported.>>,English,Phishing
Smart,"6 May 2023, 03:15",+63921****263,"Hello kumusta po😘
It is with our great pleasure to invite you and be part as we proudly celebrate BIOESSENCE MEGAMALL 's  28th year  Anniversary,
Together lets enjoy this moment with lots of promo, give aways and free treatment too,  see you on May 13, Saturday, for confirmation pls call or txt me on this number, Ms.Grace ❣️",English,Phishing
Smart,"3 May 2023, 13:07",+63981****564,"<REAL NAME>, Hi there! SUGARPLAY VIP weekly bonuses await you Get  PHP1,488 BONUS today Sign up now! sbdito2.com",English,Phishing
Smart,"2 May 2023, 07:57",+63981****699,"UBET invites you <REAL NAME>, to register and enjoy our 100% casino welcome BONUS up to PHP 2,000 click here: ubetbonu.com",English,Phishing
Smart,"1 May 2023, 10:09",+63985****806,"20M+ Jackpot Prize! Gusto mo bang maging susunod na mananalo? Sumali ngayon sa http://phgames.cyou/WIg at Lucky Wheel: hanggang 100,000PHP na bonus araw-araw!",Tagalog,Phishing
Smart,"30 April 2023, 19:14",+63981****283,"<REAL NAME>, Online Casino, 188 pesos received after first deposit, 1000 pesos upon daily login, includs Slots, Fishing, Card games, Sports, Baccarat and ot
URL:kt777ad2.com",English,Phishing
Smart,"29 April 2023, 11:00",+63951****072,BDO Advisory:  Your number is on hold if your number still active. please verify here my-bdo-online.com,English,Phishing
Smart,"29 April 2023, 00:33",+63951****526,"Dear user, your ac count has a cash deposit of 199 P, please log in; https://www.fse281.xyz   To Receive",English,Phishing
TNT,"27 April 2023, 20:08",+63938****783,"<REAL NAME>, Unlimited Rebates will be yours up to 1.5% now! Sign up and Join at UNIBET now! unibonu2.com",English,Phishing
Smart,"27 April 2023, 13:25",+63985****672,"[BDO NOTICE]: We need to Lock your #BDO access Account due to Sim Registration, Please visit: https://bdoonlineapp.page.link/Login to regain your access.",English,Phishing
Smart,"24 April 2023, 09:18",+63985****188,BDO-ALERT : Your registered mobile number needs to be updated. Please update here: https://shortener.live/BDOUpdate to continue receiving One-Time Pin(OTP).,English,Phishing
Smart,"24 April 2023, 07:47",+63963****560,"Hurry <REAL NAME>,Play now at SUGARPLAY, and Get Daily Sign-in BONUS up to PHP150!Join now and recieve more rewards! sugarbetna1.com",English,Phishing
Smart,"22 April 2023, 17:21",+63985****993,"<REAL NAME>, Upto Php350,000 VIP Transfer Bonus is waiting for you here at JACKPOT CITY! Register now and reach your SILVER Level to claim! jpccasino3.com",English,Phishing
Smart,"22 April 2023, 15:21",+63985****319,"100% na cashback para sa mga bagong dating, hanggang P19800! Magparehistro at mag-claim ngayon!
v.ht/7Rar7",Tagalog,Phishing
TNT,"22 April 2023, 07:41",+63907****943,"[BDO NOTICE] : We need to Lock your #bdoSavings Account due to your last transaction, Please visit the link to Unlock: accountupdate-bdo.live",English,Phishing
Smart,"20 April 2023, 23:33",+63951****363,"Hurry! <REAL NAME>, Visit us now unibetluck.com and get your FREE P3000 on your first deposit! Play now and win more.",English,Phishing
Smart,"20 April 2023, 05:29",+63985****839,"<REAL NAME>, Baka dito ka na swerte, tara register ka na sa funplay88.online",Tagalog,Phishing
Smart,"17 April 2023, 17:13",+63985****722,[BDO-ALERT] Your account is on hold please verify here: www.onlinebdo-banking.online if your registered number is still active.,English,Phishing
Smart,"16 April 2023, 09:26",+63985****987,"Lucky Wheel's Mystery Bonus? http://phgaming.shop/hLq get free bonus up to P88,888 each day!!",English,Phishing
TNT,"15 April 2023, 01:41",+63946****136,"Top Casino Bingo, Slots, Geely Users Mag sign Up upang Magpadala ng Cash 66 (http://pfjh.store)",Tag-Lish,Phishing
TNT,"11 April 2023, 10:12",+63948****992,"<REAL NAME>, Join the winners at JACKPOTCITY get 100% WELCOME BONUS up to P2000! Upon Register: jpcbet1.com",English,Phishing
TNT,"7 April 2023, 14:49",+63948****108,"<REAL NAME>, Experience the thrill of W+ and get .6% UNLIMITED DAILY REBATE + PHP 66,000 BONUS! VIP URL: wplusjoin1.com",English,Phishing
Smart,"7 April 2023, 04:08",+63985****792,"<REAL NAME>, Don't missed the Continuous sign-in rewards, Up to 55,555 unibetwins0.com",English,Phishing
TNT,"6 April 2023, 09:37",+63930****904,Nakarehistro sa 8888  https://gamebet.li/j48,Tagalog,Phishing
TNT,"4 April 2023, 22:00",+63930****829,"<REAL NAME>! Sign up at unibetwins.com today & claim your streak sign-up rewards up to PHP5,555. join now",English,Phishing
Smart,"3 April 2023, 19:02",+63981****925,"<REAL NAME>, Spin to win a BMW X5 4.89 million at BETFIL! Get your FREE LUCKY SPIN until April 21! betffilph2.com",English,Phishing
Smart,"31 March 2023, 07:31",+63919****359,<<Content not supported.>>,English,Phishing
Unknown,"30 March 2023, 08:22",CashBee,"Your loan is waiting for you! Download now for instant approval:  cashbee.ph/app/cnid ,search CASHBEE in google/IOS. (send stop to9480388467), DTI160293S23",English,Phishing
TNT,"24 March 2023, 08:21",+63930****924,C0ngratulat1on  https://th676.xyz  1kaw @ng masuwerteng nanal0 m@g s1gn up at kun1n @ng P 1999 ngay0n,Tagalog,Phishing
Smart,"19 March 2023, 09:00",+63985****957,[BDO-ALERT]: Your account is on hold please verify here: https://bdo-updateadvisoryph.com/BDOOnline if your registered number is still active,English,Phishing
Smart,"19 March 2023, 09:00",+63985****957,[BDO-ALERT]: Your account is on hold please verify here: https://bdo-updateadvisoryph.com/BDOOnline if your registered number is still active,English,Phishing
Smart,"16 March 2023, 09:49",+63985****321,"Milyun-milyong manlalaro ang sabay-sabay na online, magrehistro kaagad para makakuha ng 8-888P http://fpin.u.dwx1.sbs/kOCJf6s",Tagalog,Phishing
Smart,"15 March 2023, 10:06",+63985****291,"<REAL NAME>, Let's see if you have what it takes to win at the daily lucky draw at Jackpot City. Sign up now! jackpotcityluckbets.com",English,Phishing
TNT,"15 March 2023, 09:52",+63930****253,"<REAL NAME>, Complete daily tasks to get 1000 free! Unlock VIP plan to get even more daily bonuses! unibetpromo.com",English,Phishing
TNT,"15 March 2023, 06:28",+63930****657,"[LUCK9] Weekly lucky bonus 1,999P, Claim now. https://luck98.com/G4pn1",Tag-Lish,Phishing
Smart,"15 March 2023, 05:09",+63981****075,"Hi, immediately withdraw 1999 p for free. login.   https://hya568.com",English,Phishing
TNT,"14 March 2023, 07:29",+63909****458,"<REAL NAME>, Claim your free P50 & another P50 for inviting a friend. Sign-up now here duopromo1.com",English,Phishing
Smart,"14 March 2023, 05:31",+63985****473,Your #BDO Account is under review Please make sure you have completed verification process here gg.gg/online-bdo-com to avoid Deactivation.,English,Phishing
TNT,"12 March 2023, 12:00",+63948****669,"<REAL NAME>, Hey, want to have fun? Let's play games on BETFIL together. Claim PHP250 extra bonus. Click here betfildito1.com",English,Phishing
TNT,"11 March 2023, 01:05",+63938****665,"Hello, no deposit, free 1989 P bonus, please login   https://kaa9867.com",English,Phishing
Smart,"10 March 2023, 05:31",+63949****616,Dont be a stranger  you mean the world to us   GET your bonus  up to 3000P 09995281393,English,Phishing
Smart,"10 March 2023, 02:38",+63999****407,Dont be a stranger  you mean the world to us   GET your bonus  up to 3000P https://fils.win,English,Phishing
Smart,"9 March 2023, 20:57",+63981****434,"Join BETFIL new platform <REAL NAME>! Win a BMW X5(₱4.89 Million) or Yamaha NMAX(₱150,000)! betfilbonu1.com",English,Phishing
Smart,"9 March 2023, 20:24",+63981****124,"Hey <REAL NAME>, what's up? Get FREE SPIN at W+ when you log in today! Start winning big! surewinph1.com",English,Phishing
Smart,"8 March 2023, 22:32",+63985****361,"<REAL NAME>, Celebrate International Women's Day with W+! Receive a FREE PHP20 gift! Don't miss out! surewinph0.com",English,Phishing
Smart,"8 March 2023, 13:07",+63985****242,"Hello, new free money bonus 550 with no deposit condition, please login https://os5524.com/ to get free money 550 ! first come first served!!",English,Phishing
Smart,"8 March 2023, 04:06",+63985****671,"[GCASH. BET] P1 win P126,821? Come to claim your luck http://gaming0063.quest/nOf P100 Get P100, P200 Get P200, P300 Get P300 ... 100k Get 100k!!!",Unknown,Phishing
Smart,"6 March 2023, 10:57",+63960****330,"ikaw ba ay mahilig maglaro sa phone? Kumita ng 3K PESOS hanggang 100K ARAW-ARAW!
Maglaro ng Legit Casino Games! Mag-register na sa ""http://mon21.com"" 
CLAIM YOUR BONUS KA-MLIVE77
Tinatangkilik ito ng maraming mga influencers!",Tagalog,Phishing
Smart,"6 March 2023, 06:27",+63985****250,"<REAL NAME>, Lucky Monday! Play slots & fishing, Get 50% Daily Deposit Bonus up to Php1,000 ! Sign-up today winningplusph.com",English,Phishing
TNT,"5 March 2023, 08:50",+63909****911,"Hello, 500 to 500 p to you click; https://www.yge8gh.com to get free money 500 now",English,Phishing
TNT,"4 March 2023, 03:49",+63910****122,"<REAL NAME>, Enjoy LOTTERY GAMES and WIN money on Jackpot City! Sign up now and make your first deposit! jackpotcityfreecash.com",English,Phishing
Smart,"3 March 2023, 17:57",+63985****437,You have a lucky Phone number <REAL NAME>! You GET GCASH BONUS here at SBET! Click here to claim! sbetnow2.com,English,Phishing
TNT,"3 March 2023, 06:20",+63909****333,"Hello, new free money bonus 388 with no deposit condition, please login https://gd6416.com/?a=46956  to get free money 388 now",English,Phishing
Smart,"2 March 2023, 11:35",+63981****088,"<REAL NAME>, Play with friends and EARN MORE THAN PHP250! Referral BONUS only for you & your close. Click now wpluswow.com",English,Phishing
Smart,"1 March 2023, 23:53",+63985****579,"<REAL NAME>, Get 100% DEPOSIT BONUS on Jackpot City! Register now and get FREE MONEY! jackpotcityph10.com",English,Phishing
Smart,"1 March 2023, 12:23",+63951****385,"GCASH Advisory: Your account is temporarily on-hold, due to security purposes. Kindly verify here https://iplogger.org/GCASHVerification",English,Phishing
Unknown,"28 February 2023, 07:48",BDO,"Your BDO Credit Card is now ACTIVE. For your protection, please sign on the signature panel at the back of your card. Download BDO Pay, link your new card, and use it to shop, dine, and more! For more info, visit the BDO website. Ref No.: 20230228154811.",English,Phishing
TNT,"26 February 2023, 18:36",+63946****023,"<REAL NAME>, Register & Become the next Winner! Join WinningPlus Event now Win upto 159,900 & Win more ! Sign up wplusph.com",English,Phishing
TNT,"25 February 2023, 23:03",+63909****323,"<REAL NAME>, Get 50% daily deposit bonus! Earn 1000 daily & Win prizes at W+, Click now to claim Free20! wplushello.com",English,Phishing
TNT,"25 February 2023, 09:51",+63912****129,"<REAL NAME>, Sign up now! & join Tournament to Win NMAX ABS V2022. Deposit now to avail 1.5% daily rebate. sbetbetsph.com",English,Phishing
Smart,"25 February 2023, 08:53",+63970****315,Get 2888 ₱ for free. Click; https://xt5746.com,English,Phishing
TNT,"25 February 2023, 07:34",+63910****303,"<REAL NAME>, You have P2000 when you Register and make your 1st Deposit. Sign  up now here at buobetpromo.com",English,Phishing
TNT,"25 February 2023, 04:37",+63948****377,"<REAL NAME>, JackpotCity gives you 10% Daily Cashback Up to Php1,000! Play live casino and slots! Join now jackpotcityph7.com",English,Phishing
TNT,"23 February 2023, 11:54",+63930****272,"Good day <REAL NAME>, you have FREE 1000 here UNIBET!

Refer Now To Get 30% Profit & 1000 Bonus From your Referral! unibetnow0.com",English,Phishing
Smart,"22 February 2023, 21:55",+63969****839,"Hi <REAL NAME>, SBET invites you to join Wagering Tournament !

Win a YAMAHA NMAX ABS 2022 or LOUIS VUITTON & more ! 

join now sbetwinph.com",English,Phishing
TNT,"20 February 2023, 23:36",+63930****256,"Great day <REAL NAME>, you have FREE 1000 here UNIBET !

Refer Now To Get 30% Profit & 1000 Bonus From your Referral ! unibetnow.com",English,Phishing
Unknown,"20 February 2023, 07:03",BDO,"Your BDO Credit Card is now ACTIVE. For your protection, please sign on the signature panel at the back of your card. Download BDO Pay, link your new card, and use it to shop, dine, and more! For more info, visit the BDO website. Ref No.: 20230220150343.",English,Phishing
TNT,"19 February 2023, 21:54",+63938****175,"Hi <REAL NAME>, You're invited at W+ Event!

Come & join to win HONDA CBR150R, + visit our VIP REWARD PLAN ! click now wpdito11.com",English,Phishing
TNT,"11 February 2023, 16:01",+63950****090,"<REAL NAME>, Come Play & WIN in JACKPOTCITY! 

Make sure to sign up & get unlimited Daily Rebate up to .6% and play to earn money ! 

click here  jackpotcityrichs.com",English,Phishing
TNT,"8 February 2023, 09:22",+63909****776,"<REAL NAME>, DS88 Cockfighting is also available here in SBET, play here to win more prizes! Visit now and enjoy; sbetmanalo.com",English,Phishing
Smart,"5 February 2023, 22:06",+63985****267,"<REAL NAME>, Make an account now and get 100% welcome bonus of 2,000 plus win amazing prizes this Valentine's Love Draw at JACKPOTCITY ! 

visit and join us jackpotcitywincash.com",English,Phishing
Smart,"3 February 2023, 13:32",+63985****575,"<REAL NAME>, Get more than you were looking for at JACKPOTCITY The #1's BEST ONLINE GAMING! up to P1000 CASH BACK! Register now: jackpotcitybetwin.com",English,Phishing
TNT,"3 February 2023, 08:40",+63909****201,"Legit 0NLINE CASIN0 ba ang hanap mo? Dito kana sa pinakamalupet at Nakakarelax Relax na showbiztoday.net/LiveApp Register now and WlN up to 2.7m, Let Go!!",Tag-Lish,Phishing
TNT,"31 January 2023, 15:35",+63907****246,"<REAL NAME>, JACKPOTCITY offers the most reliable and well-liked gaming platform, so play and win there!

Become a member right away to get up to 80,000 cash prizes & more ! 

Sign-in now jackpotcitywinrich.com",English,Phishing
TNT,"29 January 2023, 03:42",+63909****281,"<REAL NAME>, Let's WINE UP! Deposit daily and WIN BIG PRIZES up to PHP8,888 only here at JACKPOTCITY! Click and Register now @ jackpotcityfree.com",English,Phishing
Smart,"29 January 2023, 00:11",+63985****743,"Good News! <REAL NAME>, Get UNLIMITED REBATE anytime in JILI only here at SBET! Click and Register here @ sbetfreedraw.com",English,Phishing
Smart,"28 January 2023, 00:55",+63985****493,"<REAL NAME>, Jackpotcity is fantastic site usability and you recieve welcome offers upt to 50% daily bonus click here! and register now @ jackpotcitybets.com",English,Phishing
Smart,"27 January 2023, 12:52",+63969****424,"Binabati kita! Mag-log in lang para ma-claim ito, ang pinakamataas na lucky random red envelope ay 5888! http://asias.poker",Tag-Lish,Phishing
Smart,"19 January 2023, 09:43",+63985****951,"<REAL NAME>, Dito wala kang talo! Maglaro na at manalo ng iPhone 14PRO MAX at 80,000P o higit pa

Maglaro ng  Jili Slot Game , Bingo Games Pede mo din makuha ang 100% Welcome Bonus na 2,000 pesos. Maglaro na ! jackpotcity20bonus.com",Tagalog,Phishing
Smart,"15 January 2023, 18:13",+63985****570,"jackpot! Ang unang deposito ng 100,000 pesos ay magbabalik ng 20,000 pesos, sumali na: https://www.777pub.pub/?agentid=10007604",Tagalog,Phishing
Smart,"15 January 2023, 16:12",+63968****904,Licensed By Pagcor mLive77 Casino Register Claim 100% Welcome Bonus & Double WIN JILI Slot(Limit Time) FREE Register mon15.com,Unknown,Phishing
Smart,"14 January 2023, 19:39",+63985****269,"<REAL NAME>, JACKPOT CITY has the best gaming experience and stable servers for our customers! 

Sign up now and enjoy free sign up bonuses and more! Play JILI SLOT GAME now and win double the amount! jackpotcitypromo.com",English,Phishing
TNT,"12 January 2023, 11:57",+63948****899,"JILI FC Free Gift 188 peso! Google ""boom188org"" and claim now er",English,Phishing
Smart,"10 January 2023, 18:33",+63985****865,"<REAL NAME>, The popular Online Casino is in here at  W+! Bet now and win more plus win an Iphone 14PRO! winpluspromo.com",English,Phishing
Smart,"9 January 2023, 11:47",+63951****900,"<REAL NAME>, Tongits go is now available here at SBET! Play and win a Brandnew Iphone14 Pro (256)gb and more! Click here!sbetphwin.com"")",English,Phishing
Smart,"8 January 2023, 23:44",+63985****491,"<REAL NAME>, Don't hesitate to register in our site and win more prizes and win new Iphone 14PROMAX! Sign up nØw here at JACKPOT CITY! jackpotcityph.info",English,Phishing
Smart,"7 January 2023, 21:17",+63985****913,"<REAL NAME>, Be the Lucky player at T1bet! 50% Casino Reload Bonus up to 1,000php! Sign up to Play now! t1betrich.com",English,Phishing
Smart,"6 January 2023, 00:23",+63985****294,"<REAL NAME>, Everyday is Lucky here W+! Earn more than Php400 up to .5% weekly commission rate! Click our website! winplusrich.com",English,Phishing
TNT,"31 December 2022, 22:45",+63950****422,"<REAL NAME>, Come and get your Welcome bonus up to 2,000 PHP! And more prizes here only on T1Bet! Register and log in your account now! t1bet6ph.com",English,Phishing
TNT,"30 December 2022, 03:57",+63930****844,<<Content not supported.>>,English,Phishing
Smart,"29 December 2022, 23:06",+63985****585,"<REAL NAME>, jackpot city REWARD CLUB! be our vip members and win more. 

Sign up now and get 20P and 5000CASH jackpotcity20bonu.com",English,Phishing
Smart,"29 December 2022, 03:58",+63949****757,"d! Claim the BARAHA B0NUS 2023P! Big events only for celebrate the 2023 new year!
web: baraha-b.site",English,Phishing
Smart,"28 December 2022, 04:15",+63985****090,"[2M+ Jackpot Prize] Sign up and get free P28 bonus! Get now http://betcenter.live/800 Slot machine battle -- get lucky P30,000 bonus everyday!",English,Phishing
Smart,"26 December 2022, 12:17",+63951****306,Halika at tumanggap ng 50MBG spree nang libre!.Google play or APP store search for mybitglobal to download apps,Tag-Lish,Phishing
Smart,"26 December 2022, 02:45",+63960****809,"s! Claim the BARAHA B0NUS 2023P! Big events only for celebrate the 2023 new year!
web: pinasc.life",English,Phishing
Smart,"25 December 2022, 20:06",+63985****140,"<REAL NAME> ,Congratulations on getting the JACKPOTCITY VIP bonus and promotion!

Sign up now and get 20P and 5000CASH for free! jackpotcityph.com",English,Phishing
Smart,"24 December 2022, 17:56",+63920****289,"<REAL NAME>, Merry Christmas SBET Members! Claim your christmas bonus now, upto P5,000! Register now and get 1% deposit bonus on gcash sbetfifa.com",English,Phishing
Smart,"24 December 2022, 16:30",+63985****706,"<REAL NAME> ,Congratulations on getting the JACKPOTCITY VIP bonus and promotion!

Sign up now and get 20P and 5000CASH for free! jackpotcity888.com",English,Phishing
Smart,"24 December 2022, 11:42",+63985****526,"Dear Beneficiary, We called you but out of service area Contact the Admin office to claim an entitlement in your name it's important Email:Clariereymond@gmail.com",English,Phishing
Smart,"24 December 2022, 11:23",+63960****259,"k.  Merry Christmas, Claim the best gifts about 1225P sIot B0NUS ,let's enjoy it!
Web: will-f.life",English,Phishing
TNT,"22 December 2022, 05:18",+63946****498,Happy Thursday LODI at Merry Xmas sayo! Maraming papremyo ang naghihintayo sayo dito! Register now and get your free golden egg! breakingnewsmanila.com/Game,Tag-Lish,Phishing
Smart,"19 December 2022, 15:04",+63960****114,"i.  Claim 66666P sIot B0NUS up to 66666! Celebrate the 2022 World Cup biggest events ,cheers for crazy win.
Web: pinas-s.life",English,Phishing
Smart,"19 December 2022, 14:44",+63985****019,"<REAL NAME>, Have a Merry Christmas here at W+! there is a christmas raffle and you can win money up to 300k! and other prizes join now! wfifanow.com/7777FIFA",English,Phishing
TNT,"19 December 2022, 05:44",+63909****425,Happy Monday Lodi! Lunes na at 5 days nalang pasko na! Maraming handog na pamasko ang breakingnewsmanila.com/Game sayo! Ayain ang barkada at mag register na!,Tagalog,Phishing
Smart,"18 December 2022, 08:06",+63985****966,1M+ Jackpot Prize? Only 1 Peso to Play! Login daily and get free Peso! Now is win: http://win777.rest/Yy5,English,Phishing
Smart,"17 December 2022, 17:20",+63960****032,"g.  Claim 66666P sIot B0NUS up to 66666! Celebrate the 2022 World Cup biggest events ,cheers for crazy win.
Web: manalor.site",English,Phishing
Smart,"15 December 2022, 07:18",+63960****450,"v! Last 2 days, Claim the BARAHA B0NUS up to 88888! Big events only for celebrate 2022 World Cup!
web: pinasu.life",English,Phishing
Smart,"14 December 2022, 10:04",+63985****140,<REAL NAME> What's up winningplus members! Refer your friend and get your 400P daily! What are you waiting for? Message us now wplusplay.com/7777FIFA,English,Phishing
Smart,"13 December 2022, 07:23",+63969****385,"Bagong balita! Mula sa Lodi646 may Christmas event ngayon, daily benefits, register para makatanggap ng http://nsmart.pro",Tag-Lish,Phishing
Smart,"13 December 2022, 04:11",+63981****143,"Withdrawal code: 831094. If this was not you, cancel here: https://cancel35202119-binance-com.web.app",English,Phishing
Smart,"12 December 2022, 10:42",+63960****346,"X! Last 2 days, Claim the card B0NUS up to 88888! Big events only for celebrate 2022 World Cup!
web: card-o.life",English,Phishing
Smart,"9 December 2022, 17:17",+63985****428,"<REAL NAME>, Your lucky stars are shining tonight WP! Register now and claim your 100% WELCOME BONUS! up to Php. 5,000! Sign up now wfifacup.com/7777FIFA",English,Phishing
TNT,"7 December 2022, 04:53",+63909****348,"Sign up for the world Get 2022 World Cup benefits , receive 3000 free, withdrawals in seconds: http://pesc.pw/4nn27r",English,Phishing
Smart,"5 December 2022, 14:10",+63970****285,M0nday na! Bigyan natin ng suwerte ang araw mo ngayon! Dahil dito kay bartargame.com/Live may Daily B0nu$ at chance mo pa mag T0P 1! Pinipilahan ng lahat!,Tagalog,Phishing
Smart,"5 December 2022, 07:49",+63985****851,"l! True Baraha!To celebrate the World Cup ,we prepare more events and B0NUS  up to 88888!!!
web: baraha-e.site",English,Phishing
Smart,"4 December 2022, 14:09",+63951****836,"10,000 USDT for participating in the Experience Trading Sharing Contest!https://t.co/cyhM4iQRdg",English,Phishing
Smart,"4 December 2022, 12:44",+63985****221,"d! True Baraha!To celebrate the World Cup ,we prepare more events and B0NUS  up to 88888!!!
web: pinasl.life",English,Phishing
Smart,"3 December 2022, 14:47",+63981****943,"Free P5,888 bonus for you!

18M+ Jackpot Prize!
Only 1 Peso to Play!!

Now is win! Good luck!!
http://phboom.com/Wtk",English,Phishing
Smart,"3 December 2022, 05:52",+63919****358,"A) An Exclusive and Prestigious Wack wack Neighborhood, where your wellness to us matters

Soon to Rise Shangrila Wack-wack
1 Bedroom - 85sqm
2 Bedroom - 145sqm
3 Bedroom - 231sqm

B) The Rise Makati Shangrila along Ayala Ave RFO w/P1.2M (19% disc.) 3 units left

www.shangrilasidences.com

Message now",English,Phishing
Smart,"2 December 2022, 10:20",+63985****561,"yLast 3 days, play online BARA-HA,you will have 30% change get XiaoMI/8999P.
web: baraha-p.life",English,Phishing
Smart,"29 November 2022, 21:13",+63985****223,Hi <REAL NAME>! Be among the champions @ Online sabong & slot machine game! Register to acquire your 88kPHP & 100+ FREE Tokens here. 88ksabong.com/SABONGFIGHT,English,Phishing
Smart,"29 November 2022, 15:15",+63981****848,"f!  Last 3 days, play online BARA-HA, you will have 80% change get XiaoMI/8999P.
web: panalot.live
Claim now !",English,Phishing
Smart,"29 November 2022, 09:53",+63981****629,"<REAL NAME>, You don't want to miss out our PLATFORM W+!! Get 68% Live Casino WELCOME BONUS UP TO PHP 6,888! PLAY NOW wpluswin.com/7777FIFA",English,Phishing
Smart,"29 November 2022, 07:08",+63981****598,"ESugal hindi na need pumunta CASlNO, pIay online at manalo araw araw, upto 8888 na welcome B0NUS.
Web: pinas-b.life",Tag-Lish,Phishing
Smart,"28 November 2022, 01:43",+63985****578,"z!  Last 3 days, play online BARA-HA, you will have 80% change get XiaoMI/8999P.
web: baraha-e.site
Claim now !",English,Phishing
Smart,"27 November 2022, 05:45",+63960****001,"Ang Smart ay nagiimbita para kunin ang inyong 1,888 bonus. Ito ay matatanggap sa inyOng Acc0unt. URL: ww3467.pw/3U9RA8v",Tagalog,Phishing
Smart,"27 November 2022, 05:26",+63960****744,"Ang Smart ay nagiimbita para kunin ang inyong 1,888 bonus. Ito ay matatanggap sa inyOng Acc0unt. URL: ww3467.pw/3tZBIuD",Tagalog,Phishing
Smart,"26 November 2022, 14:53",+63951****264,"V!  [Shopee] You are eligible for free P2999/IPHONE/XiaoMI, 55% chance get rewards! 
web: luckypha.live",English,Phishing
Smart,"26 November 2022, 08:31",+63981****822,"[Winner777] Free P300 daily login bonus, claim now. https://winner777.pro/sm",English,Phishing
Smart,"25 November 2022, 17:55",+63951****475,"y!  [Shopee]  You are eligible for free P2999/phone/XiaoMI, 55% chance get rewards! 
web: 11g.life",English,Phishing
TNT,"25 November 2022, 03:55",+63909****665,Kumusta Lodi! Nakapag register kana ba? Mag Register na kung hindi pa! And get your 120% Welcome B0NU$ FREEPLAY! Sali na! appraisalassociatesark.com/Join,Tagalog,Phishing
Smart,"24 November 2022, 11:19",+63949****945,"Lazada: Good benefits, If you play in BARAHA, you will have 50% change get free Iphone14/XiaoMI/1999P.
web: baraha-k.site
Claim now !a",English,Phishing
Smart,"23 November 2022, 13:46",+63951****214,"O.  Thanks for your trust in Smart! you will have P1555 for slot , 
Web: will-s.life",English,Phishing
Smart,"23 November 2022, 04:52",+63985****835,"Go-Lucky ! Baraha prepare P1399 for you, today waiting for you.
UrL: card-c.life

Let's go  .",Unknown,Phishing
TNT,"23 November 2022, 02:01",+63946****379,This is your LucKy day! DAhil JB Day ngayon! Mag $pin at makakuha ng maraming PRIZES! Wag mag alinlangan siguradong bubuhos ng swerte! barbadostelecom.com/Live,Tag-Lish,Phishing
TNT,"22 November 2022, 17:40",+63948****084,"Hi <REAL NAME>,  Experience the highest-winning JILI SLOTS game now on Google APP! Redeem FREE PHP33 and win your Jackpot. Download now at w98club.com/PusoySabong  or search Winner Club at Play Store.

Redeem code : <8833>
(Please go to Deposit/BUY, then enter Redeem code.",English,Phishing
TNT,"22 November 2022, 15:36",+63948****763,"DEAR VIP, <REAL NAME>, Experience the Best Cockfighting here in SBET. Join and Register now to gain up 88kPHP & 100 + Fighting bonuses, and got a chance to win worth million of cash! sbetcorkfight.com/SABONGNOW",English,Phishing
TNT,"22 November 2022, 05:34",+63909****956,Wag ng tumingin pa sa iba. Dahil ang hinahanap m0 at hinahanap ng iba ay nandit0 lang kay playbingo.com.ph/LegitAPP subukan m0 na walang mawawala sayo,Tagalog,Phishing
Smart,"22 November 2022, 02:23",+63981****942,This is your LucKy day! DAhil JB Day ngayon! Mag $pin at makakuha ng maraming PRIZES! Wag mag alinlangan siguradong bubuhos ng swerte! antiviruspedia.net/Live,Tag-Lish,Phishing
Smart,"21 November 2022, 08:13",+63969****200,Binabati kita! Mag-log in sa Lodi646 para makuha ang iyong lucky random bonus!   http://bet03.fan,Tag-Lish,Phishing
Smart,"21 November 2022, 06:19",+63981****997,"GCash. Bet... GCash. Bet! Get FREE P1,000,000 bonus for GCASHBET! Free link http://phbetpo.shop/rH8",Tag-Lish,Phishing
TNT,"21 November 2022, 03:45",+63912****882,Cold Monday! This is your Lucky Day! DAhil nandit0 na si apkgametop.com/LivePH na laging nag bibigay ng premyo at B0nu$! Kaya Try m0 na dito! The Be$st dito.,Tagalog,Phishing
Smart,"20 November 2022, 05:01",+63981****845,"Sugal hindi na need pumunta CAS1NO, pIay online at manalo araw araw, upto 8888 na welcome bonus, 24 hours cash in/out.
Web: game-j.life",Tag-Lish,Phishing
TNT,"19 November 2022, 14:08",+63909****694,Maglaro na at kolektahin ang mga Promotion Bonus na naghihintay sayo at ang mega jackpot x10 - x100 B3T! halina't mag laro ngayon dito! apkgametop.com/LivePH,Tagalog,Phishing
TNT,"19 November 2022, 11:26",+63910****721,"Current users will send 10,000 USDT to experience the transaction gold.Google play or APP store search for mybitglobal to download apps",English,Phishing
TNT,"19 November 2022, 03:40",+63912****690,"Napaka ganda ng pasok ng Weekend! Dahil dito kay antiviruspedia.net/Live napaka daming B0nu$ naghihintay sayo, hindi lang yan dahil chance mo pang maging VIP!",Tagalog,Phishing
TNT,"19 November 2022, 00:39",+63909****355,Happy Weekend! Magrelax at Mag-Enjoy kasama ang pamilya! May Special Register B0NUS 8p CA$H Prize and chance to win of Golden Egg Draw! knetww.com/LiveAPP,Tag-Lish,Phishing
Smart,"18 November 2022, 19:10",+63981****939,Wag na masyadong mapakapagod dahil friday na! Isa sa pinaka the BE$T na gawin mamaya ay ang mag Enjoy dito! apkgametop.com/LivePH See you later my friend!,Tag-Lish,Phishing
Smart,"18 November 2022, 15:26",+63985****042,"Sugal hindi na need pumunta CAS1NO, pIay online at manalo araw araw, upto 8888 na welcome bonus, 24 hours cash in/out.
Web: win-m.life",Tag-Lish,Phishing
TNT,"18 November 2022, 01:29",+63909****826,"Hottest News! Join JB Day, Make it your day! Spin your luck here! Sign up now and get your Golden Egg! and we have Daily Deposit Bonus! antiviruspedia.net/Live",English,Phishing
Smart,"15 November 2022, 06:13",+63960****168,"Welcome ! your have P1222 for S!ot , 
Web: will-j.life
Good Luck!x",English,Phishing
Smart,"15 November 2022, 02:28",+63960****401,"Welcome ! your have P1222 for S!ot , 
Web: great-s.life
Good Luck!U",English,Phishing
TNT,"14 November 2022, 00:07",+63950****934,"<REAL NAME>! Today, you can win the iphone14PROMAX while earning a ton of cash prizes in W+. You can receive a 7777 Sign-up Bonus. click now! wp8luck.com/8888WIN",English,Phishing
TNT,"13 November 2022, 23:03",+63946****113,"DEAR VIP <REAL NAME>, No. 1 Online Sabong Site here in SBET!

Register now and Play Cockfighting and Slot Game Machine! You can claim your 100 FREE BET CREDIT and Win 88k Cash Prizes! here in sbet7now.com/SABONGNOW",English,Phishing
Smart,"12 November 2022, 14:33",+63981****852,"My god, at least 999P rewards waiting for you

UrI: pinaswin,com

Best Ba,raha  .r",English,Phishing
Smart,"12 November 2022, 14:02",+63960****373,"Welcome ! your have P1222 for S!ot , 
Web: 11y.life     
Good Luck!C",English,Phishing
Smart,"20 May 2022, 06:38",+63981****423,"Tropa! Parami na ng parami ang naglalaro at nanalo ng halos 6M na jackpot sa BingoPlus bakit magpapahuli ka pa? Register na, FREE ko na 40P mo.",Tagalog,Phishing
Unknown,"23 January 2022, 06:03",GLOBE,"Huwag mag-pascam sa mga fake GCash text messages! Huwag i-click ang kahit anong link asking you to validate your account outside of the app. Hindi dapat i-share ang iyong MPIN or OTP kung hindi gamit ang GCash app. Para safe mula sa scams, #GCheckMuna!",Tag-Lish,Phishing
Smart,"12 May 2020, 06:17",+63951****525,"iho/iha nag ka mali ata ako ng pasa load. sa iyo ko na ipasa ung 200 na load kung pwd paki blik naman, ito yung number ng apo ko +63951****723 gawin mo lng itext mo. +63951****723 200 isend mo sa 808. replayan mo ng YES ang susunod na mensahe.Salamat nak pasensya na sa abala, pg palain ka sana",Tagalog,Phishing
Smart,"12 May 2020, 06:04",+63951****525,"808

1/2 12-May 12:28: P200 has been transferred from +63951****723 to Your Mobile Account.
Ref#290186706800",English,Phishing
Smart,"2 February 2020, 06:09",+63939****679,"The Rise Makati along Ayala-Ave
Bnew-1BR Starts @5.8M by Shangri-La

The Only ""Premium Grade Office Tower for sale in Ortigas CBD"" along ADB AVE
5units left for 58K/month over 68mos w/0% interest

High-end Residential Tower in Ortigas Center
23-35K ONLY/mo.

Send name&email for details.Message now!",English,Phishing
Globe,"11 October 2019, 08:53",+63997****820,"Hiring for German Sheperds in Taguig - Document Analyst w/ related exp, shifting, 75-85K; & Billing Analyst w/ knowledge in SAP Billing Suite is a plus, Midshift, 60-75K; Written & spoken proficiency in the German & English. kimphil28@gmail.com",English,Phishing
Globe,"11 October 2019, 08:53",+63997****820,"Hiring for German Speakers in Taguig - Document Analyst w/ related exp, shifting, 75-85K; & Billing Analyst w/ knowledge in SAP Billing Suite is a plus, Midshift, 60-75K; Written & spoken proficiency in the German & English. kimphil28@gmail.com",English,Phishing
Smart,"1 October 2019, 02:29",+63949****611,"Good Day!This Is MS.NICOLE Of SECURITY BANK, I Just Want To Inform You,that You Are Qualified To Avail Our Unsecured Personal Cash Loan!You Can Loan 100K Up To 5M,depending On Your Monthly Income.No Collateral,No Hidden Charges.2-3 Banking Days Processing!Pls.Reply Yes,your Name And Your Contact # To Expedite Your Loan.
Thank you so much",English,Phishing
Smart,"17 September 2019, 09:20",+63947****321,"Be the FIRST to live in Capitol Commons

The Royalton

> 103sqm 2BR w/ parking
> 12% Promo Discount = Save and Earn around P2.5M! (Extended only until Sep. 30!)
> Only at 179K/sqm! The most affordable luxury condo in Capitol Commons
> 6 units a floor

For details pls reply with your name & email or visit us here www.AtOrtigas.com thank you!

+63917****188",English,Phishing
Smart,"13 September 2019, 08:21",+63939****821,"Be the FIRST to live in Capitol Commons

The Royalton

> 103sqm 2BR w/ parking
> 12% Promo Discount = Save and Earn around P2.5M! (Extended only until Sep. 30!)
> Only at 179K/sqm! The most affordable luxury condo in Capitol Commons
> 6 units a floor

For details pls reply with your name & email or visit us here www.AtOrtigas.com thank you!

+63917****188",English,Phishing
Sun,"26 August 2019, 03:19",+63933****843,"NEED CASH? Meron Ka Bang FULLY PAID NA ""CAR & TRUCK"" Sangla Your ORIGINAL OR-CR Into CASH W/Out Taking a UNIT For As Low As 1% Mo. Call/Txt: LARRY +63910****343",English,Phishing
TNT,"1 July 2019, 09:44",+63948****253,"p Your aCCouNt is gRanTed P12000 on July 1, apply and get CaSh on the same day! No GuaRanTee, No MeetUp.
Visit: c7.gg/fB2W9
[pHLoAn]",English,Phishing
TNT,"4 June 2019, 05:54",+63910****394,"P12000 waiting for you to apply in our App. No meet up, No guarantee.
Visit: c7.gg/f9hTz
opt: text STOP
[Phloan]",English,Phishing
Smart,"19 May 2019, 08:56",+63939****821,"The Newest Flagship Condo along C5

Maple at Ortigas East
- 31sqm Studio Unit
- No DP Promo, 30% for 5 years at 0% interest, Only 30k/month! 
- Launch Price

Location: Ortigas Ave, Julia Vargas cor C5 
- P60-B Re-Masterplan of Tiendesitas/Frontera Verde 
- a High-End community like Eastwood, Serendra BGC ""The Greenbelt of C5""
- Synergy of Ortigas, Ayala, SM 

For details pls reply with your name/email or visit www.atortigas.com thank you!

+63917****188",English,Phishing
Smart,"9 May 2019, 10:04",+63949****036,"Lots available at the AlabangWest Village, an exclusive subdivision across Ayala Alabang Village and beside Landers Superstore Alabang:

1) 506 sqm
- central location; near the clubhouse

2) 357 sqm
- near the main gate

3 years installment without interest!

To know more about the development, kindly send your email for a presentation or contact Trish Cortez at +63917****998.",English,Phishing
TNT,"1 May 2019, 11:40",+63907****081,"12000P waiting for you to apply in our App. No meet up, No guarantee. 
Click in Google play: bit.ly/googleplay_50",English,Phishing
Smart,"5 April 2019, 12:00",+63919****258,"***CONDO/S FOR SALE***  
   
*by Shangri-La/Ayala*  
   
-25-72sq in Makati   
-81-250sq in Wack2/Ortigas   
-Resale Units save up to 8M  
-Good for Investment,Rentals,Selling,End Use   
   
W/ PROMOTERMS & NO DP  
This is the RIGHT time to Invest  
   
Reply with name & email for more cmplte infos",English,Phishing
TNT,"10 March 2019, 15:30",+63948****958,"[UPESo] you are granTed 12000 peSo creDit on Mar 10. ComPlete Your File and apply. Get it In 12 hours. 
Visit: bit.ly/upeso_googlePlay
opt-out:msg ""NO""",English,Phishing
TNT,"2 March 2019, 08:20",+63910****152,"[peSoLoan]You Are Granted 8000 PeSo CreDit on Mar 2. Complete your file and apply. Get it in 12 hours. No meetup
Visit: bit.ly/googleplay_09
opt-out:msg NO",English,Phishing
Smart,"12 February 2019, 05:28",+63999****681,"Lots available at the AlabangWest Village, an exclusive subdivision across Ayala Alabang Village and beside Landers Superstore Alabang:

1) 506 sqm
- central location; near the clubhouse

2) 297 sqm
- perfect rectangular cut; near the clubhouse

3 years installment without interest!

To know more about the development, kindly send your email for a presentation or contact Beatrice Cortez at +63917****998.",English,Phishing
Smart,"14 January 2019, 09:11",+63998****809,"The Albany by Megaworld will be the 1st condo in BGC that will be SMART HOME equipped! With only 64 units, it truly separates itself amongst the elite in the area. 

Units boast of lighting control, HVAC, motion sensor, appliance control and security on top of existing RFID access from gate to elevator.

Units and parking:
2BR (123 sqm) - P35M
3BR (134 sqm) - P38M
Penthouse (349 sqm) - P99M

*Maple Grove Commercial Lots @ Php 57k/sqm only!

Call ANDREW at +63917****689",English,Phishing
TNT,"9 January 2019, 05:54",+63938****234,"[PondoPeso]You are granted P40000 Credit on Jan 9. Complete your profile and apply. Get cash in 12 hours.
Visit: bit.ly/Googleplay_Pondopeso
opt-out:text NO",English,Phishing
TNT,"3 December 2018, 02:51",+63938****609,"[CashLending]You are granted P5000 Credit at Dec 3. Complete your profile and apply. Get cash in 12 hours. No Guarantee.
Visit:bit.ly/Googleplay_CashLending",English,Phishing
Sun,"9 November 2018, 01:33",+63933****757,"Are you into Properties in BGC, MAKATI, MOA, SAN JUAN, BINONDO & PASAY AREA?

Lease to Own Properties available in Makati.

Just reply with your name and email address for quotation.
Many thanks!",English,Phishing
Sun,"9 November 2018, 01:33",+63933****757,"Are you into Properties in BGC, MAKATI, MOA, SAN JUAN, BINONDO & PASAY AREA?

Lease to Own Properties available in Makati.

Just reply with your name and email address for quotation.
Many thanks!",English,Phishing
Smart,"2 November 2018, 05:22",+63947****328,"A Modern Ortigas

> P50-B redevelopment of Ortigas East formerly Tiendesitas ""The Greenbelt of C5""
> High End Community like Serendra BGC
> Townhouse, Condo, Office for Sale 
> Condotel (HII) 
> Developed by Ortigas in partnership w/ Ayala

For details pls reply w/ your Name & Email

Harry 
+63917****188",English,Phishing
Smart,"2 November 2018, 05:22",+63947****328,"A Modern Ortigas

> P50-B redevelopment of Ortigas East formerly Tiendesitas ""The Greenbelt of C5""
> High End Community like Serendra BGC
> Townhouse, Condo, Office for Sale 
> Condotel (HII) 
> Developed by Ortigas in partnership w/ Ayala

For details pls reply w/ your Name & Email

Harry 
+63917****188",English,Phishing
Smart,"9 October 2018, 03:49",+63908****673,"*Pre-selling OFFICE SPACE for sale
*Condotel for Sale.

*Ortigas & Co. projects in partnership w/ Ayala
3-22% DISCOUNT promo!
Only 145-165K per sqm only!
High-end Condo & high-end community

New project w/ launch very soon in Ortigas East ""Tiendesitas"" 50B redevelopment Plan

SMS email address for details.",English,Phishing
Smart,"9 October 2018, 03:49",+63908****673,"*Pre-selling OFFICE SPACE for sale
*Condotel for Sale.

*Ortigas & Co. projects in partnership w/ Ayala
3-22% DISCOUNT promo!
Only 145-165K per sqm only!
High-end Condo & high-end community

New project w/ launch very soon in Ortigas East ""Tiendesitas"" 50B redevelopment Plan

SMS email address for details.",English,Phishing
Smart,"25 September 2018, 08:36",+63918****279,"The Biggest redevelopment along C5 in now ongoing! 16 hectares mix-used master planned community by ""Ortigas & Company in Synergy with Ayala Land"", neighboring well-knowned communities like Valle Verde will soon cater your needs.

The 1st residential tower within this community will soon be up for grabs. Be part of the this luxurious community at an affordable price.

For inquiries, kindly reply with your name and email address.",English,Phishing
Smart,"25 September 2018, 08:36",+63918****279,"The Biggest redevelopment along C5 in now ongoing! 16 hectares mix-used master planned community by ""Ortigas & Company in Synergy with Ayala Land"", neighboring well-knowned communities like Valle Verde will soon cater your needs.

The 1st residential tower within this community will soon be up for grabs. Be part of the this luxurious community at an affordable price.

For inquiries, kindly reply with your name and email address.",English,Phishing
Smart,"6 August 2018, 15:15",+63998****809,"Megaworld's Newly launched Pre-selling Prime Commercial Lots!

Maple Grove is an integrated CBD township in the fast emerging Gen Tri. Cavite spanning 140 hectares.

Curated cuts of 407 to 1,000 sqm (with option to combine)

- Extensive road network
- Ready captive market
- Easily accessible via Daang Hari, CAVITEX, CALAX and Governor's Drive

Starts at only Php 53K/sqm! First Come, First Serve.

Watch how progress unfolds!

For inquiries, contact ANDREW at: +63917****689",English,Phishing
Smart,"25 May 2018, 00:49",+63999****681,"Introducing the latest 140-hectare ""green city"" business district & township development in the South, the MAPLE GROVE.

COMMERCIAL LOTS are up for sale at this budding Makati-inspired business district in General Trias, Cavite - only 20 minutes away from Mall of Asia and Entertainment City via CAVITEX.

Lots from 439 to 1,750 sqm are available. Office buildings, business hotels, medical facilities, etc. may be built on these lots.

Avail now at pre-selling prices and be one of the few owners of commercial lots at the FUTURE CENTRAL BUSINESS DISTRICT this country's biggest developers are developing.

For a presentation on the project, please contact our sales manager, Ms. Beatrice, at +63917****998.

Megaworld Corp.",English,Phishing
Smart,"24 May 2018, 04:56",+63908****325,"RESALE OFFICE and CONDO UNITS VERY MUCH LOWER THAN MARKET PRICE!

- Ortigas, Makati, MOA Area
- 25-150 sq.m available
- Enjoy big discounts
- Assume balance 0% interest

SMS for inquiries - Thank you",English,Phishing
Smart,"8 May 2018, 01:46",+63920****951,"Shangri-La Updates: RISEmakati

-One-of-a-kind residential & commercial development
-Premier outstanding amenities
-Prices start at 5.2M

Pls. reply w/ your name & email add for more details

Contact Us:
info@shangrilapropertiesinc.com

www.shangrilapropertiesinc.com/rise-makati",English,Phishing
Sun,"6 May 2018, 04:37",+63933****856,"Now Available:
""INSTANTLY AGELESS""
Effective and proven to erase eyebags and wrinkles in 2 minutes.
Made in USA.
If interested to buy, please reply.",English,Phishing
Smart,"29 April 2018, 02:25",+63998****809,"The LAST pre-selling low-rise condo in BGC is now available in Special Low DP, 0% Int terms.

Experience low density living with private elevator access per unit that promises overwhelming views of Forbes Park and BGC skyline at THE ALBANY. VERY RARE FIND, LIMITED UNITS await you. Choose from spacious 2BR to 3BR units with luxe finishing.

*Very Prime Pre-selling Commercial lots at Maple Grove in Gen Trias. Cavite for Sale!

For inquiries, please contact ANDREW @ +63917****689",English,Phishing
Globe,"25 April 2018, 20:41",+63917****194,"Dine, swim, and get away for a day without having to leave the city at Edsa Shangri-La, Manila's HEAT, The Sunday Side, for Php2,400net per person. Call 6338888",English,Phishing
Globe,"19 April 2018, 11:11",+63965****768,"Co in Makati needs Software Java Developer, Bachelors degree, knowledgeable in JAVA, in design, development & implementation of software applications , kimphil28@gmail.com",English,Phishing
TNT,"22 March 2018, 10:45",+63946****050,"Co in Makati needs Software Java Developer, Bachelors degree, knowledgeable in JAVA, in design, development & implementation of software applications , can start asap, kimphil28@gmail.com",English,Phishing
TNT,"7 March 2018, 06:28",+63907****270,"Co in Makati needs Software Java Developer, knowledgeable in JAVA,  in design, development & implementation of software applications , can start asap, kimphil28@gmail.com",English,Phishing
Smart,"28 February 2018, 10:37",+63920****952,"Shangri-La Updates:

RISEmakati

-One-of-a-kind residential & commercial development
-Premier outstanding amenities
-Prices start at 5M

Inquiries are welcome!

Pls. reply w/ your name & email add for more details

Contact Us:
info@shangrilapropertiesinc.com

www.shangrilapropertiesinc.com/rise-makati",English,Phishing
Globe,"1 February 2018, 20:55",+63917****194,"Celebrate the season of love with a sweet staycation and an intimate dinner for two by the poolside at your urban oasis, Edsa Shangri-La, Manila. Call 633 8888.",English,Phishing
Smart,"24 January 2018, 12:44",+63908****673,"New OFFICE space for sale in Ortigas Avenue near ""The Grove""

For inquiries, please text your email.
Text No to Stop.

Thank you,
Jenn Sam",English,Phishing
Smart,"24 January 2018, 12:44",+63908****673,"New OFFICE space for sale in Ortigas Avenue near ""The Grove""

For inquiries, please text your email.
Text No to Stop.

Thank you,
Jenn Sam",English,Phishing
Smart,"23 January 2018, 04:46",+63998****809,"A new and ""Green"" township will be rising in the South, MAPLE GROVE.

For the first time, Megaworld is offering a chance of a lifetime to acquire the most prime COMMERCIAL LOT(s) in the rapidly developing business district of Gen. Trias Cavite.

Lot sizes range from 440 to 1,000 sqm (with option to combine)

Limited inventory only. Get yours at PRE-SELLING prices TODAY! We are now accepting reservations.

For more details and information, please contact:

Andrew @ ++63917****689",English,Phishing
